品名,1単位g,kcal,P,F,C,根拠
飲むたんぱく質(ココア) 1杯,30,115,22.4,1.6,3.6,実物ラベル(ボディーチェンジャー・2026-08)
スピルリナ 1回分(40粒),8,29,4.6,0.6,1.9,乾燥スピルリナ一般値
グルタミン 1回分,5,20,5.0,0,0,アミノ酸粉末の一般値
低糖質クロワッサン 1個,40,105,4.0,6.0,9.0,市販平均
ガリガリくん(ソーダ) 1本,105,64,0,0,16.5,公称値(2026-08)
あたりめ 10g,10,30,6.9,0.4,0,成分表10353(するめ)より換算
ヤクルト1000 1本,100,63,1.4,0.1,14.1,公称値(2026-08)
メロン 1/8個,100,45,1.0,0.1,10.4,成分表07135(露地メロン)
高菜漬け 小鉢1,30,9,0.6,0.2,1.9,成分表06196(たかな漬)より換算
ささみ缶(水煮) 1缶,70,48,11.0,0.5,0.3,大手公称の平均
オイコス プレーン(無糖) 1個,113,92,12.4,0,5.2,公称値(2026-08)
ザバス ミルクプロテイン 1本,200,102,15.0,0,10.4,公称値(2026-08)
マウントレーニア カフェラッテ 1本,240,148,5.2,8.2,13.6,公称値(2026-08)
ベビースターラーメン ミニ 1袋,21,107,2.2,4.7,14.2,公称値(2026-08)
リポビタンD 1本,100,74,0,0,18.5,公称値(2026-08)
一本満足バー プロテイン 1本,39,183,15.0,8.5,12.1,公称値(チョコ・2026-08)
inバー プロテイン 1本,34,165,15.9,8.4,6.6,公称値(ベイクドチョコ・2026-08)
R-1 ドリンク 1本,112,79,3.4,0.7,15.1,公称値(2026-08)
蒟蒻畑 1個,25,26,0,0,6.5,公称値(ぶどう・2026-08)
ナッシュ弁当 1食(平均),300,354,17.5,21.5,24.7,nosh公式88品の平均(2026-08時点)
チリハンバーグステーキ(ナッシュ) 1食,300,380,16.0,25.6,23.2,nosh menu id=1084
おろしソースのハンバーグ(ナッシュ) 1食,300,300,14.3,16.5,27.4,nosh menu id=772
オニオングリルハンバーグ(ナッシュ) 1食,300,400,17.4,27.0,23.8,nosh menu id=1083
ポルチーニ香る！銀鮭の具沢山クリーム仕立て(ナッシュ) 1食,300,336,21.6,22.5,14.2,nosh menu id=841
ハンバーグと彩り温野菜のデミ(ナッシュ) 1食,300,362,17.0,21.1,27.4,nosh menu id=845
きのことチーズのトマトハンバーグ(ナッシュ) 1食,300,366,19.5,22.2,23.0,nosh menu id=856
たらフライの特製タルタルソース(ナッシュ) 1食,300,418,19.0,26.5,26.8,nosh menu id=861
とろ～り半熟卵のトマトリゾット(ナッシュ) 1食,300,259,10.3,12.1,28.4,nosh menu id=884
懐かしの和風チーズデミカツ(ナッシュ) 1食,300,391,17.7,21.5,35.0,nosh menu id=886
鶏もも肉の炭火焼き〜極〜(ナッシュ) 1食,300,266,17.4,16.6,14.1,nosh menu id=916
たんぱく質チャージ！朝の麹チキン(ナッシュ) 1食,300,381,24.2,23.2,21.0,nosh menu id=941
たっぷり挽肉の麻婆茄子(ナッシュ) 1食,300,363,13.5,24.1,24.6,nosh menu id=964
CoCo壱番屋ハンバーグチーズのビーフカレー(ナッシュ) 1食,300,269,13.1,12.7,27.0,nosh menu id=971
銀鮭のマッシュポテトアヒージョ(ナッシュ) 1食,300,485,17.2,38.0,20.9,nosh menu id=974
よだれ鶏(ナッシュ) 1食,300,458,23.4,31.9,22.0,nosh menu id=977
油淋鶏(ナッシュ) 1食,300,384,23.4,22.0,26.0,nosh menu id=980
スタミナ焼肉・増量(ナッシュ) 1食,300,669,27.0,53.9,26.8,nosh menu id=981
たっぷり挽肉の麻婆茄子・増量(ナッシュ) 1食,300,445,19.1,31.4,23.5,nosh menu id=982
旨だれペッパーチキン(ナッシュ) 1食,300,405,25.8,20.8,30.8,nosh menu id=986
お豆腐仕立ての和風ハンバーグ(ナッシュ) 1食,300,292,14.8,16.1,25.4,nosh menu id=990
チリハンバーグステーキ・増量(ナッシュ) 1食,300,542,25.3,36.1,29.7,nosh menu id=993
オニオングリルハンバーグ・増量(ナッシュ) 1食,300,549,27.5,36.7,28.5,nosh menu id=994
海老クリームハンバーグ(ナッシュ) 1食,300,525,21.2,38.1,25.6,nosh menu id=995
回鍋肉(ナッシュ) 1食,300,397,14.2,29.3,22.4,nosh menu id=996
水餃子のチーズコチュジャン(ナッシュ) 1食,300,334,12.4,17.8,32.6,nosh menu id=1000
鶏もも肉の炭火焼き・増量(ナッシュ) 1食,300,354,21.4,23.1,17.1,nosh menu id=1001
海老満喫！チリディッシュ(ナッシュ) 1食,300,379,24.2,18.6,30.9,nosh menu id=1006
クリームコロッケグラタン(ナッシュ) 1食,300,350,12.0,22.4,27.1,nosh menu id=1008
チキンのトマトチーズがけ(ナッシュ) 1食,300,395,40.5,16.6,24.7,nosh menu id=1009
特製みそカツ(ナッシュ) 1食,300,288,13.9,11.7,34.5,nosh menu id=1016
うなぎの京風柳川仕立て(ナッシュ) 1食,300,300,18.1,17.0,20.0,nosh menu id=1020
あんかけカツとじ(ナッシュ) 1食,300,283,13.5,13.7,28.0,nosh menu id=1026
やさしいクリーミーソースオムレツ(ナッシュ) 1食,300,236,10.4,13.8,20.3,nosh menu id=1031
チャーシュー炒飯(ナッシュ) 1食,300,323,11.6,15.8,34.5,nosh menu id=1032
豪快チキンのビリヤニライス(ナッシュ) 1食,300,459,24.2,25.3,35.6,nosh menu id=1033
ザ・プレミアムハンバーグステーキ(ナッシュ) 1食,300,489,21.9,33.4,25.9,nosh menu id=1037
ぷりっと海老の特製マヨソース(ナッシュ) 1食,300,414,19.1,25.1,28.5,nosh menu id=1042
満腹御膳！具沢山そぼろの揚げ出し豆腐(ナッシュ) 1食,300,291,12.6,14.1,31.1,nosh menu id=1043
食いしん坊のための肉三昧(ナッシュ) 1食,300,565,37.4,41.9,14.0,nosh menu id=1046
ゴロゴロ具沢山高菜チキンピラフ(ナッシュ) 1食,300,281,17.2,9.8,31.4,nosh menu id=1048
旨味胡麻だれと彩り野菜のこんにゃく麺(ナッシュ) 1食,300,169,9.0,6.9,19.8,nosh menu id=1051
半熟卵のたっぷりトマトリゾット(ナッシュ) 1食,300,246,6.5,9.7,34.9,nosh menu id=1055
鴨肉とわさび菜香るお出汁あん(ナッシュ) 1食,300,274,12.2,17.2,21.8,nosh menu id=1058
黒毛和牛のやみつきガーリックソース(ナッシュ) 1食,300,422,13.2,30.1,29.8,nosh menu id=1059
具沢山牛挽肉のデリパスタ(ナッシュ) 1食,300,308,15.8,16.7,26.6,nosh menu id=1060
濃厚デミソースのBIGハンバーグ(ナッシュ) 1食,300,535,30.0,34.9,26.7,nosh menu id=1061
欧風カレーのごちそうハンバーグ(ナッシュ) 1食,300,466,24.3,31.3,23.1,nosh menu id=1062
たらのレモンあん(ナッシュ) 1食,300,271,17.4,12.1,26.1,nosh menu id=1067
バジルのジューシーペッパーチキン(ナッシュ) 1食,300,426,23.4,33.4,10.4,nosh menu id=1068
濃厚タルタル添えチキン南蛮(ナッシュ) 1食,300,422,23.8,25.1,28.6,nosh menu id=1069
特製ソースのやわらかマグロカツ(ナッシュ) 1食,300,345,16.4,17.9,31.6,nosh menu id=1070
CoCo壱番屋スパイシーカレーチキン(ナッシュ) 1食,300,393,24.4,27.0,16.6,nosh menu id=1071
もちもち水餃子の酸辣湯(ナッシュ) 1食,300,223,5.2,10.6,27.4,nosh menu id=1072
揚げじゃがのほくほく肉じゃが(ナッシュ) 1食,300,378,13.5,26.5,24.9,nosh menu id=1074
柚子胡椒香るきのこリゾット(ナッシュ) 1食,300,155,5.5,2.5,30.6,nosh menu id=1075
鶏もも肉のとろみ白湯スープ(ナッシュ) 1食,300,254,17.1,16.0,14.0,nosh menu id=1076
ジューシー豚の洋風オニオンソース(ナッシュ) 1食,300,615,16.4,53.2,19.0,nosh menu id=1077
ベーコンとチーズの濃厚リゾット(ナッシュ) 1食,300,259,11.0,11.4,29.8,nosh menu id=1078
出汁香る牛肉とごぼうの肉吸い(ナッシュ) 1食,300,291,12.0,21.6,15.8,nosh menu id=1079
ゴロゴロ野菜のクラムチャウダー(ナッシュ) 1食,300,217,15.1,9.2,19.7,nosh menu id=1080
鶏つくねと茄子のトマト甘酢あん(ナッシュ) 1食,300,238,12.0,8.7,29.8,nosh menu id=1082
ふっくらうなぎのひつまぶし(ナッシュ) 1食,300,330,19.0,14.2,32.9,nosh menu id=1085
とろけるポテトミートグラタン(ナッシュ) 1食,300,345,16.8,20.9,23.5,nosh menu id=1087
たっぷり野菜の旨辛プルコギ(ナッシュ) 1食,300,384,15.2,29.8,19.3,nosh menu id=1088
ピリ辛トマトソースの豚バラグリル(ナッシュ) 1食,300,473,15.4,35.9,26.6,nosh menu id=1089
黒毛和牛のブラックチーズカレー(ナッシュ) 1食,300,468,13.7,34.1,34.0,nosh menu id=1090
半熟卵とチーズのデミハンバーグ(ナッシュ) 1食,300,370,19.1,21.6,27.6,nosh menu id=1091
シビ辛四川麻婆豆腐(ナッシュ) 1食,300,253,14.1,13.7,19.9,nosh menu id=1092
カレータルタルで楽しむアジフライ(ナッシュ) 1食,300,445,16.6,28.2,33.1,nosh menu id=1093
柔らかチキンの爽やかオニオンソース(ナッシュ) 1食,300,339,14.7,22.3,21.1,nosh menu id=1094
ふっくら鶏もも肉の甘辛てりだれ(ナッシュ) 1食,300,250,20.9,11.7,16.8,nosh menu id=1095
ガーリックトマトのロールキャベツ(ナッシュ) 1食,300,293,10.8,18.0,23.2,nosh menu id=1096
CoCo壱番屋カレーソースとんかつ(ナッシュ) 1食,300,306,13.1,16.5,28.6,nosh menu id=1097
ナッシュチキンー特製トマトソースー(ナッシュ) 1食,300,252,16.2,12.9,19.4,nosh menu id=1098
特選牛ハラミの甘辛みそだれ(ナッシュ) 1食,300,380,16.7,26.4,22.9,nosh menu id=1099
ふっくら白身魚のトマトチーズかけ(ナッシュ) 1食,300,220,18.8,10.8,13.9,nosh menu id=1100
鶏つくねのピリ辛ニンニクみそ(ナッシュ) 1食,300,273,11.5,16.5,20.8,nosh menu id=1101
魚介のごちそうトマトブイヤベース(ナッシュ) 1食,300,281,27.4,11.9,16.0,nosh menu id=1102
鶏もも肉の柚子胡椒焼き(ナッシュ) 1食,300,246,15.7,13.6,16.9,nosh menu id=1103
ガリバタチキンのチーズパスタ(ナッシュ) 1食,300,319,20.0,15.6,25.9,nosh menu id=1104
しっとり豚肉の特製うまみそだれ(ナッシュ) 1食,300,438,14.8,33.5,21.4,nosh menu id=1105
ガーリックトマトのシーフードパスタ(ナッシュ) 1食,300,232,14.7,8.2,26.6,nosh menu id=1106
鯛つみれの生姜あん(ナッシュ) 1食,300,252,13.8,13.4,21.4,nosh menu id=1107
ナッシュチキン-赤味噌だれ-(ナッシュ) 1食,300,330,17.0,14.6,34.6,nosh menu id=1108
フライドフィッシュ(ナッシュ) 1食,300,340,14.6,22.8,20.7,nosh menu id=1109
白身魚の揚げ出し生姜醤油(ナッシュ) 1食,300,257,14.5,12.0,24.5,nosh menu id=1110
たっぷり野菜と鯵の甘酢あん(ナッシュ) 1食,300,307,17.7,13.5,30.0,nosh menu id=1111
厚切りポークのジンジャーソース(ナッシュ) 1食,300,468,25.7,34.5,14.9,nosh menu id=1112
