品名,食品番号,成分表名,1単位g,kcal,P,F,C,100gあたりkcal,備考
ごはん 茶碗1杯,01088,こめ　［水稲めし］　精白米　うるち米,150.0,234,3.8,0.5,55.6,156.0,
ごはん 大盛り1杯,01088,こめ　［水稲めし］　精白米　うるち米,240.0,374,6.0,0.7,89.0,156.0,
ごはん 子ども茶碗1杯,01088,こめ　［水稲めし］　精白米　うるち米,100.0,156,2.5,0.3,37.1,156.0,
玄米ごはん 茶碗1杯,01085,こめ　［水稲めし］　玄米,150.0,228,4.2,1.5,53.4,152.0,
もち麦ごはん 茶碗1杯,01170,おおむぎ　押麦　めし,150.0,177,3.3,0.8,42.8,118.0,
おかゆ 1杯,01093,こめ　［水稲全かゆ］　精白米,250.0,162,2.8,0.2,39.2,65.0,
焼きおにぎり 1個,01112,こめ　［うるち米製品］　焼きおにぎり,90.0,149,2.8,0.3,35.5,166.0,
赤飯 茶碗1杯,01118,こめ　［もち米製品］　赤飯,150.0,279,6.5,0.9,62.9,186.0,
もち 1個,01117,こめ　［もち米製品］　もち,50.0,112,2.0,0.3,25.4,223.0,
食パン(8枚切) 1枚,01026,こむぎ　［パン類］　角形食パン　食パン,45.0,112,4.0,1.8,20.9,248.0,
ロールパン 1個,01034,こむぎ　［パン類］　ロールパン,30.0,93,3.0,2.7,14.6,309.0,
クロワッサン 1個,01035,こむぎ　［パン類］　クロワッサン　リッチタイプ,45.0,197,3.6,12.1,19.8,438.0,
フランスパン 2切れ,01031,こむぎ　［パン類］　フランスパン,50.0,144,4.7,0.7,28.8,289.0,
ベーグル 1個,01148,こむぎ　［パン類］　ベーグル,90.0,243,8.6,1.8,49.1,270.0,
全粒粉パン 1枚,01208,こむぎ　［パン類］　全粒粉パン,60.0,151,4.7,3.4,27.3,251.0,
菓子パン(あんぱん) 1個,15069,＜菓子パン類＞　あんパン　こしあん入り,100.0,267,6.8,3.6,53.5,267.0,
菓子パン(クリームパン) 1個,15070,＜菓子パン類＞　クリームパン,100.0,286,7.9,7.4,48.3,286.0,
菓子パン(メロンパン) 1個,15132,＜菓子パン類＞　メロンパン,100.0,349,8.0,10.5,59.9,349.0,
カレーパン 1個,15127,＜菓子パン類＞　カレーパン　皮及び具,120.0,362,7.9,22.0,38.8,302.0,
シリアル(コーンフレーク) 1食,01137,とうもろこし　コーンフレーク,40.0,152,3.1,0.7,33.4,380.0,
ホットケーキ 2枚,15083,＜ケーキ・ペストリー類＞　ホットケーキ,160.0,405,12.3,8.6,72.5,253.0,
お好み焼き(豚) 1枚,18053,和風料理　その他　お好み焼き,350.0,476,18.2,22.8,53.2,136.0,
チャーハン 1人前,18057,中国料理　菜類　チャーハン,300.0,618,15.0,15.6,99.9,206.0,
エビピラフ 1人前,18014,洋風料理　その他　えびピラフ,300.0,438,9.9,6.9,89.4,146.0,
とんかつ(ロース) 1枚,11276,＜畜肉類＞　ぶた　［大型種肉］　ロース　脂身つき　とんかつ,150.0,644,33.0,53.9,14.7,429.0,
とんかつ(ヒレ) 1人前,11279,＜畜肉類＞　ぶた　［大型種肉］　ヒレ　赤肉　とんかつ,120.0,455,30.1,30.4,17.9,379.0,
ハンバーグ 1個,18050,洋風料理　ハンバーグステーキ類　合いびきハンバーグ,150.0,296,20.1,18.3,15.0,197.0,
豆腐ハンバーグ 1個,18052,洋風料理　ハンバーグステーキ類　豆腐ハンバーグ,150.0,213,14.8,13.8,12.6,142.0,
ローストビーフ 1人前,11104,＜畜肉類＞　うし　［加工品］　ローストビーフ,80.0,152,17.4,9.4,0.7,190.0,
肉じゃが 1人前,18036,和風料理　煮物類　肉じゃが,200.0,156,8.6,2.6,26.0,78.0,
ミートボール 3個,18015,洋風料理　素揚げ類　ミートボール,90.0,179,9.2,11.2,12.1,199.0,
メンチカツ 1個,18022,洋風料理　フライ類　メンチカツ,90.0,246,9.6,16.8,16.8,273.0,
コロッケ(ポテト) 1個,18018,洋風料理　コロッケ類　ポテトコロッケ,80.0,181,4.2,10.1,20.2,226.0,
餃子 1個,18002,中国料理　点心類　ぎょうざ,25.0,52,1.7,2.8,5.6,209.0,
シュウマイ 1個,18012,中国料理　点心類　しゅうまい,25.0,48,2.3,2.3,4.9,191.0,
春巻き 1本,18056,中国料理　点心類　春巻き,60.0,133,3.6,5.1,18.1,221.0,脂質は原表不整合のためエネルギー整合値に補正(8.5/100g)
酢豚 1人前,18047,中国料理　菜類　酢豚,200.0,154,9.2,6.6,15.2,77.0,
麻婆豆腐 1人前,18049,中国料理　菜類　麻婆豆腐,220.0,229,17.2,15.0,8.4,104.0,
ソーセージ 1本,11186,＜畜肉類＞　ぶた　［ソーセージ類］　ウインナーソーセージ　ウインナーソーセージ,20.0,64,2.3,6.1,0.7,319.0,
ベーコン 1枚,11184,＜畜肉類＞　ぶた　［ベーコン類］　ロースベーコン,17.0,34,2.9,2.5,0.5,202.0,
ハム(ロース) 1枚,11176,＜畜肉類＞　ぶた　［ハム類］　ロースハム　ロースハム,15.0,32,2.8,2.2,0.3,211.0,
生ハム 3枚,11181,＜畜肉類＞　ぶた　［ハム類］　生ハム　促成,30.0,73,7.2,5.0,0.1,243.0,
サバの味噌煮 1切れ,10165,＜魚類＞　（さば類）　缶詰　みそ煮,120.0,252,19.6,16.7,7.9,210.0,
ブリの照り焼き 1切れ,10242,＜魚類＞　ぶり　成魚　焼き,90.0,234,23.6,18.4,0.3,260.0,
アジフライ 1枚,10390,＜魚類＞　（あじ類）　まあじ　皮つき　フライ,80.0,216,16.1,14.6,6.3,270.0,
白身魚フライ 1枚,18021,洋風料理　フライ類　白身フライ,80.0,239,7.8,17.4,13.0,299.0,
エビフライ 1本,18020,洋風料理　フライ類　えびフライ,40.0,94,6.4,4.6,8.2,236.0,
カキフライ 1個,10430,＜貝類＞　かき　養殖　フライ,40.0,102,3.0,4.4,13.2,256.0,
エビの天ぷら 1本,10416,＜えび・かに類＞　（えび類）　バナメイえび　養殖　天ぷら,35.0,68,7.0,3.6,2.3,194.0,
マグロ刺身(赤身) 5切れ,10253,＜魚類＞　（まぐろ類）　くろまぐろ　天然　赤身　生,60.0,69,15.8,0.8,0.1,115.0,
サーモン刺身 5切れ,10438,＜魚類＞　（さけ・ます類）　たいせいようさけ　養殖　皮なし　生,60.0,134,11.8,10.2,0.1,223.0,
カツオのたたき 1人前,10086,＜魚類＞　（かつお類）　かつお　春獲り　生,100.0,108,25.8,0.5,0.1,108.0,
しらす(釜揚げ) 大さじ2,10445,＜魚類＞　（いわし類）　しらす　釜揚げしらす,20.0,17,3.5,0.3,0.0,84.0,
ちくわ 1本,10381,＜水産練り製品＞　焼き竹輪,30.0,32,4.0,0.1,4.0,107.0,
かまぼこ 2切れ,10379,＜水産練り製品＞　蒸しかまぼこ,30.0,28,3.6,0.3,2.9,93.0,
カニカマ 1本,10376,＜水産練り製品＞　かに風味かまぼこ,15.0,13,1.8,0.1,1.4,89.0,
さつま揚げ 1枚,10386,＜水産練り製品＞　さつま揚げ,60.0,70,6.8,1.4,7.6,116.0,
はんぺん 1枚,10385,＜水産練り製品＞　はんぺん,100.0,93,9.9,1.0,11.4,93.0,
ツナ缶(水煮) 1缶,10260,＜魚類＞　（まぐろ類）　缶詰　水煮　フレーク　ライト,70.0,49,11.2,0.5,0.1,70.0,
ツナ缶(油漬) 1缶,10263,＜魚類＞　（まぐろ類）　缶詰　油漬　フレーク　ライト,70.0,186,12.4,15.2,0.1,265.0,
イワシ缶(味付) 1缶,10061,＜魚類＞　（いわし類）　缶詰　味付け,100.0,203,20.4,11.9,5.7,203.0,
エビ(ボイル) 5尾,10415,＜えび・かに類＞　（えび類）　バナメイえび　養殖　生,60.0,49,11.8,0.4,0.4,82.0,バナメイえび生
イカ(刺身・焼き) 1人前,10345,＜いか・たこ類＞　（いか類）　するめいか　生,80.0,61,14.3,0.6,0.1,76.0,
タコ(ゆで) 1人前,10362,＜いか・たこ類＞　（たこ類）　まだこ　ゆで,80.0,73,17.4,0.6,0.1,91.0,
ホタテ(刺身・焼き) 3個,10313,＜貝類＞　ほたてがい　貝柱　生,60.0,49,10.1,0.2,2.1,82.0,
牡蠣(生・蒸し) 3個,10292,＜貝類＞　かき　養殖　生,60.0,35,4.1,1.3,2.9,58.0,
うなぎの蒲焼 1串,10070,＜魚類＞　うなぎ　かば焼,100.0,285,23.0,21.0,3.1,285.0,
ゆで卵 1個,12005,鶏卵　全卵　ゆで,50.0,67,6.2,5.2,0.1,134.0,
だし巻き卵 2切れ,12019,鶏卵　たまご焼　だし巻きたまご,80.0,98,8.8,7.4,0.4,123.0,
温泉卵 1個,12004,鶏卵　全卵　生,50.0,71,6.1,5.1,0.2,142.0,生と同値
絹ごし豆腐 100g,04033,だいず　［豆腐・油揚げ類］　絹ごし豆腐,100.0,56,5.3,3.5,2.0,56.0,
厚揚げ(焼き) 1/2枚,04039,だいず　［豆腐・油揚げ類］　生揚げ,100.0,143,10.7,11.3,0.9,143.0,
油揚げ 1枚,04040,だいず　［豆腐・油揚げ類］　油揚げ　生,30.0,113,7.0,10.3,0.1,377.0,
おから(卯の花) 小鉢1,18029,和風料理　煮物類　卯の花いり,80.0,67,3.5,3.3,8.6,84.0,卯の花いり(18群)
豆乳(調製) コップ1杯,04053,だいず　［その他］　豆乳　調製豆乳,200.0,122,6.4,7.2,9.6,61.0,
牛乳 コップ1杯,13003,＜牛乳及び乳製品＞　（液状乳類）　普通牛乳,200.0,122,6.6,7.6,9.6,61.0,
低脂肪乳 コップ1杯,13005,＜牛乳及び乳製品＞　（液状乳類）　加工乳　低脂肪,200.0,84,7.6,2.0,11.0,42.0,
飲むヨーグルト コップ1杯,13027,＜牛乳及び乳製品＞　（発酵乳・乳酸菌飲料）　ヨーグルト　ドリンクタイプ　加糖,180.0,115,5.2,0.9,22.0,64.0,
ヨーグルト(加糖) 1個,13026,＜牛乳及び乳製品＞　（発酵乳・乳酸菌飲料）　ヨーグルト　脱脂加糖,80.0,52,3.4,0.2,9.5,65.0,
カッテージチーズ 大さじ2,13033,＜牛乳及び乳製品＞　（チーズ類）　ナチュラルチーズ　カテージ,30.0,30,4.0,1.4,0.6,99.0,
モッツァレラチーズ 1/2個,13056,＜牛乳及び乳製品＞　（チーズ類）　ナチュラルチーズ　モッツァレラ,50.0,134,9.2,9.9,2.1,269.0,
カマンベールチーズ 1/4個,13034,＜牛乳及び乳製品＞　（チーズ類）　ナチュラルチーズ　カマンベール,25.0,73,4.8,6.2,0.2,291.0,
豚汁 1杯,18028,和風料理　汁物類　とん汁,250.0,65,3.8,3.8,5.0,26.0,
コーンスープ 1杯,18004,洋風料理　スープ類　コーンクリームスープ　粉末タイプ,180.0,765,14.6,24.7,121.3,425.0,
おでん(大根) 1個,06135,（だいこん類）　だいこん　根　皮なし　ゆで,80.0,12,0.4,0.1,3.2,15.0,大根ゆで(つゆ分は誤差)
おでん(卵) 1個,12005,鶏卵　全卵　ゆで,55.0,74,6.9,5.7,0.2,134.0,ゆで卵
おでん(しらたき) 1個,02036,＜でん粉・でん粉製品＞　（でん粉製品）　くずきり　乾,80.0,273,0.2,0.2,70.2,341.0,しらたき
ほうれん草のおひたし 小鉢1,06372,ほうれんそう　葉　冷凍　ゆで,60.0,16,2.2,0.3,2.6,26.0,
いんげんの胡麻和え 小鉢1,18025,和風料理　和え物類　いんげんのごま和え,60.0,46,2.2,2.0,5.5,77.0,
きんぴらごぼう 小鉢1,18033,和風料理　煮物類　きんぴらごぼう,60.0,50,0.8,2.7,6.8,84.0,
ひじきの煮物 小鉢1,18037,和風料理　煮物類　ひじきのいため煮,60.0,45,1.9,2.4,5.9,75.0,
切り干し大根の煮物 小鉢1,18032,和風料理　煮物類　切り干し大根の煮物,60.0,29,1.4,1.5,3.4,48.0,
筑前煮 1人前,18035,和風料理　煮物類　筑前煮,150.0,128,6.6,5.2,15.3,85.0,
ブロッコリーの塩ゆで 小鉢1,06264,ブロッコリー　花序　ゆで,80.0,24,3.1,0.3,4.2,30.0,
冷やしトマト 1人前,06182,（トマト類）　赤色トマト　果実　生,100.0,20,0.7,0.1,4.7,20.0,
キャベツの千切り 付け合わせ1,06283,めキャベツ　結球葉　生,50.0,26,2.9,0.1,5.0,52.0,
浅漬け(きゅうり・白菜) 小鉢1,06235,はくさい　漬物　塩漬,50.0,8,0.8,0.1,1.6,17.0,
ぬか漬け 小鉢1,06068,きゅうり　漬物　ぬかみそ漬,40.0,11,0.6,0.0,2.5,28.0,
たくあん 3切れ,06138,（だいこん類）　漬物　たくあん漬　塩押しだいこん漬,20.0,9,0.1,0.1,2.2,43.0,
もずく酢 1パック,09038,（もずく類）　もずく　塩蔵　塩抜き,70.0,3,0.1,0.1,1.0,4.0,
めかぶ 1パック,09047,わかめ　めかぶわかめ　生,50.0,7,0.5,0.3,1.7,14.0,
ところてん 1パック,09026,てんぐさ　ところてん,150.0,3,0.3,0.0,0.9,2.0,
紅白なます 小鉢1,18027,和風料理　酢の物類　紅白なます,50.0,17,0.3,0.3,3.6,34.0,
白和え 小鉢1,18024,和風料理　和え物類　青菜の白和え,70.0,57,2.9,2.4,7.3,81.0,
青菜の白和え 小鉢1,18024,和風料理　和え物類　青菜の白和え,70.0,57,2.9,2.4,7.3,81.0,
とろろ(長芋すりおろし) 小鉢1,02023,＜いも類＞　（やまのいも類）　ながいも　ながいも　塊根　生,80.0,51,1.8,0.2,11.1,64.0,
焼きいも(中1本) 1本,02008,＜いも類＞　（さつまいも類）　さつまいも　塊根　皮なし　焼き,200.0,302,2.8,0.4,78.0,151.0,皮なし焼きの値
ふかし芋 1人前,02007,＜いも類＞　（さつまいも類）　さつまいも　塊根　皮なし　蒸し,120.0,157,1.4,0.2,38.3,131.0,
フライドポテト 1人前,02065,＜いも類＞　じゃがいも　塊茎　皮つき　フライドポテト　（生を揚げたもの）,120.0,184,3.2,6.7,30.5,153.0,
シチュー(クリーム) 1皿,18045,洋風料理　シチュー類　チキンシチュー,300.0,372,18.6,24.0,23.4,124.0,
ビーフシチュー 1皿,18011,洋風料理　シチュー類　ビーフシチュー,300.0,459,12.3,37.8,21.3,153.0,
チキンナゲット 5個,11292,＜鳥肉類＞　にわとり　［その他］　チキンナゲット,100.0,235,15.5,13.7,14.9,235.0,
カニクリームコロッケ 1個,18043,洋風料理　コロッケ類　カニクリームコロッケ,70.0,178,3.6,12.0,15.4,255.0,
肉まん 1個,15035,＜和生菓子・和半生菓子類＞　まんじゅう　中華まんじゅう　肉まん,110.0,266,11.0,5.6,47.7,242.0,
あんまん 1個,15034,＜和生菓子・和半生菓子類＞　まんじゅう　中華まんじゅう　あんまん　こしあん入り,100.0,273,6.1,5.6,51.3,273.0,
冷凍うどん(素うどん) 1玉,01039,こむぎ　［うどん・そうめん類］　うどん　ゆで,200.0,190,5.2,0.8,43.2,95.0,
チーズ(6P) 1個,13040,＜牛乳及び乳製品＞　（チーズ類）　プロセスチーズ,15.0,47,3.4,3.9,0.2,313.0,
するめ・あたりめ 1つかみ,10345,＜いか・たこ類＞　（いか類）　するめいか　生,20.0,15,3.6,0.2,0.0,76.0,
ビーフジャーキー 1袋,11107,＜畜肉類＞　うし　［加工品］　ビーフジャーキー,30.0,91,16.4,2.3,1.9,304.0,
干し芋 1袋,02009,＜いも類＞　（さつまいも類）　さつまいも　蒸し切干,60.0,166,1.9,0.4,43.1,277.0,
ショートケーキ 1切れ,15170,＜ケーキ・ペストリー類＞　ショートケーキ　いちご,110.0,345,7.6,16.2,47.0,314.0,
チーズケーキ 1切れ,15134,＜ケーキ・ペストリー類＞　チーズケーキ　ベイクドチーズケーキ,100.0,299,8.5,21.2,23.3,299.0,ベイクド
シュークリーム 1個,15073,＜ケーキ・ペストリー類＞　シュークリーム,70.0,148,4.2,8.0,17.9,211.0,
エクレア 1個,15073,＜ケーキ・ペストリー類＞　シュークリーム,80.0,169,4.8,9.1,20.4,211.0,シュークリームの値で代用
プリン 1個,15086,＜デザート菓子類＞　カスタードプリン,90.0,104,5.1,5.0,12.6,116.0,
ゼリー(果物) 1個,15087,＜デザート菓子類＞　ゼリー　オレンジ,150.0,120,3.1,0.1,29.7,80.0,
アイスクリーム(バニラ) 1個,13043,＜牛乳及び乳製品＞　（アイスクリーム類）　アイスクリーム　普通脂肪,110.0,196,4.3,8.8,25.5,178.0,
ソフトクリーム 1個,13047,＜牛乳及び乳製品＞　（アイスクリーム類）　ソフトクリーム,120.0,175,4.6,6.7,24.1,146.0,
大福 1個,15023,＜和生菓子・和半生菓子類＞　大福もち　こしあん入り,70.0,156,3.2,0.3,37.2,223.0,
どら焼き 1個,15156,＜和生菓子・和半生菓子類＞　どら焼　こしあん入り,70.0,197,4.6,2.2,40.9,282.0,
たい焼き 1個,15005,＜和生菓子・和半生菓子類＞　今川焼　こしあん入り,100.0,217,4.5,1.1,48.3,217.0,今川焼の値で代用
みたらし団子 1本,15019,＜和生菓子・和半生菓子類＞　くし団子　みたらし,60.0,116,1.9,0.2,26.9,194.0,
カステラ 1切れ,15009,＜和生菓子・和半生菓子類＞　カステラ,50.0,156,3.5,2.5,30.9,313.0,
ようかん 1切れ,15038,＜和生菓子・和半生菓子類＞　ようかん　練りようかん,50.0,144,1.8,0.1,35.0,289.0,
クッキー 1枚,15098,＜ビスケット類＞　ビスケット　ソフトビスケット,10.0,51,0.6,2.8,6.3,512.0,
チョコレート(板チョコ) 1かけ,15116,＜チョコレート類＞　ミルクチョコレート,5.0,28,0.3,1.7,2.8,550.0,
ポテトチップス 1袋(60g),15103,＜スナック類＞　ポテトチップス　ポテトチップス,60.0,325,2.8,21.1,32.8,541.0,
ポテトチップス 小袋(28g),15103,＜スナック類＞　ポテトチップス　ポテトチップス,28.0,151,1.3,9.9,15.3,541.0,
せんべい 1枚,15060,＜和干菓子類＞　米菓　しょうゆせんべい,15.0,55,1.1,0.1,12.6,368.0,
ポップコーン 1袋,01136,とうもろこし　ポップコーン,50.0,236,5.1,11.4,29.8,472.0,
ドーナツ(オールドファッション) 1個,15078,＜ケーキ・ペストリー類＞　ドーナッツ　ケーキドーナッツ　プレーン,60.0,220,4.3,7.0,36.1,367.0,
ワッフル 1個,15084,＜ケーキ・ペストリー類＞　ワッフル　カスタードクリーム入り,60.0,145,4.4,4.7,22.9,241.0,
みかん 1個,07027,（かんきつ類）　うんしゅうみかん　じょうのう　普通　生,80.0,39,0.6,0.1,9.6,49.0,
りんご 1/2個,07176,りんご　皮つき　生,125.0,70,0.2,0.4,20.2,56.0,皮つき(ティア推奨)
キウイ 1個,07054,キウイフルーツ　緑肉種　生,85.0,43,0.8,0.2,11.4,51.0,
ぶどう(シャインマスカット等) 10粒,07178,ぶどう　皮つき　生,100.0,69,0.6,0.2,16.9,69.0,皮つき
いちご 5粒,07012,いちご　生,75.0,23,0.7,0.1,6.4,31.0,
梨 1/2個,07088,（なし類）　日本なし　生,130.0,49,0.4,0.1,14.7,38.0,
桃 1個,07136,（もも類）　もも　白肉種　生,170.0,65,1.0,0.2,17.3,38.0,
柿 1個,07049,かき　甘がき　生,150.0,94,0.6,0.3,23.9,63.0,
スイカ 1切れ,07077,すいか　赤肉種　生,200.0,82,1.2,0.2,19.0,41.0,
パイナップル 3切れ,07097,パインアップル　生,90.0,49,0.5,0.1,12.3,54.0,
ドライフルーツ(小袋) 1袋,07117,ぶどう　干しぶどう,30.0,97,0.8,0.1,24.1,324.0,干しぶどうで代表
水・お茶 0kcal,(手動),0kcal,200.0,0,0.0,0.0,0.0,0,0kcal
ブラックコーヒー 1杯,16045,＜コーヒー・ココア類＞　コーヒー　浸出液,150.0,6,0.3,0.0,1.1,4.0,
紅茶(無糖) 1杯,16044,＜茶類＞　（発酵茶類）　紅茶　浸出液,150.0,2,0.1,0.0,0.1,1.0,
オレンジジュース コップ1杯,07043,（かんきつ類）　オレンジ　バレンシア　果実飲料　濃縮還元ジュース,200.0,92,1.4,0.2,21.4,46.0,
りんごジュース コップ1杯,07150,りんご　果実飲料　濃縮還元ジュース,200.0,94,0.2,0.4,22.8,47.0,
コーラ 1本(500ml),16053,＜その他＞　（炭酸飲料類）　コーラ,500.0,230,0.5,0.0,57.0,46.0,
サイダー 1本(500ml),16054,＜その他＞　（炭酸飲料類）　サイダー,500.0,205,0.0,0.0,51.0,41.0,
甘酒 1杯,16050,＜その他＞　甘酒,150.0,114,2.5,0.1,27.4,76.0,
ビール 中ジョッキ1杯,16006,＜アルコール飲料類＞　（醸造酒類）　ビール　淡色,435.0,170,1.3,0.0,13.5,39.0,
ビール 缶(350ml),16006,＜アルコール飲料類＞　（醸造酒類）　ビール　淡色,350.0,136,1.1,0.0,10.8,39.0,淡色
発泡酒 缶(350ml),16009,＜アルコール飲料類＞　（醸造酒類）　発泡酒,350.0,154,0.3,0.0,12.6,44.0,
日本酒 1合,16001,＜アルコール飲料類＞　（醸造酒類）　清酒　普通酒,180.0,193,0.7,0.0,8.8,107.0,
焼酎(ロック) 1杯,16015,＜アルコール飲料類＞　（蒸留酒類）　しょうちゅう　単式蒸留しょうちゅう,60.0,86,0.0,0.0,0.0,144.0,
ウイスキー(シングル) 1杯,16016,＜アルコール飲料類＞　（蒸留酒類）　ウイスキー,30.0,70,0.0,0.0,0.0,234.0,
ワイン(赤) グラス1杯,16011,＜アルコール飲料類＞　（醸造酒類）　ぶどう酒　赤,120.0,82,0.2,0.0,1.8,68.0,
ワイン(白) グラス1杯,16010,＜アルコール飲料類＞　（醸造酒類）　ぶどう酒　白,120.0,90,0.1,0.0,2.4,75.0,
梅酒(ロック) 1杯,16022,＜アルコール飲料類＞　（混成酒類）　梅酒,60.0,93,0.1,0.0,12.4,155.0,
マヨネーズ 大さじ1,17042,＜調味料類＞　（ドレッシング類）　半固体状ドレッシング　マヨネーズ　全卵型,12.0,80,0.2,9.1,0.4,668.0,
ケチャップ 大さじ1,17036,＜調味料類＞　（トマト加工品類）　トマトケチャップ,15.0,17,0.2,0.0,4.1,116.0,
和風ドレッシング 大さじ1,17116,＜調味料類＞　（ドレッシング類）　分離液状ドレッシング　和風ドレッシング　分離液状,15.0,27,0.3,2.2,1.4,179.0,
ごまドレッシング 大さじ1,17117,＜調味料類＞　（ドレッシング類）　乳化液状ドレッシング　ごまドレッシング,15.0,60,0.4,5.7,2.2,399.0,
焼肉のタレ 大さじ1,17113,＜調味料類＞　（調味ソース類）　焼き肉のたれ,18.0,30,0.8,0.4,5.8,164.0,
ポン酢 大さじ1,17110,＜調味料類＞　（調味ソース類）　ぽん酢しょうゆ,18.0,9,0.6,0.0,1.3,49.0,
めんつゆ(ストレート) 100ml,17029,＜調味料類＞　（だし類）　めんつゆ　ストレート,100.0,44,2.2,0.0,8.7,44.0,
ソース(中濃) 大さじ1,17002,＜調味料類＞　（ウスターソース類）　中濃ソース,18.0,23,0.1,0.0,5.6,129.0,
バター 10g,14017,（バター類）　無発酵バター　有塩バター,10.0,70,0.1,8.1,0.0,700.0,
ジャム(いちご) 大さじ1,07013,いちご　ジャム　高糖度,20.0,50,0.1,0.0,12.7,250.0,
ピーナッツバター 大さじ1,05037,らっかせい　ピーナッツバター,17.0,102,3.5,8.6,4.2,599.0,
粉チーズ 大さじ1,13038,＜牛乳及び乳製品＞　（チーズ類）　ナチュラルチーズ　パルメザン,6.0,27,2.6,1.8,0.1,445.0,
すりごま 大さじ1,05018,ごま　いり,9.0,54,1.8,4.9,1.7,605.0,
ナン 1枚,01037,こむぎ　［パン類］　ナン,80.0,206,8.2,2.7,38.1,257.0,
ライ麦パン 1枚,01032,こむぎ　［パン類］　ライ麦パン,60.0,151,5.0,1.3,31.6,252.0,
八宝菜 1人前,18048,中国料理　菜類　八宝菜,220.0,141,12.8,7.0,8.4,64.0,
がんもどきの煮物 1個,04041,だいず　［豆腐・油揚げ類］　がんもどき,80.0,178,12.2,14.2,1.3,223.0,
明太子 1腹,10204,＜魚類＞　（たら類）　すけとうだら　からしめんたいこ,30.0,36,6.3,1.0,0.9,121.0,
卵白 1個分,12014,鶏卵　卵白　生,35.0,15,3.5,0.0,0.2,44.0,
鶏もも(皮なし) 100g,11224,＜鳥肉類＞　にわとり　［若どり・主品目］　もも　皮なし　生,100.0,113,19.0,5.0,0.0,113.0,
鶏もも(皮つき) 100g,11221,＜鳥肉類＞　にわとり　［若どり・主品目］　もも　皮つき　生,100.0,190,16.6,14.2,0.0,190.0,
鶏ひき肉 100g,11230,＜鳥肉類＞　にわとり　［二次品目］　ひき肉　生,100.0,171,17.5,12.0,0.0,171.0,
豚ひき肉 100g,11163,＜畜肉類＞　ぶた　［ひき肉］　生,100.0,209,17.7,17.2,0.1,209.0,
牛ひき肉 100g,11089,＜畜肉類＞　うし　［ひき肉］　生,100.0,251,17.1,21.1,0.3,251.0,
合いびき肉 100g,(手動),牛ひき+豚ひきの平均,100.0,230,17.4,19.2,0.2,230,牛ひき+豚ひきの平均
豚バラ 100g,11129,＜畜肉類＞　ぶた　［大型種肉］　ばら　脂身つき　生,100.0,366,14.4,35.4,0.1,366.0,
豚ロース 100g,11123,＜畜肉類＞　ぶた　［大型種肉］　ロース　脂身つき　生,100.0,248,19.3,19.2,0.2,248.0,
牛肩ロース 100g,11034,＜畜肉類＞　うし　［乳用肥育牛肉］　かたロース　脂身つき　生,100.0,295,16.2,26.4,0.2,295.0,
きゅうり 1本,06065,きゅうり　果実　生,100.0,13,1.0,0.1,3.0,13.0,
レタス 100g,06312,（レタス類）　レタス　土耕栽培　結球葉　生,100.0,11,0.6,0.1,2.8,11.0,
大根 100g,06134,（だいこん類）　だいこん　根　皮なし　生,100.0,15,0.4,0.1,4.1,15.0,
白菜 100g,06233,はくさい　結球葉　生,100.0,13,0.8,0.1,3.2,13.0,
もやし 1袋,06291,（もやし類）　りょくとうもやし　生,200.0,30,3.6,0.2,4.8,15.0,緑豆もやし
長ねぎ 1本,06226,（ねぎ類）　根深ねぎ　葉　軟白　生,60.0,21,0.8,0.1,5.0,35.0,
かぼちゃ 100g,06048,（かぼちゃ類）　西洋かぼちゃ　果実　生,100.0,78,1.9,0.3,20.6,78.0,
れんこん 100g,06317,れんこん　根茎　生,100.0,66,1.9,0.1,15.5,66.0,
長芋 100g,02023,＜いも類＞　（やまのいも類）　ながいも　ながいも　塊根　生,100.0,64,2.2,0.3,13.9,64.0,
おからパウダー 大さじ2,04089,だいず　［その他］　おから　乾燥,12.0,40,2.8,1.6,6.3,333.0,
全粒粉パスタ(ゆで) 1人前,01064,こむぎ　［マカロニ・スパゲッティ類］　マカロニ・スパゲッティ　ゆで,220.0,330,12.8,2.0,70.8,150.0,通常パスタゆで(全粒粉は繊維増・PFC近似)
冷凍フルーツミックス 1人前,07124,ブルーベリー　生,100.0,48,0.5,0.1,12.9,48.0,ブルーベリー等の代表値
甘栗 1袋,05013,（くり類）　中国ぐり　甘ぐり,80.0,166,3.9,0.7,38.8,207.0,
炭酸水(無糖) 1本,(手動),0kcal,500.0,0,0.0,0.0,0.0,0,0kcal
トマトジュース(無塩) 1本,06186,（トマト類）　加工品　ミックスジュース　食塩添加,200.0,36,1.2,0.0,8.6,18.0,
もち麦100%飯 茶碗1杯,01170,おおむぎ　押麦　めし,150.0,177,3.3,0.8,42.8,118.0,
MCTオイル 小さじ1,(手動),中鎖脂肪酸油100%,4.0,36,0.0,4.0,0.0,900,中鎖脂肪酸油100%
ヨーグルト(プレーン無糖) 100g,13025,＜牛乳及び乳製品＞　（発酵乳・乳酸菌飲料）　ヨーグルト　全脂無糖,100.0,56,3.6,3.0,4.9,56.0,
ヨーグルト(低脂肪無糖) 100g,13053,＜牛乳及び乳製品＞　（発酵乳・乳酸菌飲料）　ヨーグルト　低脂肪無糖,100.0,40,3.7,1.0,5.2,40.0,
豆乳ヨーグルト 100g,04052,だいず　［その他］　豆乳　豆乳,100.0,43,3.6,2.8,2.3,43.0,豆乳ベース(市販品確認推奨)
鶏むね(皮つき) 100g,11219,＜鳥肉類＞　にわとり　［若どり・主品目］　むね　皮つき　生,100.0,133,21.3,5.9,0.1,133.0,
鶏むねひき肉 100g,11230,＜鳥肉類＞　にわとり　［二次品目］　ひき肉　生,100.0,171,17.5,12.0,0.0,171.0,鶏ひき肉の値で代用
ごはん どんぶり1杯,01088,こめ　［水稲めし］　精白米　うるち米,300.0,468,7.5,0.9,111.3,156.0,
サバ味噌煮缶 1缶,10165,＜魚類＞　（さば類）　缶詰　みそ煮,190.0,399,31.0,26.4,12.5,210.0,
充填豆腐(3連) 1個,04035,だいず　［豆腐・油揚げ類］　充てん豆腐,150.0,84,7.5,4.7,3.8,56.0,
くるみ 1つかみ,05014,くるみ　いり,15.0,107,2.2,10.3,1.8,713.0,
カシューナッツ 1つかみ,05005,カシューナッツ　フライ　味付け,15.0,89,3.0,7.1,4.0,591.0,
十割そば(ゆで) 1人前,01128,そば　そば　ゆで,300.0,390,14.4,3.0,78.0,130.0,そばゆでの値(十割の区別なし)
ゆであずき(あんこ) 大さじ1,04002,あずき　全粒　ゆで,20.0,25,1.7,0.2,5.1,124.0,
キヌア(炊) 100g,(手動),玄穀01167を炊飯換算(×0.385),100.0,140,4.7,1.2,24.7,140,玄穀01167を炊飯換算(×0.385)
紫芋(冷) 100g,02049,＜いも類＞　（さつまいも類）　むらさきいも　塊根　皮なし　蒸し,100.0,122,1.2,0.3,31.4,122.0,さつまいも蒸しで代用(アントシアニン差はPFC無関係)
マカダミアナッツ 1つかみ,05031,マカダミアナッツ　いり　味付け,15.0,113,1.2,11.5,1.8,751.0,
えごま油 小さじ1,14024,（植物油脂類）　えごま油,4.0,36,0.0,4.0,0.0,897.0,
アマニ油 小さじ1,14023,（植物油脂類）　あまに油,4.0,36,0.0,4.0,0.0,897.0,
テンペ 100g,04063,だいず　［その他］　テンペ,100.0,180,15.8,9.0,15.4,180.0,
ラム肉 100g,11203,＜畜肉類＞　めんよう　［ラム］　もも　脂身つき　生,100.0,164,20.0,12.0,0.3,164.0,
蒸しじゃがいも(冷) 1個,02018,＜いも類＞　じゃがいも　塊茎　皮なし　蒸し,120.0,91,2.3,0.4,21.7,76.0,
冷やし焼き芋 1本,02008,＜いも類＞　（さつまいも類）　さつまいも　塊根　皮なし　焼き,200.0,302,2.8,0.4,78.0,151.0,焼き芋と同値(冷やしはRS増・PFC同)
オクラ 5本,06032,オクラ　果実　生,40.0,10,0.8,0.1,2.6,26.0,
パプリカ 1/2個,06247,（ピーマン類）　赤ピーマン　果実　生,70.0,20,0.7,0.1,5.0,28.0,
ズッキーニ 1/2本,06116,ズッキーニ　果実　生,80.0,13,1.0,0.1,2.2,16.0,
アスパラガス 3本,06007,アスパラガス　若茎　生,60.0,13,1.6,0.1,2.3,21.0,
カリフラワー 100g,06054,カリフラワー　花序　生,100.0,28,3.0,0.1,5.2,28.0,
水菜 100g,06072,みずな　葉　生,100.0,23,2.2,0.1,4.8,23.0,
チンゲン菜 1株,06160,チンゲンサイ　葉　生,100.0,9,0.6,0.1,2.0,9.0,
ニラ 1/2束,06207,（にら類）　にら　葉　生,50.0,9,0.8,0.1,2.0,18.0,
ゴーヤ 1/2本,06205,にがうり　果実　生,100.0,15,1.0,0.1,3.9,15.0,
とうもろこし 1本,06176,（とうもろこし類）　スイートコーン　未熟種子　ゆで,175.0,166,6.1,3.0,32.6,95.0,
さやいんげん 10本,06010,いんげんまめ　さやいんげん　若ざや　生,50.0,12,0.9,0.1,2.5,23.0,
ミニトマト 5個,06183,（トマト類）　赤色ミニトマト　果実　生,75.0,22,0.8,0.1,5.4,30.0,
セロリ 1本,06119,セロリ　葉柄　生,65.0,8,0.3,0.1,2.3,12.0,
かぶ 1個,06036,かぶ　根　皮つき　生,80.0,14,0.6,0.1,3.7,18.0,
春菊 100g,06099,しゅんぎく　葉　生,100.0,20,2.3,0.3,3.9,20.0,
しいたけ(生) 3枚,08039,しいたけ　生しいたけ　菌床栽培　生,45.0,11,1.4,0.1,2.9,25.0,
エリンギ 1本,08025,（ひらたけ類）　エリンギ　生,50.0,16,1.4,0.2,3.0,31.0,
なめこ 1袋,08020,なめこ　株採り　生,100.0,21,1.8,0.2,5.4,21.0,
手羽元 1本,11286,＜鳥肉類＞　にわとり　［若どり・主品目］　手羽もと　皮つき　生,60.0,105,10.9,7.7,0.0,175.0,
手羽先 1本,11285,＜鳥肉類＞　にわとり　［若どり・主品目］　手羽さき　皮つき　生,50.0,104,8.7,8.1,0.0,207.0,
豚こま切れ 100g,11130,＜畜肉類＞　ぶた　［大型種肉］　もも　脂身つき　生,100.0,171,20.5,10.2,0.2,171.0,豚もも脂身つきで代用
牛切り落とし 100g,11030,＜畜肉類＞　うし　［乳用肥育牛肉］　かた　脂身つき　生,100.0,231,17.1,19.8,0.3,231.0,牛かた脂身つきで代用
春雨(乾) 30g,02040,＜でん粉・でん粉製品＞　（でん粉製品）　はるさめ　普通はるさめ　乾,30.0,104,0.0,0.1,26.0,346.0,
枝豆 1人前,(のり監修57参照),枝豆(ゆで) のり監修値より換算,60.0,71,6.9,3.7,5.3,118,可食部60g(さや除く)
ビーフカレー 1人前,18001,洋風料理 カレー類 ビーフカレー,450.0,536,10.8,40.5,36.4,119.0,段階2-2で実在発見(積算→転記)
目玉焼き 1個,12021,鶏卵 全卵 目玉焼き,55.0,113,8.1,9.7,0.2,205.0,段階2-2で実在発見(積算→転記)
エビグラタン 1人前,18003,洋風料理 その他 えびグラタン,300.0,384,16.5,20.7,36.3,128.0,段階2-2で実在発見(積算→転記)
フランクフルト 1本,11189,＜畜肉類＞ ぶた ［ソーセージ類］ フランクフルトソーセージ,90.0,266,11.4,22.2,5.6,295.0,段階2-2で実在発見(積算→転記)
塩むすび 1個,01111,こめ ［うるち米製品］ おにぎり,100.0,170,2.7,0.3,39.4,170.0,段階2-2で実在発見(積算→転記)
