品名,材料名,食品番号,g,kcal,P,F,C
雑穀米 茶碗1杯,ごはん(精白米),01088,130,203,3.2,0.4,48.2
雑穀米 茶碗1杯,玄米ごはん,01085,20,30,0.6,0.2,7.1
雑炊 1杯,ごはん(精白米),01088,120,187,3.0,0.4,44.5
雑炊 1杯,卵,12004,25,36,3.0,2.6,0.1
雑炊 1杯,長ねぎ,06226,10,4,0.1,0.0,0.8
雑炊 1杯,かつお昆布だし,17021,150,3,0.4,0.0,0.4
雑炊 1杯,しょうゆ(こいくち),17007,5,4,0.4,0.0,0.4
おにぎり(鮭) 1個,おにぎり(具なし),01111,100,170,2.7,0.3,39.4
おにぎり(鮭) 1個,鮭(生),10134,12,15,2.7,0.5,0.0
おにぎり(ツナマヨ) 1個,おにぎり(具なし),01111,100,170,2.7,0.3,39.4
おにぎり(ツナマヨ) 1個,ツナ缶(油漬),10263,10,26,1.8,2.2,0.0
おにぎり(ツナマヨ) 1個,マヨネーズ,17042,4,27,0.1,3.0,0.1
おにぎり(梅) 1個,おにぎり(具なし),01111,105,178,2.8,0.3,41.4
おにぎり(梅) 1個,梅干し(塩漬),07022,8,2,0.1,0.1,0.7
おにぎり(昆布) 1個,おにぎり(具なし),01111,100,170,2.7,0.3,39.4
おにぎり(昆布) 1個,昆布つくだ煮,09023,8,12,0.5,0.1,2.7
おにぎり(明太子) 1個,おにぎり(具なし),01111,100,170,2.7,0.3,39.4
おにぎり(明太子) 1個,明太子,10204,10,12,2.1,0.3,0.3
おにぎり(おかか) 1個,おにぎり(具なし),01111,100,170,2.7,0.3,39.4
おにぎり(おかか) 1個,かつお節,10091,2,7,1.5,0.1,0.0
おにぎり(おかか) 1個,しょうゆ(こいくち),17007,2,2,0.2,0.0,0.2
総菜パン(焼きそばパン) 1個,ロールパン,01034,60,185,6.1,5.4,29.2
総菜パン(焼きそばパン) 1個,蒸し中華めん,01049,55,89,2.7,0.9,19.6
総菜パン(焼きそばパン) 1個,焼きそば粉末ソース,17144,4,10,0.2,0.0,2.5
総菜パン(焼きそばパン) 1個,サラダ油(調合油),14006,3,27,0.0,3.0,0.0
総菜パン(焼きそばパン) 1個,紅しょうが(酢漬),06104,3,0,0.0,0.0,0.1
サンドイッチ(ハムレタス) 1人前,食パン(8枚切),01026,90,223,8.0,3.7,41.8
サンドイッチ(ハムレタス) 1人前,ロースハム,11176,20,42,3.7,2.9,0.4
サンドイッチ(ハムレタス) 1人前,レタス,06312,15,2,0.1,0.0,0.4
サンドイッチ(ハムレタス) 1人前,マヨネーズ,17042,8,53,0.1,6.1,0.3
サンドイッチ(ハムレタス) 1人前,バター(有塩),14017,4,28,0.0,3.2,0.0
サンドイッチ(たまご) 1人前,食パン(8枚切),01026,90,223,8.0,3.7,41.8
サンドイッチ(たまご) 1人前,ゆで卵,12005,40,54,5.0,4.2,0.1
サンドイッチ(たまご) 1人前,マヨネーズ,17042,10,67,0.1,7.6,0.4
サンドイッチ(たまご) 1人前,砂糖(上白糖),03003,1,4,0.0,0.0,1.0
ホットドッグ 1個,ロールパン,01034,50,154,5.0,4.5,24.3
ホットドッグ 1個,ウインナー,11186,45,144,5.2,13.8,1.5
ホットドッグ 1個,ケチャップ,17036,8,9,0.1,0.0,2.2
ホットドッグ 1個,からし(練り),17058,2,6,0.1,0.3,0.8
ホットドッグ 1個,キャベツ(生),06061,15,3,0.2,0.0,0.8
フレンチトースト 1枚,食パン(8枚切),01026,45,112,4.0,1.8,20.9
フレンチトースト 1枚,卵,12004,25,36,3.0,2.6,0.1
フレンチトースト 1枚,牛乳,13003,40,24,1.3,1.5,1.9
フレンチトースト 1枚,砂糖(上白糖),03003,8,31,0.0,0.0,7.9
フレンチトースト 1枚,バター(有塩),14017,5,35,0.0,4.0,0.0
たこ焼き 6個,薄力粉,01015,30,105,2.5,0.4,22.7
たこ焼き 6個,卵,12004,15,21,1.8,1.5,0.1
たこ焼き 6個,ゆでだこ,10362,25,23,5.4,0.2,0.0
たこ焼き 6個,かつお昆布だし,17021,40,1,0.1,0.0,0.1
たこ焼き 6個,サラダ油(調合油),14006,3,27,0.0,3.0,0.0
たこ焼き 6個,お好み焼きソース,17085,10,14,0.2,0.0,3.4
たこ焼き 6個,青のり,09002,0.3,1,0.1,0.0,0.1
たこ焼き 6個,かつお節,10091,1,3,0.8,0.0,0.0
たこ焼き 6個,紅しょうが(酢漬),06104,3,0,0.0,0.0,0.1
ピザ(マルゲリータ) 1切れ,強力粉,01020,35,118,4.1,0.5,25.1
ピザ(マルゲリータ) 1切れ,モッツァレラ,13056,20,54,3.7,4.0,0.8
ピザ(マルゲリータ) 1切れ,トマト缶(ホール),06184,25,5,0.2,0.0,1.1
ピザ(マルゲリータ) 1切れ,オリーブ油,14001,4,36,0.0,4.0,0.0
ピザ(マルゲリータ) 1切れ,バジル(生),06238,1,0,0.0,0.0,0.0
ピザ(マルゲリータ) 1切れ,砂糖(上白糖),03003,1,4,0.0,0.0,1.0
ピザトースト 1枚,食パン(8枚切),01026,60,149,5.3,2.5,27.8
ピザトースト 1枚,ケチャップ,17036,12,14,0.2,0.0,3.3
ピザトースト 1枚,モッツァレラ,13056,25,67,4.6,5.0,1.0
ピザトースト 1枚,青ピーマン,06245,10,2,0.1,0.0,0.5
ピザトースト 1枚,たまねぎ,06153,10,3,0.1,0.0,0.8
ピザトースト 1枚,ベーコン,11184,10,20,1.7,1.5,0.3
ピザトースト 1枚,オリーブ油,14001,2,18,0.0,2.0,0.0
卵かけごはん 1杯,ごはん(精白米),01088,150,234,3.8,0.4,55.6
卵かけごはん 1杯,卵,12004,55,78,6.7,5.6,0.2
卵かけごはん 1杯,しょうゆ(こいくち),17007,5,4,0.4,0.0,0.4
お茶漬け 1杯,ごはん(精白米),01088,150,234,3.8,0.4,55.6
お茶漬け 1杯,お茶漬けの素,17125,6,15,1.2,0.2,2.2
お茶漬け 1杯,せん茶(浸出液),16037,80,2,0.2,0.0,0.2
カレーライス 1人前,ごはん(精白米),01088,200,312,5.0,0.6,74.2
カレーライス 1人前,カレールウ,17051,25,118,1.6,8.5,11.2
カレーライス 1人前,豚もも(生),11130,40,68,8.2,4.1,0.1
カレーライス 1人前,じゃがいも(生),02017,50,30,0.9,0.0,8.6
カレーライス 1人前,たまねぎ,06153,60,20,0.6,0.1,5.0
カレーライス 1人前,にんじん,06214,25,8,0.2,0.0,2.2
カレーライス 1人前,サラダ油(調合油),14006,4,35,0.0,4.0,0.0
カレー(ルーのみ) 1人前,カレールウ,17051,25,118,1.6,8.5,11.2
カレー(ルーのみ) 1人前,豚もも(生),11130,50,86,10.2,5.1,0.1
カレー(ルーのみ) 1人前,じゃがいも(生),02017,60,35,1.1,0.1,10.4
カレー(ルーのみ) 1人前,たまねぎ,06153,70,23,0.7,0.1,5.9
カレー(ルーのみ) 1人前,にんじん,06214,30,10,0.2,0.1,2.6
カレー(ルーのみ) 1人前,サラダ油(調合油),14006,5,44,0.0,5.0,0.0
キーマカレー 1人前,ごはん(精白米),01088,200,312,5.0,0.6,74.2
キーマカレー 1人前,豚ひき肉,11163,50,104,8.8,8.6,0.0
キーマカレー 1人前,牛ひき肉,11089,30,75,5.1,6.3,0.1
キーマカレー 1人前,たまねぎ,06153,60,20,0.6,0.1,5.0
キーマカレー 1人前,トマト缶(ホール),06184,30,6,0.3,0.1,1.3
キーマカレー 1人前,カレールウ,17051,20,95,1.3,6.8,8.9
キーマカレー 1人前,サラダ油(調合油),14006,5,44,0.0,5.0,0.0
バターチキンカレー 1人前,ごはん(精白米),01088,200,312,5.0,0.6,74.2
バターチキンカレー 1人前,鶏もも(皮なし),11224,70,79,13.3,3.5,0.0
バターチキンカレー 1人前,トマト缶(ホール),06184,60,13,0.5,0.1,2.6
バターチキンカレー 1人前,生クリーム(乳脂肪),13014,25,101,0.5,10.8,1.6
バターチキンカレー 1人前,バター(有塩),14017,12,84,0.1,9.7,0.0
バターチキンカレー 1人前,カレー粉,17061,4,14,0.5,0.5,2.5
バターチキンカレー 1人前,砂糖(上白糖),03003,3,12,0.0,0.0,3.0
バターチキンカレー 1人前,にんにく,06223,2,3,0.1,0.0,0.6
バターチキンカレー 1人前,しょうが,06103,2,1,0.0,0.0,0.1
スープカレー 1人前,ごはん(精白米),01088,150,234,3.8,0.4,55.6
スープカレー 1人前,手羽元,11286,60,105,10.9,7.7,0.0
スープカレー 1人前,じゃがいも(生),02017,60,35,1.1,0.1,10.4
スープカレー 1人前,にんじん,06214,30,10,0.2,0.1,2.6
スープカレー 1人前,なす,06191,30,5,0.3,0.0,1.5
スープカレー 1人前,青ピーマン,06245,15,3,0.1,0.0,0.8
スープカレー 1人前,ゆで卵,12005,25,34,3.1,2.6,0.1
スープカレー 1人前,カレー粉,17061,5,17,0.6,0.6,3.2
スープカレー 1人前,固形ブイヨン,17027,4,9,0.3,0.2,1.7
スープカレー 1人前,サラダ油(調合油),14006,6,53,0.0,6.0,0.0
スープカレー 1人前,ケチャップ,17036,10,12,0.2,0.0,2.8
ハヤシライス 1人前,ごはん(精白米),01088,200,312,5.0,0.6,74.2
ハヤシライス 1人前,牛切り落とし,11030,60,139,10.3,11.9,0.2
ハヤシライス 1人前,たまねぎ,06153,70,23,0.7,0.1,5.9
ハヤシライス 1人前,ハヤシルウ,17052,25,125,1.4,8.3,11.9
ハヤシライス 1人前,サラダ油(調合油),14006,4,35,0.0,4.0,0.0
牛丼 並盛1杯,ごはん(精白米),01088,240,374,6.0,0.7,89.0
牛丼 並盛1杯,牛切り落とし,11030,70,162,12.0,13.9,0.2
牛丼 並盛1杯,たまねぎ,06153,40,13,0.4,0.0,3.4
牛丼 並盛1杯,しょうゆ(こいくち),17007,7,5,0.5,0.0,0.6
牛丼 並盛1杯,砂糖(上白糖),03003,5,20,0.0,0.0,5.0
牛丼 並盛1杯,本みりん,16025,5,12,0.0,0.0,2.2
牛丼 並盛1杯,料理酒(清酒),16001,3,3,0.0,0.0,0.1
牛丼(具のみ) 1人前,牛切り落とし,11030,70,162,12.0,13.9,0.2
牛丼(具のみ) 1人前,たまねぎ,06153,40,13,0.4,0.0,3.4
牛丼(具のみ) 1人前,しょうゆ(こいくち),17007,8,6,0.6,0.0,0.6
牛丼(具のみ) 1人前,砂糖(上白糖),03003,5,20,0.0,0.0,5.0
牛丼(具のみ) 1人前,本みりん,16025,6,14,0.0,0.0,2.6
牛丼(具のみ) 1人前,料理酒(清酒),16001,4,4,0.0,0.0,0.2
親子丼 1杯,ごはん(精白米),01088,240,374,6.0,0.7,89.0
親子丼 1杯,親子丼の具,18030,160,162,13.4,8.3,9.0
カツ丼 1杯,ごはん(精白米),01088,240,374,6.0,0.7,89.0
カツ丼 1杯,とんかつ(ロース),11276,90,386,19.8,32.3,8.8
カツ丼 1杯,卵,12004,40,57,4.9,4.1,0.2
カツ丼 1杯,たまねぎ,06153,30,10,0.3,0.0,2.5
カツ丼 1杯,めんつゆ(3倍濃縮),17030,15,15,0.7,0.0,3.0
豚丼 1杯,ごはん(精白米),01088,240,374,6.0,0.7,89.0
豚丼 1杯,豚バラ,11129,70,256,10.1,24.8,0.1
豚丼 1杯,たまねぎ,06153,30,10,0.3,0.0,2.5
豚丼 1杯,焼き肉のたれ,17113,18,30,0.8,0.4,5.8
天丼 1杯,ごはん(精白米),01088,240,374,6.0,0.7,89.0
天丼 1杯,エビの天ぷら,10416,80,155,16.0,8.2,5.2
天丼 1杯,かぼちゃ,06048,30,23,0.6,0.1,6.2
天丼 1杯,天ぷら粉,01025,10,34,0.9,0.1,7.6
天丼 1杯,サラダ油(調合油),14006,8,71,0.0,8.0,0.0
天丼 1杯,めんつゆ(3倍濃縮),17030,15,15,0.7,0.0,3.0
海鮮丼 1杯,ごはん(精白米),01088,240,374,6.0,0.7,89.0
海鮮丼 1杯,サーモン刺身,10438,40,89,7.8,6.8,0.0
海鮮丼 1杯,マグロ刺身(赤身),10253,40,46,10.6,0.6,0.0
海鮮丼 1杯,するめいか,10345,20,15,3.6,0.2,0.0
海鮮丼 1杯,しょうゆ(こいくち),17007,6,5,0.5,0.0,0.5
海鮮丼 1杯,わさび(練り),17081,2,5,0.1,0.2,0.8
鉄火丼 1杯,ごはん(精白米),01088,240,374,6.0,0.7,89.0
鉄火丼 1杯,マグロ刺身(赤身),10253,80,92,21.1,1.1,0.1
鉄火丼 1杯,しょうゆ(こいくち),17007,7,5,0.5,0.0,0.6
鉄火丼 1杯,わさび(練り),17081,2,5,0.1,0.2,0.8
鉄火丼 1杯,焼きのり,09004,1,3,0.4,0.0,0.4
ねぎとろ丼 1杯,ごはん(精白米),01088,240,374,6.0,0.7,89.0
ねぎとろ丼 1杯,マグロ刺身(赤身),10253,70,80,18.5,1.0,0.1
ねぎとろ丼 1杯,サラダ油(調合油),14006,6,53,0.0,6.0,0.0
ねぎとろ丼 1杯,長ねぎ,06226,10,4,0.1,0.0,0.8
ねぎとろ丼 1杯,しょうゆ(こいくち),17007,6,5,0.5,0.0,0.5
ねぎとろ丼 1杯,焼きのり,09004,1,3,0.4,0.0,0.4
うな丼 1杯,ごはん(精白米),01088,240,374,6.0,0.7,89.0
うな丼 1杯,うなぎの蒲焼,10070,100,285,23.0,21.0,3.1
うな丼 1杯,焼き鳥のたれ,17112,12,16,0.4,0.0,3.4
中華丼 1杯,ごはん(精白米),01088,240,374,6.0,0.7,89.0
中華丼 1杯,八宝菜,18048,180,115,10.4,5.8,6.8
麻婆丼 1杯,ごはん(精白米),01088,240,374,6.0,0.7,89.0
麻婆丼 1杯,麻婆豆腐,18049,180,187,14.0,12.2,6.8
ロコモコ丼 1人前,ごはん(精白米),01088,240,374,6.0,0.7,89.0
ロコモコ丼 1人前,ハンバーグ,18050,100,197,13.4,12.2,10.0
ロコモコ丼 1人前,目玉焼き,12021,50,102,7.4,8.8,0.2
ロコモコ丼 1人前,デミグラスソース,17105,30,25,0.9,0.9,3.3
ロコモコ丼 1人前,レタス,06312,15,2,0.1,0.0,0.4
タコライス 1人前,ごはん(精白米),01088,240,374,6.0,0.7,89.0
タコライス 1人前,牛ひき肉,11089,50,126,8.6,10.6,0.2
タコライス 1人前,豚ひき肉,11163,20,42,3.5,3.4,0.0
タコライス 1人前,ケチャップ,17036,15,17,0.2,0.0,4.1
タコライス 1人前,ウスターソース,17001,5,6,0.0,0.0,1.4
タコライス 1人前,カレー粉,17061,1,3,0.1,0.1,0.6
タコライス 1人前,モッツァレラ,13056,15,40,2.8,3.0,0.6
タコライス 1人前,レタス,06312,20,2,0.1,0.0,0.6
タコライス 1人前,トマト,06182,30,6,0.2,0.0,1.4
ガパオライス 1人前,ごはん(精白米),01088,240,374,6.0,0.7,89.0
ガパオライス 1人前,鶏ひき肉,11230,80,137,14.0,9.6,0.0
ガパオライス 1人前,青ピーマン,06245,20,4,0.2,0.0,1.0
ガパオライス 1人前,赤ピーマン,06247,15,4,0.2,0.0,1.1
ガパオライス 1人前,たまねぎ,06153,25,8,0.2,0.0,2.1
ガパオライス 1人前,にんにく,06223,2,3,0.1,0.0,0.6
ガパオライス 1人前,ナンプラー,17107,8,4,0.7,0.0,0.2
ガパオライス 1人前,オイスターソース,17031,5,5,0.4,0.0,0.9
ガパオライス 1人前,砂糖(上白糖),03003,2,8,0.0,0.0,2.0
ガパオライス 1人前,サラダ油(調合油),14006,5,44,0.0,5.0,0.0
ガパオライス 1人前,バジル(生),06238,3,1,0.1,0.0,0.1
ガパオライス 1人前,目玉焼き,12021,50,102,7.4,8.8,0.2
オムライス 1人前,ごはん(精白米),01088,200,312,5.0,0.6,74.2
オムライス 1人前,卵,12004,100,142,12.2,10.2,0.4
オムライス 1人前,鶏もも(皮つき),11221,40,76,6.6,5.7,0.0
オムライス 1人前,たまねぎ,06153,30,10,0.3,0.0,2.5
オムライス 1人前,ケチャップ,17036,30,35,0.5,0.1,8.3
オムライス 1人前,バター(有塩),14017,8,56,0.0,6.5,0.0
オムライス 1人前,サラダ油(調合油),14006,4,35,0.0,4.0,0.0
チキンライス 1人前,ごはん(精白米),01088,200,312,5.0,0.6,74.2
チキンライス 1人前,鶏もも(皮つき),11221,40,76,6.6,5.7,0.0
チキンライス 1人前,たまねぎ,06153,30,10,0.3,0.0,2.5
チキンライス 1人前,ケチャップ,17036,25,29,0.4,0.0,6.9
チキンライス 1人前,バター(有塩),14017,6,42,0.0,4.9,0.0
ドリア 1人前,ごはん(精白米),01088,180,281,4.5,0.5,66.8
ドリア 1人前,ホワイトソース,17109,100,99,1.8,6.2,9.2
ドリア 1人前,鶏もも(皮つき),11221,30,57,5.0,4.3,0.0
ドリア 1人前,たまねぎ,06153,20,7,0.2,0.0,1.7
ドリア 1人前,モッツァレラ,13056,20,54,3.7,4.0,0.8
ドリア 1人前,バター(有塩),14017,5,35,0.0,4.0,0.0
リゾット 1人前,ごはん(精白米),01088,150,234,3.8,0.4,55.6
リゾット 1人前,牛乳,13003,50,30,1.6,1.9,2.4
リゾット 1人前,固形ブイヨン,17027,3,7,0.2,0.1,1.3
リゾット 1人前,粉チーズ(パルメザン),13038,10,44,4.4,3.1,0.2
リゾット 1人前,ぶなしめじ,08016,30,8,0.8,0.2,1.4
リゾット 1人前,たまねぎ,06153,20,7,0.2,0.0,1.7
リゾット 1人前,バター(有塩),14017,8,56,0.0,6.5,0.0
リゾット 1人前,オリーブ油,14001,3,27,0.0,3.0,0.0
ビビンバ 1人前,ごはん(精白米),01088,240,374,6.0,0.7,89.0
ビビンバ 1人前,牛ひき肉,11089,40,100,6.8,8.4,0.1
ビビンバ 1人前,ほうれん草(生),06267,40,7,0.9,0.2,1.2
ビビンバ 1人前,大豆もやし,06287,40,12,1.4,0.6,1.0
ビビンバ 1人前,にんじん,06214,20,6,0.1,0.0,1.8
ビビンバ 1人前,目玉焼き,12021,50,102,7.4,8.8,0.2
ビビンバ 1人前,ごま油,14002,6,53,0.0,6.0,0.0
ビビンバ 1人前,焼き肉のたれ,17113,15,25,0.6,0.3,4.8
ビビンバ 1人前,みそ(赤),17046,5,9,0.7,0.3,1.1
ビビンバ 1人前,砂糖(上白糖),03003,2,8,0.0,0.0,2.0
ビビンバ 1人前,一味唐辛子,17073,0.5,2,0.1,0.0,0.3
ビビンバ 1人前,いりごま,05018,2,12,0.4,1.1,0.4
ルーロー飯 1杯,ごはん(精白米),01088,240,374,6.0,0.7,89.0
ルーロー飯 1杯,豚バラ,11129,80,293,11.5,28.3,0.1
ルーロー飯 1杯,ゆで卵,12005,50,67,6.2,5.2,0.2
ルーロー飯 1杯,しょうゆ(こいくち),17007,10,8,0.8,0.0,0.8
ルーロー飯 1杯,砂糖(上白糖),03003,6,23,0.0,0.0,6.0
ルーロー飯 1杯,料理酒(清酒),16001,5,5,0.0,0.0,0.2
ルーロー飯 1杯,オイスターソース,17031,5,5,0.4,0.0,0.9
ルーロー飯 1杯,しょうが,06103,2,1,0.0,0.0,0.1
ルーロー飯 1杯,にんにく,06223,2,3,0.1,0.0,0.6
寿司(にぎり10貫) 1人前,ごはん(精白米),01088,200,312,5.0,0.6,74.2
寿司(にぎり10貫) 1人前,すし酢,17103,12,13,0.0,0.0,2.9
寿司(にぎり10貫) 1人前,サーモン刺身,10438,30,67,5.9,5.1,0.0
寿司(にぎり10貫) 1人前,マグロ刺身(赤身),10253,30,34,7.9,0.4,0.0
寿司(にぎり10貫) 1人前,するめいか,10345,15,11,2.7,0.1,0.0
寿司(にぎり10貫) 1人前,バナメイえび,10415,15,12,2.9,0.1,0.1
寿司(にぎり10貫) 1人前,卵,12004,15,21,1.8,1.5,0.1
寿司(にぎり10貫) 1人前,砂糖(上白糖),03003,2,8,0.0,0.0,2.0
寿司(にぎり10貫) 1人前,さば(生),10154,15,32,3.1,2.5,0.0
いなり寿司 1個,ごはん(精白米),01088,35,55,0.9,0.1,13.0
いなり寿司 1個,すし酢,17103,3,3,0.0,0.0,0.7
いなり寿司 1個,油揚げ,04040,15,57,3.5,5.2,0.1
いなり寿司 1個,砂糖(上白糖),03003,3,12,0.0,0.0,3.0
いなり寿司 1個,しょうゆ(こいくち),17007,3,2,0.2,0.0,0.2
いなり寿司 1個,本みりん,16025,2,5,0.0,0.0,0.9
巻き寿司(太巻き) 1切れ,ごはん(精白米),01088,28,44,0.7,0.1,10.4
巻き寿司(太巻き) 1切れ,すし酢,17103,2,2,0.0,0.0,0.5
巻き寿司(太巻き) 1切れ,卵,12004,5,7,0.6,0.5,0.0
巻き寿司(太巻き) 1切れ,かに風味かまぼこ,10376,4,4,0.5,0.0,0.4
巻き寿司(太巻き) 1切れ,きゅうり,06065,4,1,0.0,0.0,0.1
巻き寿司(太巻き) 1切れ,干ししいたけ,08013,2,5,0.4,0.1,1.2
巻き寿司(太巻き) 1切れ,砂糖(上白糖),03003,1,4,0.0,0.0,1.0
巻き寿司(太巻き) 1切れ,しょうゆ(こいくち),17007,1,1,0.1,0.0,0.1
巻き寿司(太巻き) 1切れ,焼きのり,09004,1.5,4,0.6,0.1,0.7
ちらし寿司 1人前,ごはん(精白米),01088,220,343,5.5,0.7,81.6
ちらし寿司 1人前,すし酢,17103,14,15,0.0,0.0,3.3
ちらし寿司 1人前,卵,12004,25,36,3.0,2.6,0.1
ちらし寿司 1人前,サーモン刺身,10438,25,56,4.9,4.2,0.0
ちらし寿司 1人前,マグロ刺身(赤身),10253,25,29,6.6,0.4,0.0
ちらし寿司 1人前,バナメイえび,10415,15,12,2.9,0.1,0.1
ちらし寿司 1人前,きゅうり,06065,10,1,0.1,0.0,0.3
ちらし寿司 1人前,焼きのり,09004,1,3,0.4,0.0,0.4
ちらし寿司 1人前,干ししいたけ,08013,4,10,0.8,0.1,2.5
ちらし寿司 1人前,砂糖(上白糖),03003,2,8,0.0,0.0,2.0
ちらし寿司 1人前,しょうゆ(こいくち),17007,2,2,0.2,0.0,0.2
天津飯 1杯,ごはん(精白米),01088,240,374,6.0,0.7,89.0
天津飯 1杯,卵,12004,100,142,12.2,10.2,0.4
天津飯 1杯,かに風味かまぼこ,10376,20,18,2.4,0.1,1.8
天津飯 1杯,長ねぎ,06226,10,4,0.1,0.0,0.8
天津飯 1杯,サラダ油(調合油),14006,8,71,0.0,8.0,0.0
天津飯 1杯,鶏がらだし(液),17024,50,4,0.4,0.2,0.0
天津飯 1杯,しょうゆ(こいくち),17007,5,4,0.4,0.0,0.4
天津飯 1杯,砂糖(上白糖),03003,3,12,0.0,0.0,3.0
天津飯 1杯,穀物酢,17015,3,1,0.0,0.0,0.1
天津飯 1杯,片栗粉,02034,5,17,0.0,0.0,4.1
かけうどん 1杯,うどん(ゆで),01039,230,218,6.0,0.9,49.7
かけうどん 1杯,めんつゆ(ストレート),17029,200,88,4.4,0.0,17.4
かけうどん 1杯,長ねぎ,06226,5,2,0.1,0.0,0.4
きつねうどん 1杯,うどん(ゆで),01039,230,218,6.0,0.9,49.7
きつねうどん 1杯,めんつゆ(ストレート),17029,200,88,4.4,0.0,17.4
きつねうどん 1杯,油揚げ,04040,25,94,5.8,8.6,0.1
きつねうどん 1杯,砂糖(上白糖),03003,4,16,0.0,0.0,4.0
きつねうどん 1杯,しょうゆ(こいくち),17007,4,3,0.3,0.0,0.3
きつねうどん 1杯,長ねぎ,06226,5,2,0.1,0.0,0.4
肉うどん 1杯,うどん(ゆで),01039,230,218,6.0,0.9,49.7
肉うどん 1杯,めんつゆ(ストレート),17029,200,88,4.4,0.0,17.4
肉うどん 1杯,牛切り落とし,11030,50,116,8.6,9.9,0.2
肉うどん 1杯,たまねぎ,06153,20,7,0.2,0.0,1.7
肉うどん 1杯,砂糖(上白糖),03003,3,12,0.0,0.0,3.0
肉うどん 1杯,しょうゆ(こいくち),17007,4,3,0.3,0.0,0.3
天ぷらうどん 1杯,うどん(ゆで),01039,230,218,6.0,0.9,49.7
天ぷらうどん 1杯,めんつゆ(ストレート),17029,200,88,4.4,0.0,17.4
天ぷらうどん 1杯,エビの天ぷら,10416,40,78,8.0,4.1,2.6
天ぷらうどん 1杯,長ねぎ,06226,5,2,0.1,0.0,0.4
カレーうどん 1杯,うどん(ゆで),01039,230,218,6.0,0.9,49.7
カレーうどん 1杯,めんつゆ(ストレート),17029,150,66,3.3,0.0,13.0
カレーうどん 1杯,カレールウ,17051,20,95,1.3,6.8,8.9
カレーうどん 1杯,豚バラ,11129,30,110,4.3,10.6,0.0
カレーうどん 1杯,たまねぎ,06153,30,10,0.3,0.0,2.5
カレーうどん 1杯,長ねぎ,06226,10,4,0.1,0.0,0.8
カレーうどん 1杯,片栗粉,02034,4,14,0.0,0.0,3.3
焼きうどん 1人前,うどん(ゆで),01039,230,218,6.0,0.9,49.7
焼きうどん 1人前,豚バラ,11129,40,146,5.8,14.2,0.0
焼きうどん 1人前,キャベツ(生),06061,50,12,0.6,0.0,2.6
焼きうどん 1人前,にんじん,06214,15,5,0.1,0.0,1.3
焼きうどん 1人前,たまねぎ,06153,20,7,0.2,0.0,1.7
焼きうどん 1人前,サラダ油(調合油),14006,6,53,0.0,6.0,0.0
焼きうどん 1人前,ウスターソース,17001,12,14,0.1,0.0,3.3
焼きうどん 1人前,しょうゆ(こいくち),17007,4,3,0.3,0.0,0.3
焼きうどん 1人前,かつお節,10091,1,3,0.8,0.0,0.0
ざるそば 1人前,そば(ゆで),01128,260,338,12.5,2.6,67.6
ざるそば 1人前,めんつゆ(3倍濃縮),17030,25,24,1.1,0.0,5.0
ざるそば 1人前,長ねぎ,06226,5,2,0.1,0.0,0.4
ざるそば 1人前,わさび(練り),17081,2,5,0.1,0.2,0.8
ざるそば 1人前,焼きのり,09004,0.5,1,0.2,0.0,0.2
かけそば 1杯,そば(ゆで),01128,260,338,12.5,2.6,67.6
かけそば 1杯,めんつゆ(ストレート),17029,180,79,4.0,0.0,15.7
かけそば 1杯,長ねぎ,06226,5,2,0.1,0.0,0.4
月見そば 1杯,そば(ゆで),01128,260,338,12.5,2.6,67.6
月見そば 1杯,めんつゆ(ストレート),17029,180,79,4.0,0.0,15.7
月見そば 1杯,卵,12004,55,78,6.7,5.6,0.2
月見そば 1杯,長ねぎ,06226,5,2,0.1,0.0,0.4
天ぷらそば 1杯,そば(ゆで),01128,260,338,12.5,2.6,67.6
天ぷらそば 1杯,めんつゆ(ストレート),17029,180,79,4.0,0.0,15.7
天ぷらそば 1杯,エビの天ぷら,10416,40,78,8.0,4.1,2.6
天ぷらそば 1杯,長ねぎ,06226,5,2,0.1,0.0,0.4
鴨南蛮そば 1杯,そば(ゆで),01128,260,338,12.5,2.6,67.6
鴨南蛮そば 1杯,めんつゆ(ストレート),17029,190,84,4.2,0.0,16.5
鴨南蛮そば 1杯,鶏もも(皮つき),11221,60,114,10.0,8.5,0.0
鴨南蛮そば 1杯,長ねぎ,06226,20,7,0.3,0.0,1.7
山かけそば 1杯,そば(ゆで),01128,260,338,12.5,2.6,67.6
山かけそば 1杯,めんつゆ(ストレート),17029,180,79,4.0,0.0,15.7
山かけそば 1杯,長いも,02023,50,32,1.1,0.2,7.0
山かけそば 1杯,わさび(練り),17081,1,3,0.0,0.1,0.4
そうめん 1人前,そうめん(ゆで),01044,240,274,8.4,1.0,61.9
そうめん 1人前,めんつゆ(3倍濃縮),17030,25,24,1.1,0.0,5.0
そうめん 1人前,しょうが,06103,2,1,0.0,0.0,0.1
そうめん 1人前,みょうが,06280,3,0,0.0,0.0,0.1
醤油ラーメン 1杯,中華めん(ゆで),01048,230,306,11.3,1.4,67.2
醤油ラーメン 1杯,鶏がらだし(液),17024,250,18,2.2,1.0,0.0
醤油ラーメン 1杯,しょうゆ(こいくち),17007,15,11,1.2,0.0,1.2
醤油ラーメン 1杯,ラード,14016,5,44,0.0,5.0,0.0
醤油ラーメン 1杯,長ねぎ,06226,10,4,0.1,0.0,0.8
醤油ラーメン 1杯,豚バラ,11129,25,92,3.6,8.8,0.0
醤油ラーメン 1杯,たけのこ(ゆで),06150,15,5,0.5,0.0,0.8
醤油ラーメン 1杯,焼きのり,09004,0.5,1,0.2,0.0,0.2
醤油ラーメン 1杯,ゆで卵,12005,25,34,3.1,2.6,0.1
味噌ラーメン 1杯,中華めん(ゆで),01048,230,306,11.3,1.4,67.2
味噌ラーメン 1杯,鶏がらだし(液),17024,250,18,2.2,1.0,0.0
味噌ラーメン 1杯,みそ(淡色辛),17045,20,36,2.5,1.2,4.4
味噌ラーメン 1杯,ラード,14016,6,53,0.0,6.0,0.0
味噌ラーメン 1杯,大豆もやし,06287,40,12,1.4,0.6,1.0
味噌ラーメン 1杯,コーン缶,06180,15,12,0.3,0.1,2.7
味噌ラーメン 1杯,長ねぎ,06226,10,4,0.1,0.0,0.8
味噌ラーメン 1杯,豚ひき肉,11163,20,42,3.5,3.4,0.0
味噌ラーメン 1杯,にんにく,06223,2,3,0.1,0.0,0.6
塩ラーメン 1杯,中華めん(ゆで),01048,230,306,11.3,1.4,67.2
塩ラーメン 1杯,鶏がらだし(液),17024,260,18,2.3,1.0,0.0
塩ラーメン 1杯,しょうゆ(うすくち),17008,5,3,0.3,0.0,0.3
塩ラーメン 1杯,ごま油,14002,4,36,0.0,4.0,0.0
塩ラーメン 1杯,長ねぎ,06226,10,4,0.1,0.0,0.8
塩ラーメン 1杯,豚バラ,11129,20,73,2.9,7.1,0.0
塩ラーメン 1杯,たけのこ(ゆで),06150,15,5,0.5,0.0,0.8
塩ラーメン 1杯,ゆで卵,12005,25,34,3.1,2.6,0.1
とんこつラーメン 1杯,中華めん(ゆで),01048,230,306,11.3,1.4,67.2
とんこつラーメン 1杯,鶏がらだし(液),17024,250,18,2.2,1.0,0.0
とんこつラーメン 1杯,ラード,14016,10,88,0.0,10.0,0.0
とんこつラーメン 1杯,豚バラ,11129,30,110,4.3,10.6,0.0
とんこつラーメン 1杯,ゆで卵,12005,25,34,3.1,2.6,0.1
とんこつラーメン 1杯,長ねぎ,06226,10,4,0.1,0.0,0.8
とんこつラーメン 1杯,紅しょうが(酢漬),06104,5,1,0.0,0.0,0.2
とんこつラーメン 1杯,焼きのり,09004,0.5,1,0.2,0.0,0.2
とんこつラーメン 1杯,しょうゆ(こいくち),17007,8,6,0.6,0.0,0.6
つけ麺 1人前,中華めん(ゆで),01048,350,466,17.2,2.1,102.2
つけ麺 1人前,鶏がらだし(液),17024,150,10,1.4,0.6,0.0
つけ麺 1人前,しょうゆ(こいくち),17007,15,11,1.2,0.0,1.2
つけ麺 1人前,砂糖(上白糖),03003,4,16,0.0,0.0,4.0
つけ麺 1人前,豚バラ,11129,40,146,5.8,14.2,0.0
つけ麺 1人前,ゆで卵,12005,25,34,3.1,2.6,0.1
つけ麺 1人前,ラード,14016,5,44,0.0,5.0,0.0
つけ麺 1人前,長ねぎ,06226,10,4,0.1,0.0,0.8
担々麺 1杯,中華めん(ゆで),01048,230,306,11.3,1.4,67.2
担々麺 1杯,鶏がらだし(液),17024,230,16,2.1,0.9,0.0
担々麺 1杯,豚ひき肉,11163,50,104,8.8,8.6,0.0
担々麺 1杯,ねりごま,05042,20,129,3.8,12.2,3.1
担々麺 1杯,しょうゆ(こいくち),17007,10,8,0.8,0.0,0.8
担々麺 1杯,砂糖(上白糖),03003,3,12,0.0,0.0,3.0
担々麺 1杯,ラー油,17006,6,53,0.0,6.0,0.0
担々麺 1杯,豆板醤,17004,4,2,0.1,0.1,0.3
担々麺 1杯,長ねぎ,06226,10,4,0.1,0.0,0.8
担々麺 1杯,チンゲン菜,06160,20,2,0.1,0.0,0.4
冷やし中華 1人前,中華めん(ゆで),01048,250,332,12.2,1.5,73.0
冷やし中華 1人前,冷やし中華のたれ,17108,40,46,0.8,0.5,9.2
冷やし中華 1人前,ロースハム,11176,20,42,3.7,2.9,0.4
冷やし中華 1人前,きゅうり,06065,25,3,0.2,0.0,0.8
冷やし中華 1人前,卵,12004,25,36,3.0,2.6,0.1
冷やし中華 1人前,サラダ油(調合油),14006,1,9,0.0,1.0,0.0
冷やし中華 1人前,トマト,06182,30,6,0.2,0.0,1.4
冷やし中華 1人前,紅しょうが(酢漬),06104,3,0,0.0,0.0,0.1
焼きそば 1人前,蒸し中華めん,01049,180,292,8.8,3.1,64.1
焼きそば 1人前,豚バラ,11129,40,146,5.8,14.2,0.0
焼きそば 1人前,キャベツ(生),06061,60,14,0.7,0.1,3.1
焼きそば 1人前,もやし,06291,30,4,0.5,0.0,0.7
焼きそば 1人前,サラダ油(調合油),14006,6,53,0.0,6.0,0.0
焼きそば 1人前,焼きそば粉末ソース,17144,8,20,0.4,0.1,5.0
焼きそば 1人前,青のり,09002,0.3,1,0.1,0.0,0.1
焼きそば 1人前,紅しょうが(酢漬),06104,3,0,0.0,0.0,0.1
あんかけ焼きそば 1人前,蒸し中華めん,01049,170,275,8.3,2.9,60.5
あんかけ焼きそば 1人前,サラダ油(調合油),14006,8,71,0.0,8.0,0.0
あんかけ焼きそば 1人前,八宝菜,18048,200,128,11.6,6.4,7.6
ちゃんぽん 1杯,中華めん(ゆで),01048,230,306,11.3,1.4,67.2
ちゃんぽん 1杯,鶏がらだし(液),17024,230,16,2.1,0.9,0.0
ちゃんぽん 1杯,豚バラ,11129,25,92,3.6,8.8,0.0
ちゃんぽん 1杯,バナメイえび,10415,15,12,2.9,0.1,0.1
ちゃんぽん 1杯,するめいか,10345,15,11,2.7,0.1,0.0
ちゃんぽん 1杯,キャベツ(生),06061,50,12,0.6,0.0,2.6
ちゃんぽん 1杯,もやし,06291,50,8,0.9,0.0,1.2
ちゃんぽん 1杯,にんじん,06214,10,3,0.1,0.0,0.9
ちゃんぽん 1杯,かまぼこ,10379,10,9,1.2,0.1,1.0
ちゃんぽん 1杯,ラード,14016,5,44,0.0,5.0,0.0
沖縄そば 1杯,沖縄そば(ゆで),01053,230,304,12.0,1.8,64.4
沖縄そば 1杯,かつおだし,17019,250,5,1.0,0.0,0.0
沖縄そば 1杯,豚バラ,11129,50,183,7.2,17.7,0.0
沖縄そば 1杯,しょうゆ(こいくち),17007,3,2,0.2,0.0,0.2
沖縄そば 1杯,砂糖(上白糖),03003,3,12,0.0,0.0,3.0
沖縄そば 1杯,かまぼこ,10379,15,14,1.8,0.1,1.5
沖縄そば 1杯,長ねぎ,06226,5,2,0.1,0.0,0.4
沖縄そば 1杯,紅しょうが(酢漬),06104,3,0,0.0,0.0,0.1
ミートソーススパゲッティ 1人前,スパゲッティ(ゆで),01064,220,330,12.8,2.0,70.8
ミートソーススパゲッティ 1人前,ミートソース,17033,130,125,4.9,6.5,13.1
ミートソーススパゲッティ 1人前,粉チーズ(パルメザン),13038,3,13,1.3,0.9,0.1
ミートソーススパゲッティ 1人前,オリーブ油,14001,3,27,0.0,3.0,0.0
ナポリタン 1人前,スパゲッティ(ゆで),01064,220,330,12.8,2.0,70.8
ナポリタン 1人前,ケチャップ,17036,40,46,0.6,0.1,11.0
ナポリタン 1人前,ウインナー,11186,30,96,3.4,9.2,1.0
ナポリタン 1人前,たまねぎ,06153,30,10,0.3,0.0,2.5
ナポリタン 1人前,青ピーマン,06245,15,3,0.1,0.0,0.8
ナポリタン 1人前,サラダ油(調合油),14006,8,71,0.0,8.0,0.0
ナポリタン 1人前,粉チーズ(パルメザン),13038,2,9,0.9,0.6,0.0
カルボナーラ 1人前,スパゲッティ(ゆで),01064,220,330,12.8,2.0,70.8
カルボナーラ 1人前,ベーコン,11184,25,50,4.2,3.6,0.8
カルボナーラ 1人前,卵,12004,50,71,6.1,5.1,0.2
カルボナーラ 1人前,生クリーム(乳脂肪),13014,20,81,0.4,8.6,1.3
カルボナーラ 1人前,粉チーズ(パルメザン),13038,10,44,4.4,3.1,0.2
カルボナーラ 1人前,オリーブ油,14001,5,45,0.0,5.0,0.0
ペペロンチーノ 1人前,スパゲッティ(ゆで),01064,220,330,12.8,2.0,70.8
ペペロンチーノ 1人前,オリーブ油,14001,12,107,0.0,12.0,0.0
ペペロンチーノ 1人前,にんにく,06223,5,6,0.3,0.0,1.4
ペペロンチーノ 1人前,ベーコン,11184,15,30,2.5,2.2,0.5
ペペロンチーノ 1人前,一味唐辛子,17073,0.3,1,0.0,0.0,0.2
たらこスパゲッティ 1人前,スパゲッティ(ゆで),01064,220,330,12.8,2.0,70.8
たらこスパゲッティ 1人前,たらこ,10202,30,39,7.2,1.4,0.1
たらこスパゲッティ 1人前,バター(有塩),14017,10,70,0.1,8.1,0.0
たらこスパゲッティ 1人前,しょうゆ(こいくち),17007,3,2,0.2,0.0,0.2
たらこスパゲッティ 1人前,焼きのり,09004,0.5,1,0.2,0.0,0.2
たらこスパゲッティ 1人前,オリーブ油,14001,3,27,0.0,3.0,0.0
和風きのこパスタ 1人前,スパゲッティ(ゆで),01064,220,330,12.8,2.0,70.8
和風きのこパスタ 1人前,ぶなしめじ,08016,30,8,0.8,0.2,1.4
和風きのこパスタ 1人前,えのき,08001,20,7,0.5,0.0,1.5
和風きのこパスタ 1人前,まいたけ,08028,20,4,0.4,0.1,0.9
和風きのこパスタ 1人前,ベーコン,11184,15,30,2.5,2.2,0.5
和風きのこパスタ 1人前,しょうゆ(こいくち),17007,8,6,0.6,0.0,0.6
和風きのこパスタ 1人前,バター(有塩),14017,8,56,0.0,6.5,0.0
和風きのこパスタ 1人前,オリーブ油,14001,3,27,0.0,3.0,0.0
トマトソースパスタ 1人前,スパゲッティ(ゆで),01064,220,330,12.8,2.0,70.8
トマトソースパスタ 1人前,トマト缶(ホール),06184,100,21,0.9,0.2,4.4
トマトソースパスタ 1人前,にんにく,06223,3,4,0.2,0.0,0.8
トマトソースパスタ 1人前,オリーブ油,14001,10,89,0.0,10.0,0.0
トマトソースパスタ 1人前,砂糖(上白糖),03003,2,8,0.0,0.0,2.0
トマトソースパスタ 1人前,固形ブイヨン,17027,1,2,0.1,0.0,0.4
ジェノベーゼ 1人前,スパゲッティ(ゆで),01064,220,330,12.8,2.0,70.8
ジェノベーゼ 1人前,バジル(生),06238,10,2,0.2,0.1,0.4
ジェノベーゼ 1人前,オリーブ油,14001,18,161,0.0,18.0,0.0
ジェノベーゼ 1人前,粉チーズ(パルメザン),13038,10,44,4.4,3.1,0.2
ジェノベーゼ 1人前,くるみ,05014,8,57,1.2,5.5,0.9
ジェノベーゼ 1人前,にんにく,06223,2,3,0.1,0.0,0.6
ラザニア 1人前,スパゲッティ(ゆで),01064,120,180,7.0,1.1,38.6
ラザニア 1人前,ミートソース,17033,100,96,3.8,5.0,10.1
ラザニア 1人前,ホワイトソース,17109,60,59,1.1,3.7,5.5
ラザニア 1人前,モッツァレラ,13056,20,54,3.7,4.0,0.8
ラザニア 1人前,粉チーズ(パルメザン),13038,3,13,1.3,0.9,0.1
グラタン(マカロニ) 1人前,マカロニ(ゆで),01064,100,150,5.8,0.9,32.2
グラタン(マカロニ) 1人前,ホワイトソース,17109,120,119,2.2,7.4,11.0
グラタン(マカロニ) 1人前,鶏もも(皮つき),11221,30,57,5.0,4.3,0.0
グラタン(マカロニ) 1人前,たまねぎ,06153,20,7,0.2,0.0,1.7
グラタン(マカロニ) 1人前,モッツァレラ,13056,20,54,3.7,4.0,0.8
グラタン(マカロニ) 1人前,バター(有塩),14017,5,35,0.0,4.0,0.0
グラタン(マカロニ) 1人前,パン粉(乾),01079,2,7,0.3,0.1,1.3
ビーフン(焼き) 1人前,ビーフン(乾),01115,60,216,4.2,1.0,47.9
ビーフン(焼き) 1人前,豚バラ,11129,20,73,2.9,7.1,0.0
ビーフン(焼き) 1人前,キャベツ(生),06061,40,9,0.5,0.0,2.1
ビーフン(焼き) 1人前,にんじん,06214,10,3,0.1,0.0,0.9
ビーフン(焼き) 1人前,たまねぎ,06153,20,7,0.2,0.0,1.7
ビーフン(焼き) 1人前,サラダ油(調合油),14006,8,71,0.0,8.0,0.0
ビーフン(焼き) 1人前,オイスターソース,17031,6,6,0.5,0.0,1.1
ビーフン(焼き) 1人前,しょうゆ(こいくち),17007,4,3,0.3,0.0,0.3
ビーフン(焼き) 1人前,鶏がらだし(液),17024,30,2,0.3,0.1,0.0
フォー 1杯,ビーフン(乾),01115,70,252,4.9,1.1,55.9
フォー 1杯,鶏がらだし(液),17024,280,20,2.5,1.1,0.0
フォー 1杯,鶏むね(皮なし・生),11220,40,42,9.3,0.8,0.0
フォー 1杯,もやし,06291,30,4,0.5,0.0,0.7
フォー 1杯,ナンプラー,17107,8,4,0.7,0.0,0.2
フォー 1杯,レモン果汁,07156,3,1,0.0,0.0,0.3
フォー 1杯,長ねぎ,06226,5,2,0.1,0.0,0.4
パッタイ 1人前,ビーフン(乾),01115,70,252,4.9,1.1,55.9
パッタイ 1人前,バナメイえび,10415,30,25,5.9,0.2,0.2
パッタイ 1人前,卵,12004,25,36,3.0,2.6,0.1
パッタイ 1人前,もやし,06291,40,6,0.7,0.0,1.0
パッタイ 1人前,ニラ,06207,10,2,0.2,0.0,0.4
パッタイ 1人前,サラダ油(調合油),14006,10,89,0.0,10.0,0.0
パッタイ 1人前,ナンプラー,17107,10,5,0.9,0.0,0.3
パッタイ 1人前,砂糖(上白糖),03003,6,23,0.0,0.0,6.0
パッタイ 1人前,ピーナッツ(いり),05035,5,31,1.2,2.5,1.1
パッタイ 1人前,レモン果汁,07156,3,1,0.0,0.0,0.3
冷麺(盛岡風) 1人前,中華めん(ゆで),01048,250,332,12.2,1.5,73.0
冷麺(盛岡風) 1人前,鶏がらだし(液),17024,150,10,1.4,0.6,0.0
冷麺(盛岡風) 1人前,ゆで卵,12005,25,34,3.1,2.6,0.1
冷麺(盛岡風) 1人前,きゅうり,06065,20,3,0.2,0.0,0.6
冷麺(盛岡風) 1人前,キムチ,06236,20,5,0.5,0.0,1.1
冷麺(盛岡風) 1人前,穀物酢,17015,5,1,0.0,0.0,0.1
冷麺(盛岡風) 1人前,砂糖(上白糖),03003,3,12,0.0,0.0,3.0
冷麺(盛岡風) 1人前,しょうゆ(こいくち),17007,5,4,0.4,0.0,0.4
皿うどん 1人前,蒸し中華めん,01049,130,211,6.4,2.2,46.3
皿うどん 1人前,サラダ油(調合油),14006,15,133,0.0,15.0,0.0
皿うどん 1人前,八宝菜,18048,180,115,10.4,5.8,6.8
味噌汁(豆腐・わかめ) 1杯,かつお昆布だし,17021,160,3,0.5,0.0,0.5
味噌汁(豆腐・わかめ) 1杯,みそ(淡色辛),17045,12,22,1.5,0.7,2.6
味噌汁(豆腐・わかめ) 1杯,絹ごし豆腐,04033,20,11,1.1,0.7,0.4
味噌汁(豆腐・わかめ) 1杯,カットわかめ(乾),09044,0.5,1,0.1,0.0,0.2
味噌汁(豆腐・わかめ) 1杯,長ねぎ,06226,3,1,0.0,0.0,0.2
味噌汁(なめこ) 1杯,かつお昆布だし,17021,160,3,0.5,0.0,0.5
味噌汁(なめこ) 1杯,みそ(赤),17046,12,21,1.6,0.7,2.5
味噌汁(なめこ) 1杯,なめこ,08020,20,4,0.4,0.0,1.1
味噌汁(なめこ) 1杯,長ねぎ,06226,3,1,0.0,0.0,0.2
けんちん汁 1杯,かつお昆布だし,17021,180,4,0.5,0.0,0.5
けんちん汁 1杯,木綿豆腐,04032,30,22,2.1,1.5,0.4
けんちん汁 1杯,大根,06134,20,3,0.1,0.0,0.8
けんちん汁 1杯,にんじん,06214,10,3,0.1,0.0,0.9
けんちん汁 1杯,ごぼう,06084,10,6,0.2,0.0,1.5
けんちん汁 1杯,板こんにゃく,02003,15,1,0.0,0.0,0.3
けんちん汁 1杯,サラダ油(調合油),14006,3,27,0.0,3.0,0.0
けんちん汁 1杯,しょうゆ(こいくち),17007,6,5,0.5,0.0,0.5
すまし汁 1杯,かつお昆布だし,17021,170,3,0.5,0.0,0.5
すまし汁 1杯,しょうゆ(うすくち),17008,4,2,0.2,0.0,0.2
すまし汁 1杯,かまぼこ,10379,5,5,0.6,0.0,0.5
すまし汁 1杯,みつば,06274,2,0,0.0,0.0,0.1
あら汁 1杯,かつおだし,17019,200,4,0.8,0.0,0.0
あら汁 1杯,ぶり(生),10241,40,89,8.6,7.0,0.1
あら汁 1杯,みそ(淡色辛),17045,12,22,1.5,0.7,2.6
あら汁 1杯,大根,06134,20,3,0.1,0.0,0.8
あら汁 1杯,長ねぎ,06226,5,2,0.1,0.0,0.4
ミネストローネ 1杯,洋風だし(液),17026,150,9,2.0,0.0,0.4
ミネストローネ 1杯,トマト缶(ホール),06184,40,8,0.4,0.1,1.8
ミネストローネ 1杯,たまねぎ,06153,15,5,0.2,0.0,1.3
ミネストローネ 1杯,にんじん,06214,10,3,0.1,0.0,0.9
ミネストローネ 1杯,じゃがいも(生),02017,15,9,0.3,0.0,2.6
ミネストローネ 1杯,ベーコン,11184,8,16,1.3,1.2,0.3
ミネストローネ 1杯,オリーブ油,14001,3,27,0.0,3.0,0.0
ミネストローネ 1杯,固形ブイヨン,17027,1.5,3,0.1,0.1,0.6
クラムチャウダー 1杯,牛乳,13003,100,61,3.3,3.8,4.8
クラムチャウダー 1杯,あさり(生),10281,25,7,1.4,0.2,0.1
クラムチャウダー 1杯,じゃがいも(生),02017,20,12,0.4,0.0,3.5
クラムチャウダー 1杯,たまねぎ,06153,15,5,0.2,0.0,1.3
クラムチャウダー 1杯,ベーコン,11184,8,16,1.3,1.2,0.3
クラムチャウダー 1杯,バター(有塩),14017,6,42,0.0,4.9,0.0
クラムチャウダー 1杯,薄力粉,01015,6,21,0.5,0.1,4.5
クラムチャウダー 1杯,固形ブイヨン,17027,1.5,3,0.1,0.1,0.6
クラムチャウダー 1杯,洋風だし(液),17026,30,2,0.4,0.0,0.1
オニオンスープ 1杯,洋風だし(液),17026,150,9,2.0,0.0,0.4
オニオンスープ 1杯,たまねぎ,06153,50,16,0.5,0.0,4.2
オニオンスープ 1杯,バター(有塩),14017,5,35,0.0,4.0,0.0
オニオンスープ 1杯,固形ブイヨン,17027,1.5,3,0.1,0.1,0.6
わかめスープ 1杯,鶏がらだし(液),17024,170,12,1.5,0.7,0.0
わかめスープ 1杯,カットわかめ(乾),09044,1,2,0.2,0.0,0.4
わかめスープ 1杯,ごま油,14002,2,18,0.0,2.0,0.0
わかめスープ 1杯,いりごま,05018,1,6,0.2,0.5,0.2
わかめスープ 1杯,長ねぎ,06226,3,1,0.0,0.0,0.2
卵スープ 1杯,鶏がらだし(液),17024,160,11,1.4,0.6,0.0
卵スープ 1杯,卵,12004,25,36,3.0,2.6,0.1
卵スープ 1杯,片栗粉,02034,2,7,0.0,0.0,1.6
卵スープ 1杯,しょうゆ(こいくち),17007,2,2,0.2,0.0,0.2
卵スープ 1杯,長ねぎ,06226,3,1,0.0,0.0,0.2
参鶏湯風スープ 1人前,鶏がらだし(液),17024,250,18,2.2,1.0,0.0
参鶏湯風スープ 1人前,手羽元,11286,80,140,14.6,10.2,0.0
参鶏湯風スープ 1人前,ごはん(精白米),01088,20,31,0.5,0.1,7.4
参鶏湯風スープ 1人前,しょうが,06103,3,1,0.0,0.0,0.2
参鶏湯風スープ 1人前,にんにく,06223,3,4,0.2,0.0,0.8
参鶏湯風スープ 1人前,長ねぎ,06226,5,2,0.1,0.0,0.4
寄せ鍋 1人前,かつお昆布だし,17021,200,4,0.6,0.0,0.6
寄せ鍋 1人前,鶏もも(皮つき),11221,50,95,8.3,7.1,0.0
寄せ鍋 1人前,たら(生),10205,30,22,5.3,0.1,0.0
寄せ鍋 1人前,木綿豆腐,04032,40,29,2.8,2.0,0.6
寄せ鍋 1人前,白菜,06233,60,8,0.5,0.1,1.9
寄せ鍋 1人前,長ねぎ,06226,20,7,0.3,0.0,1.7
寄せ鍋 1人前,しいたけ(生),08039,15,4,0.5,0.0,1.0
寄せ鍋 1人前,にんじん,06214,10,3,0.1,0.0,0.9
寄せ鍋 1人前,しょうゆ(こいくち),17007,10,8,0.8,0.0,0.8
寄せ鍋 1人前,本みりん,16025,8,19,0.0,0.0,3.5
水炊き 1人前,昆布だし,17020,250,10,0.2,0.0,2.2
水炊き 1人前,鶏もも(皮つき),11221,70,133,11.6,9.9,0.0
水炊き 1人前,白菜,06233,60,8,0.5,0.1,1.9
水炊き 1人前,長ねぎ,06226,20,7,0.3,0.0,1.7
水炊き 1人前,木綿豆腐,04032,40,29,2.8,2.0,0.6
水炊き 1人前,ぽん酢しょうゆ,17110,20,10,0.7,0.0,1.5
しゃぶしゃぶ(豚) 1人前,昆布だし,17020,150,6,0.2,0.0,1.4
しゃぶしゃぶ(豚) 1人前,豚ロース,11123,80,198,15.4,15.4,0.2
しゃぶしゃぶ(豚) 1人前,白菜,06233,50,6,0.4,0.0,1.6
しゃぶしゃぶ(豚) 1人前,長ねぎ,06226,15,5,0.2,0.0,1.2
しゃぶしゃぶ(豚) 1人前,木綿豆腐,04032,30,22,2.1,1.5,0.4
しゃぶしゃぶ(豚) 1人前,ごまだれ,17098,20,56,1.4,3.0,5.8
しゃぶしゃぶ(豚) 1人前,ぽん酢しょうゆ,17110,10,5,0.3,0.0,0.7
すき焼き 1人前,牛肩ロース,11034,80,236,13.0,21.1,0.2
すき焼き 1人前,焼きふ(車ふ),01068,3,11,0.9,0.1,1.6
すき焼き 1人前,木綿豆腐,04032,50,36,3.5,2.4,0.8
すき焼き 1人前,しらたき,02005,40,3,0.1,0.0,1.2
すき焼き 1人前,白菜,06233,50,6,0.4,0.0,1.6
すき焼き 1人前,長ねぎ,06226,25,9,0.4,0.0,2.1
すき焼き 1人前,しいたけ(生),08039,10,2,0.3,0.0,0.6
すき焼き 1人前,しょうゆ(こいくち),17007,15,11,1.2,0.0,1.2
すき焼き 1人前,砂糖(上白糖),03003,10,39,0.0,0.0,9.9
すき焼き 1人前,本みりん,16025,10,24,0.0,0.0,4.3
すき焼き 1人前,料理酒(清酒),16001,5,5,0.0,0.0,0.2
すき焼き 1人前,卵,12004,55,78,6.7,5.6,0.2
キムチ鍋 1人前,鶏がらだし(液),17024,200,14,1.8,0.8,0.0
キムチ鍋 1人前,キムチ,06236,60,16,1.4,0.1,3.2
キムチ鍋 1人前,豚バラ,11129,50,183,7.2,17.7,0.0
キムチ鍋 1人前,木綿豆腐,04032,50,36,3.5,2.4,0.8
キムチ鍋 1人前,ニラ,06207,15,3,0.3,0.0,0.6
キムチ鍋 1人前,長ねぎ,06226,15,5,0.2,0.0,1.2
キムチ鍋 1人前,みそ(淡色辛),17045,8,15,1.0,0.5,1.8
キムチ鍋 1人前,キムチの素,17136,10,12,0.5,0.1,2.6
スンドゥブチゲ 1人前,鶏がらだし(液),17024,180,13,1.6,0.7,0.0
スンドゥブチゲ 1人前,絹ごし豆腐,04033,120,67,6.4,4.2,2.4
スンドゥブチゲ 1人前,あさり(生),10281,15,4,0.9,0.1,0.1
スンドゥブチゲ 1人前,豚バラ,11129,20,73,2.9,7.1,0.0
スンドゥブチゲ 1人前,卵,12004,25,36,3.0,2.6,0.1
スンドゥブチゲ 1人前,キムチの素,17136,15,19,0.8,0.2,3.9
スンドゥブチゲ 1人前,ごま油,14002,3,27,0.0,3.0,0.0
スンドゥブチゲ 1人前,長ねぎ,06226,5,2,0.1,0.0,0.4
もつ鍋 1人前,鶏がらだし(液),17024,200,14,1.8,0.8,0.0
もつ鍋 1人前,豚バラ,11129,40,146,5.8,14.2,0.0
もつ鍋 1人前,鶏レバー,11232,20,20,3.8,0.6,0.1
もつ鍋 1人前,キャベツ(生),06061,60,14,0.7,0.1,3.1
もつ鍋 1人前,ニラ,06207,20,4,0.3,0.1,0.8
もつ鍋 1人前,にんにく,06223,4,5,0.3,0.0,1.1
もつ鍋 1人前,しょうゆ(こいくち),17007,10,8,0.8,0.0,0.8
もつ鍋 1人前,みそ(淡色辛),17045,5,9,0.6,0.3,1.1
もつ鍋 1人前,ごま油,14002,3,27,0.0,3.0,0.0
おでん(定番5品) 1人前,かつお昆布だし,17021,180,4,0.5,0.0,0.5
おでん(定番5品) 1人前,おでん(大根),06135,80,12,0.4,0.1,3.2
おでん(定番5品) 1人前,おでん(しらたき),02036,40,136,0.1,0.1,35.1
おでん(定番5品) 1人前,ゆで卵,12005,50,67,6.2,5.2,0.2
おでん(定番5品) 1人前,焼きちくわ,10381,25,27,3.3,0.1,3.3
おでん(定番5品) 1人前,さつま揚げ,10386,30,35,3.4,0.7,3.8
湯どうふ鍋(1人鍋) 1人前,昆布だし,17020,200,8,0.2,0.0,1.8
湯どうふ鍋(1人鍋) 1人前,木綿豆腐,04032,150,110,10.5,7.4,2.2
湯どうふ鍋(1人鍋) 1人前,長ねぎ,06226,10,4,0.1,0.0,0.8
湯どうふ鍋(1人鍋) 1人前,ぽん酢しょうゆ,17110,15,7,0.5,0.0,1.1
湯どうふ鍋(1人鍋) 1人前,かつお節,10091,1,3,0.8,0.0,0.0
鶏の唐揚げ 1個,から揚げ(鶏もも),11289,30,92,7.3,5.4,4.0
鶏の照り焼き 1人前,鶏もも(皮つき),11221,100,190,16.6,14.2,0.0
鶏の照り焼き 1人前,しょうゆ(こいくち),17007,7,5,0.5,0.0,0.6
鶏の照り焼き 1人前,砂糖(上白糖),03003,4,16,0.0,0.0,4.0
鶏の照り焼き 1人前,本みりん,16025,5,12,0.0,0.0,2.2
鶏の照り焼き 1人前,サラダ油(調合油),14006,3,27,0.0,3.0,0.0
焼き鳥(もも・タレ) 1本,鶏もも(皮つき),11221,38,72,6.3,5.4,0.0
焼き鳥(もも・タレ) 1本,焼き鳥のたれ,17112,7,9,0.2,0.0,2.0
焼き鳥(もも・塩) 1本,鶏もも(皮つき),11221,44,84,7.3,6.2,0.0
焼き鳥(ねぎま) 1本,鶏もも(皮つき),11221,28,53,4.6,4.0,0.0
焼き鳥(ねぎま) 1本,長ねぎ,06226,12,4,0.2,0.0,1.0
焼き鳥(ねぎま) 1本,焼き鳥のたれ,17112,6,8,0.2,0.0,1.7
焼き鳥(皮) 1本,鶏皮(もも),11235,28,133,1.8,14.4,0.0
焼き鳥(皮) 1本,焼き鳥のたれ,17112,4,5,0.1,0.0,1.1
焼き鳥(ささみ) 1本,ささみ(生),11227,40,39,9.6,0.3,0.0
焼き鳥(つくね) 1本,鶏ひき肉,11230,35,60,6.1,4.2,0.0
焼き鳥(つくね) 1本,長ねぎ,06226,4,1,0.1,0.0,0.3
焼き鳥(つくね) 1本,片栗粉,02034,2,7,0.0,0.0,1.6
焼き鳥(つくね) 1本,焼き鳥のたれ,17112,6,8,0.2,0.0,1.7
焼き鳥(砂肝) 1本,砂肝,11233,35,30,6.4,0.6,0.0
チキンステーキ 1枚,鶏もも(皮つき),11221,180,342,29.9,25.6,0.0
チキンステーキ 1枚,サラダ油(調合油),14006,5,44,0.0,5.0,0.0
チキンステーキ 1枚,しょうゆ(こいくち),17007,5,4,0.4,0.0,0.4
チキンステーキ 1枚,にんにく,06223,2,3,0.1,0.0,0.6
グリルチキン(むね) 1枚,鶏むね(皮つき・若),11219,140,186,29.8,8.3,0.1
グリルチキン(むね) 1枚,オリーブ油,14001,5,45,0.0,5.0,0.0
グリルチキン(むね) 1枚,しょうゆ(こいくち),17007,3,2,0.2,0.0,0.2
チキン南蛮 1人前,鶏もも(皮つき),11221,100,190,16.6,14.2,0.0
チキン南蛮 1人前,卵,12004,10,14,1.2,1.0,0.0
チキン南蛮 1人前,薄力粉,01015,8,28,0.7,0.1,6.1
チキン南蛮 1人前,サラダ油(調合油),14006,12,106,0.0,12.0,0.0
チキン南蛮 1人前,砂糖(上白糖),03003,6,23,0.0,0.0,6.0
チキン南蛮 1人前,しょうゆ(こいくち),17007,6,5,0.5,0.0,0.5
チキン南蛮 1人前,穀物酢,17015,5,1,0.0,0.0,0.1
チキン南蛮 1人前,マヨネーズ,17042,20,134,0.3,15.2,0.7
チキン南蛮 1人前,ゆで卵,12005,15,20,1.9,1.6,0.0
鶏むねの塩麹焼き 1人前,鶏むね(皮なし・生),11220,130,136,30.3,2.5,0.1
鶏むねの塩麹焼き 1人前,米こうじ,01116,8,21,0.5,0.1,4.7
鶏むねの塩麹焼き 1人前,サラダ油(調合油),14006,4,35,0.0,4.0,0.0
蒸し鶏(よだれ鶏) 1人前,鶏むね(皮なし・生),11220,120,126,28.0,2.3,0.1
蒸し鶏(よだれ鶏) 1人前,しょうゆ(こいくち),17007,8,6,0.6,0.0,0.6
蒸し鶏(よだれ鶏) 1人前,ラー油,17006,5,44,0.0,5.0,0.0
蒸し鶏(よだれ鶏) 1人前,砂糖(上白糖),03003,2,8,0.0,0.0,2.0
蒸し鶏(よだれ鶏) 1人前,穀物酢,17015,3,1,0.0,0.0,0.1
蒸し鶏(よだれ鶏) 1人前,長ねぎ,06226,5,2,0.1,0.0,0.4
蒸し鶏(よだれ鶏) 1人前,にんにく,06223,1,1,0.1,0.0,0.3
蒸し鶏(よだれ鶏) 1人前,いりごま,05018,1,6,0.2,0.5,0.2
棒々鶏 1人前,鶏むね(皮なし・生),11220,110,116,25.6,2.1,0.1
棒々鶏 1人前,きゅうり,06065,25,3,0.2,0.0,0.8
棒々鶏 1人前,ごまだれ,17098,15,42,1.1,2.3,4.4
豚の生姜焼き 1人前,豚ロース,11123,110,273,21.2,21.1,0.2
豚の生姜焼き 1人前,たまねぎ,06153,20,7,0.2,0.0,1.7
豚の生姜焼き 1人前,しょうが,06103,5,1,0.0,0.0,0.3
豚の生姜焼き 1人前,しょうゆ(こいくち),17007,8,6,0.6,0.0,0.6
豚の生姜焼き 1人前,本みりん,16025,6,14,0.0,0.0,2.6
豚の生姜焼き 1人前,砂糖(上白糖),03003,2,8,0.0,0.0,2.0
豚の生姜焼き 1人前,サラダ油(調合油),14006,4,35,0.0,4.0,0.0
豚しゃぶ(冷しゃぶ) 1人前,豚ロース,11123,100,248,19.3,19.2,0.2
豚しゃぶ(冷しゃぶ) 1人前,きゅうり,06065,20,3,0.2,0.0,0.6
豚しゃぶ(冷しゃぶ) 1人前,ごまだれ,17098,15,42,1.1,2.3,4.4
豚しゃぶ(冷しゃぶ) 1人前,トマト,06182,15,3,0.1,0.0,0.7
豚の角煮 1人前,豚バラ,11129,110,403,15.8,38.9,0.1
豚の角煮 1人前,しょうゆ(こいくち),17007,10,8,0.8,0.0,0.8
豚の角煮 1人前,砂糖(上白糖),03003,8,31,0.0,0.0,7.9
豚の角煮 1人前,本みりん,16025,6,14,0.0,0.0,2.6
豚の角煮 1人前,料理酒(清酒),16001,5,5,0.0,0.0,0.2
豚の角煮 1人前,しょうが,06103,2,1,0.0,0.0,0.1
豚キムチ炒め 1人前,豚バラ,11129,90,329,13.0,31.9,0.1
豚キムチ炒め 1人前,キムチ,06236,70,19,1.6,0.1,3.8
豚キムチ炒め 1人前,ニラ,06207,15,3,0.3,0.0,0.6
豚キムチ炒め 1人前,ごま油,14002,5,44,0.0,5.0,0.0
豚キムチ炒め 1人前,しょうゆ(こいくち),17007,3,2,0.2,0.0,0.2
回鍋肉 1人前,豚バラ,11129,80,293,11.5,28.3,0.1
回鍋肉 1人前,キャベツ(生),06061,80,18,1.0,0.1,4.2
回鍋肉 1人前,青ピーマン,06245,15,3,0.1,0.0,0.8
回鍋肉 1人前,甜麺醤,17106,12,30,1.0,0.9,4.6
回鍋肉 1人前,豆板醤,17004,3,1,0.1,0.1,0.2
回鍋肉 1人前,しょうゆ(こいくち),17007,3,2,0.2,0.0,0.2
回鍋肉 1人前,サラダ油(調合油),14006,6,53,0.0,6.0,0.0
豚バラ焼き(サムギョプサル) 1人前,豚バラ,11129,120,439,17.3,42.5,0.1
豚バラ焼き(サムギョプサル) 1人前,ごま油,14002,3,27,0.0,3.0,0.0
豚バラ焼き(サムギョプサル) 1人前,レタス,06312,20,2,0.1,0.0,0.6
豚バラ焼き(サムギョプサル) 1人前,みそ(赤),17046,5,9,0.7,0.3,1.1
豚バラ焼き(サムギョプサル) 1人前,砂糖(上白糖),03003,2,8,0.0,0.0,2.0
チーズハンバーグ 1個,ハンバーグ,18050,140,276,18.8,17.1,14.0
チーズハンバーグ 1個,モッツァレラ,13056,20,54,3.7,4.0,0.8
チーズハンバーグ 1個,デミグラスソース,17105,10,8,0.3,0.3,1.1
ビーフステーキ(サーロイン) 1枚,牛サーロイン(脂身つき),11043,190,595,31.4,53.0,0.8
ビーフステーキ(サーロイン) 1枚,サラダ油(調合油),14006,4,35,0.0,4.0,0.0
ビーフステーキ(サーロイン) 1枚,しょうゆ(こいくち),17007,5,4,0.4,0.0,0.4
ビーフステーキ(赤身・ヒレ) 1枚,牛ヒレ(赤肉),11059,145,257,30.2,16.2,0.7
ビーフステーキ(赤身・ヒレ) 1枚,サラダ油(調合油),14006,4,35,0.0,4.0,0.0
ビーフステーキ(赤身・ヒレ) 1枚,しょうゆ(こいくち),17007,3,2,0.2,0.0,0.2
焼肉(カルビ) 1人前,牛ばら,11046,85,324,10.9,33.5,0.3
焼肉(カルビ) 1人前,焼き肉のたれ,17113,15,25,0.6,0.3,4.8
焼肉(ロース) 1人前,牛肩ロース,11034,85,251,13.8,22.4,0.2
焼肉(ロース) 1人前,焼き肉のたれ,17113,15,25,0.6,0.3,4.8
焼肉(ハラミ) 1人前,牛ハラミ,11274,85,245,12.6,23.2,0.3
焼肉(ハラミ) 1人前,焼き肉のたれ,17113,15,25,0.6,0.3,4.8
焼肉(タン) 1人前,牛タン,11090,70,223,9.3,22.3,0.1
焼肉(タン) 1人前,レモン果汁,07156,5,1,0.0,0.0,0.4
焼肉(タン) 1人前,ごま油,14002,3,27,0.0,3.0,0.0
牛すじ煮込み 1人前,牛すじ(ゆで),11101,80,126,24.8,4.1,0.0
牛すじ煮込み 1人前,板こんにゃく,02003,30,2,0.0,0.0,0.7
牛すじ煮込み 1人前,大根,06134,20,3,0.1,0.0,0.8
牛すじ煮込み 1人前,みそ(淡色辛),17045,12,22,1.5,0.7,2.6
牛すじ煮込み 1人前,砂糖(上白糖),03003,5,20,0.0,0.0,5.0
牛すじ煮込み 1人前,しょうゆ(こいくち),17007,3,2,0.2,0.0,0.2
青椒肉絲 1人前,豚もも(生),11130,70,120,14.4,7.1,0.1
青椒肉絲 1人前,青ピーマン,06245,50,10,0.4,0.1,2.6
青椒肉絲 1人前,たけのこ(ゆで),06150,30,9,1.0,0.1,1.6
青椒肉絲 1人前,オイスターソース,17031,8,8,0.6,0.0,1.5
青椒肉絲 1人前,しょうゆ(こいくち),17007,4,3,0.3,0.0,0.3
青椒肉絲 1人前,サラダ油(調合油),14006,8,71,0.0,8.0,0.0
青椒肉絲 1人前,片栗粉,02034,4,14,0.0,0.0,3.3
ロールキャベツ 1個,キャベツ(生),06061,50,12,0.6,0.0,2.6
ロールキャベツ 1個,豚ひき肉,11163,40,84,7.1,6.9,0.0
ロールキャベツ 1個,たまねぎ,06153,15,5,0.2,0.0,1.3
ロールキャベツ 1個,パン粉(乾),01079,3,10,0.4,0.1,2.0
ロールキャベツ 1個,卵,12004,5,7,0.6,0.5,0.0
ロールキャベツ 1個,ケチャップ,17036,8,9,0.1,0.0,2.2
麻婆茄子 1人前,なす,06191,100,18,1.1,0.1,5.1
麻婆茄子 1人前,豚ひき肉,11163,40,84,7.1,6.9,0.0
麻婆茄子 1人前,長ねぎ,06226,10,4,0.1,0.0,0.8
麻婆茄子 1人前,豆板醤,17004,5,2,0.1,0.1,0.4
麻婆茄子 1人前,甜麺醤,17106,8,20,0.7,0.6,3.0
麻婆茄子 1人前,しょうゆ(こいくち),17007,4,3,0.3,0.0,0.3
麻婆茄子 1人前,ごま油,14002,3,27,0.0,3.0,0.0
麻婆茄子 1人前,サラダ油(調合油),14006,8,71,0.0,8.0,0.0
麻婆茄子 1人前,片栗粉,02034,3,10,0.0,0.0,2.4
麻婆茄子 1人前,鶏がらだし(液),17024,20,1,0.2,0.1,0.0
ジンギスカン 1人前,ラム肉,11203,100,164,20.0,12.0,0.3
ジンギスカン 1人前,たまねぎ,06153,25,8,0.2,0.0,2.1
ジンギスカン 1人前,もやし,06291,20,3,0.4,0.0,0.5
ジンギスカン 1人前,焼き肉のたれ,17113,15,25,0.6,0.3,4.8
鶏レバー煮 1人前,鶏レバー,11232,70,70,13.2,2.2,0.4
鶏レバー煮 1人前,しょうゆ(こいくち),17007,5,4,0.4,0.0,0.4
鶏レバー煮 1人前,砂糖(上白糖),03003,4,16,0.0,0.0,4.0
鶏レバー煮 1人前,本みりん,16025,3,7,0.0,0.0,1.3
鶏レバー煮 1人前,しょうが,06103,2,1,0.0,0.0,0.1
レバニラ炒め 1人前,鶏レバー,11232,80,80,15.1,2.5,0.5
レバニラ炒め 1人前,ニラ,06207,30,5,0.5,0.1,1.2
レバニラ炒め 1人前,もやし,06291,40,6,0.7,0.0,1.0
レバニラ炒め 1人前,ごま油,14002,6,53,0.0,6.0,0.0
レバニラ炒め 1人前,しょうゆ(こいくち),17007,5,4,0.4,0.0,0.4
レバニラ炒め 1人前,オイスターソース,17031,4,4,0.3,0.0,0.7
レバニラ炒め 1人前,片栗粉,02034,3,10,0.0,0.0,2.4
もつ煮込み 1人前,豚バラ,11129,50,183,7.2,17.7,0.0
もつ煮込み 1人前,鶏レバー,11232,20,20,3.8,0.6,0.1
もつ煮込み 1人前,大根,06134,30,4,0.1,0.0,1.2
もつ煮込み 1人前,にんじん,06214,15,5,0.1,0.0,1.3
もつ煮込み 1人前,板こんにゃく,02003,25,1,0.0,0.0,0.6
もつ煮込み 1人前,みそ(淡色辛),17045,15,27,1.9,0.9,3.3
もつ煮込み 1人前,しょうゆ(こいくち),17007,3,2,0.2,0.0,0.2
もつ煮込み 1人前,しょうが,06103,2,1,0.0,0.0,0.1
チキンカツ 1枚,鶏むね(皮なし・生),11220,90,94,21.0,1.7,0.1
チキンカツ 1枚,卵,12004,8,11,1.0,0.8,0.0
チキンカツ 1枚,薄力粉,01015,6,21,0.5,0.1,4.5
チキンカツ 1枚,パン粉(乾),01079,10,35,1.5,0.4,6.7
チキンカツ 1枚,サラダ油(調合油),14006,15,133,0.0,15.0,0.0
串カツ(豚) 1本,豚もも(生),11130,20,34,4.1,2.0,0.0
串カツ(豚) 1本,たまねぎ,06153,5,2,0.0,0.0,0.4
串カツ(豚) 1本,薄力粉,01015,3,10,0.2,0.0,2.3
串カツ(豚) 1本,パン粉(乾),01079,4,14,0.6,0.2,2.7
串カツ(豚) 1本,卵,12004,2,3,0.2,0.2,0.0
串カツ(豚) 1本,サラダ油(調合油),14006,6,53,0.0,6.0,0.0
小籠包 1個,豚ひき肉,11163,13,27,2.3,2.2,0.0
小籠包 1個,餃子の皮,01074,10,28,0.9,0.1,5.7
小籠包 1個,長ねぎ,06226,2,1,0.0,0.0,0.2
小籠包 1個,しょうが,06103,0.5,0,0.0,0.0,0.0
小籠包 1個,しょうゆ(こいくち),17007,1,1,0.1,0.0,0.1
小籠包 1個,ごま油,14002,1,9,0.0,1.0,0.0
小籠包 1個,ゼラチン,11198,0.5,2,0.4,0.0,0.0
麻婆春雨 1人前,はるさめ(乾),02040,30,104,0.0,0.1,26.0
麻婆春雨 1人前,豚ひき肉,11163,40,84,7.1,6.9,0.0
麻婆春雨 1人前,長ねぎ,06226,10,4,0.1,0.0,0.8
麻婆春雨 1人前,豆板醤,17004,4,2,0.1,0.1,0.3
麻婆春雨 1人前,しょうゆ(こいくち),17007,6,5,0.5,0.0,0.5
麻婆春雨 1人前,ごま油,14002,4,36,0.0,4.0,0.0
麻婆春雨 1人前,鶏がらだし(液),17024,60,4,0.5,0.2,0.0
麻婆春雨 1人前,片栗粉,02034,2,7,0.0,0.0,1.6
鮭の塩焼き 1切れ,鮭(生),10134,80,99,17.8,3.3,0.1
銀鮭の塩焼き 1切れ,銀鮭(生),10130,80,150,15.7,10.2,0.2
サバの塩焼き 1切れ,さば(生),10154,90,190,18.5,15.1,0.3
アジの開き 1枚,あじ開き干し,10006,90,135,18.2,7.9,0.1
ホッケの開き 半身,ほっけ開き干し,10248,150,242,30.9,14.1,0.2
サンマの塩焼き 1尾,さんま(生),10173,100,287,18.1,25.6,0.1
イワシの塩焼き 1尾,いわし(生),10047,60,94,11.5,5.5,0.1
ぶり大根 1人前,ぶり(生),10241,70,155,15.0,12.3,0.2
ぶり大根 1人前,大根,06134,120,18,0.5,0.1,4.9
ぶり大根 1人前,しょうゆ(こいくち),17007,12,9,0.9,0.0,0.9
ぶり大根 1人前,砂糖(上白糖),03003,8,31,0.0,0.0,7.9
ぶり大根 1人前,本みりん,16025,6,14,0.0,0.0,2.6
ぶり大根 1人前,しょうが,06103,3,1,0.0,0.0,0.2
ぶり大根 1人前,料理酒(清酒),16001,5,5,0.0,0.0,0.2
カレイの煮付け 1切れ,かれい(生),10100,100,89,19.6,1.3,0.1
カレイの煮付け 1切れ,しょうゆ(こいくち),17007,8,6,0.6,0.0,0.6
カレイの煮付け 1切れ,砂糖(上白糖),03003,5,20,0.0,0.0,5.0
カレイの煮付け 1切れ,本みりん,16025,5,12,0.0,0.0,2.2
カレイの煮付け 1切れ,料理酒(清酒),16001,4,4,0.0,0.0,0.2
カレイの煮付け 1切れ,しょうが,06103,2,1,0.0,0.0,0.1
金目鯛の煮付け 1切れ,きんめだい(生),10116,100,147,17.8,9.0,0.1
金目鯛の煮付け 1切れ,しょうゆ(こいくち),17007,8,6,0.6,0.0,0.6
金目鯛の煮付け 1切れ,砂糖(上白糖),03003,6,23,0.0,0.0,6.0
金目鯛の煮付け 1切れ,本みりん,16025,6,14,0.0,0.0,2.6
金目鯛の煮付け 1切れ,料理酒(清酒),16001,4,4,0.0,0.0,0.2
タラの塩焼き 1切れ,たら(生),10205,80,58,14.1,0.2,0.1
ムニエル(タラ・鮭) 1切れ,鮭(生),10134,90,112,20.1,3.7,0.1
ムニエル(タラ・鮭) 1切れ,薄力粉,01015,5,17,0.4,0.1,3.8
ムニエル(タラ・鮭) 1切れ,バター(有塩),14017,8,56,0.0,6.5,0.0
ムニエル(タラ・鮭) 1切れ,レモン果汁,07156,3,1,0.0,0.0,0.3
アクアパッツァ 1人前,たら(生),10205,80,58,14.1,0.2,0.1
アクアパッツァ 1人前,あさり(生),10281,40,12,2.3,0.3,0.2
アクアパッツァ 1人前,ミニトマト,06183,30,9,0.3,0.0,2.2
アクアパッツァ 1人前,オリーブ油,14001,10,89,0.0,10.0,0.0
アクアパッツァ 1人前,にんにく,06223,3,4,0.2,0.0,0.8
アクアパッツァ 1人前,ワイン(白),16010,20,15,0.0,0.0,0.4
天ぷら盛り合わせ 1人前,エビの天ぷら,10416,60,116,12.0,6.2,3.9
天ぷら盛り合わせ 1人前,かぼちゃ,06048,25,20,0.5,0.1,5.2
天ぷら盛り合わせ 1人前,なす,06191,20,4,0.2,0.0,1.0
天ぷら盛り合わせ 1人前,天ぷら粉,01025,15,51,1.3,0.2,11.4
天ぷら盛り合わせ 1人前,サラダ油(調合油),14006,18,159,0.0,18.0,0.0
エビチリ 1人前,バナメイえび,10415,100,82,19.6,0.6,0.7
エビチリ 1人前,エビチリの素,17095,60,32,0.7,0.8,5.7
エビチリ 1人前,サラダ油(調合油),14006,6,53,0.0,6.0,0.0
エビチリ 1人前,長ねぎ,06226,5,2,0.1,0.0,0.4
エビチリ 1人前,片栗粉,02034,4,14,0.0,0.0,3.3
エビマヨ 1人前,バナメイえび,10415,100,82,19.6,0.6,0.7
エビマヨ 1人前,マヨネーズ,17042,20,134,0.3,15.2,0.7
エビマヨ 1人前,片栗粉,02034,6,20,0.0,0.0,4.9
エビマヨ 1人前,サラダ油(調合油),14006,10,89,0.0,10.0,0.0
エビマヨ 1人前,加糖練乳,13013,3,9,0.2,0.3,1.7
刺身盛り合わせ 1人前,マグロ刺身(赤身),10253,40,46,10.6,0.6,0.0
刺身盛り合わせ 1人前,サーモン刺身,10438,40,89,7.8,6.8,0.0
刺身盛り合わせ 1人前,ぶり(生),10241,20,44,4.3,3.5,0.1
刺身盛り合わせ 1人前,するめいか,10345,15,11,2.7,0.1,0.0
刺身盛り合わせ 1人前,しょうゆ(こいくち),17007,5,4,0.4,0.0,0.4
あさりの酒蒸し 1人前,あさり(生),10281,100,29,5.7,0.7,0.4
あさりの酒蒸し 1人前,料理酒(清酒),16001,15,16,0.1,0.0,0.7
あさりの酒蒸し 1人前,バター(有塩),14017,3,21,0.0,2.4,0.0
あさりの酒蒸し 1人前,長ねぎ,06226,3,1,0.0,0.0,0.2
野菜炒め 1人前,キャベツ(生),06061,70,16,0.8,0.1,3.6
野菜炒め 1人前,もやし,06291,50,8,0.9,0.0,1.2
野菜炒め 1人前,にんじん,06214,15,5,0.1,0.0,1.3
野菜炒め 1人前,青ピーマン,06245,10,2,0.1,0.0,0.5
野菜炒め 1人前,豚バラ,11129,25,92,3.6,8.8,0.0
野菜炒め 1人前,サラダ油(調合油),14006,8,71,0.0,8.0,0.0
野菜炒め 1人前,しょうゆ(こいくち),17007,4,3,0.3,0.0,0.3
もやし炒め 1人前,もやし,06291,130,20,2.3,0.1,3.1
もやし炒め 1人前,サラダ油(調合油),14006,6,53,0.0,6.0,0.0
もやし炒め 1人前,ごま油,14002,2,18,0.0,2.0,0.0
もやし炒め 1人前,しょうゆ(こいくち),17007,4,3,0.3,0.0,0.3
もやし炒め 1人前,顆粒中華だし,17093,1,2,0.1,0.0,0.4
小松菜のおひたし 小鉢1,小松菜(生),06086,60,8,0.9,0.1,1.4
小松菜のおひたし 小鉢1,しょうゆ(こいくち),17007,3,2,0.2,0.0,0.2
小松菜のおひたし 小鉢1,かつお節,10091,0.5,2,0.4,0.0,0.0
ほうれん草の胡麻和え 小鉢1,ほうれん草(生),06267,55,10,1.2,0.2,1.7
ほうれん草の胡麻和え 小鉢1,いりごま,05018,4,24,0.8,2.2,0.7
ほうれん草の胡麻和え 小鉢1,砂糖(上白糖),03003,2,8,0.0,0.0,2.0
ほうれん草の胡麻和え 小鉢1,しょうゆ(こいくち),17007,3,2,0.2,0.0,0.2
かぼちゃの煮物 小鉢1,かぼちゃ,06048,85,66,1.6,0.3,17.5
かぼちゃの煮物 小鉢1,砂糖(上白糖),03003,5,20,0.0,0.0,5.0
かぼちゃの煮物 小鉢1,しょうゆ(こいくち),17007,5,4,0.4,0.0,0.4
かぼちゃの煮物 小鉢1,本みりん,16025,3,7,0.0,0.0,1.3
里芋の煮物 小鉢1,さといも(生),02010,85,45,1.3,0.1,11.1
里芋の煮物 小鉢1,しょうゆ(こいくち),17007,5,4,0.4,0.0,0.4
里芋の煮物 小鉢1,砂糖(上白糖),03003,4,16,0.0,0.0,4.0
里芋の煮物 小鉢1,本みりん,16025,3,7,0.0,0.0,1.3
なすの煮浸し 小鉢1,なす,06191,70,13,0.8,0.1,3.6
なすの煮浸し 小鉢1,めんつゆ(3倍濃縮),17030,8,8,0.4,0.0,1.6
なすの煮浸し 小鉢1,サラダ油(調合油),14006,5,44,0.0,5.0,0.0
なすの煮浸し 小鉢1,しょうが,06103,1,0,0.0,0.0,0.1
なすの味噌炒め 1人前,なす,06191,80,14,0.9,0.1,4.1
なすの味噌炒め 1人前,豚バラ,11129,15,55,2.2,5.3,0.0
なすの味噌炒め 1人前,みそ(赤),17046,8,14,1.0,0.4,1.7
なすの味噌炒め 1人前,砂糖(上白糖),03003,4,16,0.0,0.0,4.0
なすの味噌炒め 1人前,サラダ油(調合油),14006,8,71,0.0,8.0,0.0
ゴーヤチャンプルー 1人前,ゴーヤ,06205,60,9,0.6,0.1,2.3
ゴーヤチャンプルー 1人前,木綿豆腐,04032,60,44,4.2,2.9,0.9
ゴーヤチャンプルー 1人前,豚バラ,11129,25,92,3.6,8.8,0.0
ゴーヤチャンプルー 1人前,卵,12004,25,36,3.0,2.6,0.1
ゴーヤチャンプルー 1人前,サラダ油(調合油),14006,6,53,0.0,6.0,0.0
ゴーヤチャンプルー 1人前,しょうゆ(こいくち),17007,3,2,0.2,0.0,0.2
ゴーヤチャンプルー 1人前,かつお節,10091,1,3,0.8,0.0,0.0
ラタトゥイユ 1人前,なす,06191,40,7,0.4,0.0,2.0
ラタトゥイユ 1人前,ズッキーニ,06116,30,5,0.4,0.0,0.8
ラタトゥイユ 1人前,赤ピーマン,06247,20,6,0.2,0.0,1.4
ラタトゥイユ 1人前,たまねぎ,06153,25,8,0.2,0.0,2.1
ラタトゥイユ 1人前,トマト缶(ホール),06184,40,8,0.4,0.1,1.8
ラタトゥイユ 1人前,オリーブ油,14001,8,72,0.0,8.0,0.0
ラタトゥイユ 1人前,にんにく,06223,2,3,0.1,0.0,0.6
アスパラベーコン 1人前,アスパラガス,06007,50,10,1.3,0.1,2.0
アスパラベーコン 1人前,ベーコン,11184,20,40,3.4,2.9,0.6
アスパラベーコン 1人前,サラダ油(調合油),14006,3,27,0.0,3.0,0.0
オクラのおかか和え 小鉢1,オクラ,06032,45,12,0.9,0.1,3.0
オクラのおかか和え 小鉢1,かつお節,10091,1,3,0.8,0.0,0.0
オクラのおかか和え 小鉢1,しょうゆ(こいくち),17007,3,2,0.2,0.0,0.2
もろきゅう 1人前,きゅうり,06065,70,9,0.7,0.1,2.1
もろきゅう 1人前,みそ(甘・白),17044,10,21,1.0,0.3,3.8
たたききゅうり 小鉢1,きゅうり,06065,70,9,0.7,0.1,2.1
たたききゅうり 小鉢1,ごま油,14002,3,27,0.0,3.0,0.0
たたききゅうり 小鉢1,しょうゆ(こいくち),17007,3,2,0.2,0.0,0.2
たたききゅうり 小鉢1,いりごま,05018,1.5,9,0.3,0.8,0.3
たたききゅうり 小鉢1,穀物酢,17015,2,0,0.0,0.0,0.0
コールスロー 小鉢1,キャベツ(生),06061,60,14,0.7,0.1,3.1
コールスロー 小鉢1,にんじん,06214,8,3,0.1,0.0,0.7
コールスロー 小鉢1,コーン缶,06180,8,6,0.2,0.0,1.4
コールスロー 小鉢1,マヨネーズ,17042,10,67,0.1,7.6,0.4
コールスロー 小鉢1,穀物酢,17015,2,0,0.0,0.0,0.0
コールスロー 小鉢1,砂糖(上白糖),03003,1.5,6,0.0,0.0,1.5
ポテトサラダ 小鉢1,じゃがいも(生),02017,60,35,1.1,0.1,10.4
ポテトサラダ 小鉢1,きゅうり,06065,10,1,0.1,0.0,0.3
ポテトサラダ 小鉢1,にんじん,06214,5,2,0.0,0.0,0.4
ポテトサラダ 小鉢1,ロースハム,11176,8,17,1.5,1.2,0.2
ポテトサラダ 小鉢1,マヨネーズ,17042,13,87,0.2,9.9,0.5
ポテトサラダ 小鉢1,たまねぎ,06153,5,2,0.0,0.0,0.4
マカロニサラダ 小鉢1,マカロニ(ゆで),01064,40,60,2.3,0.4,12.9
マカロニサラダ 小鉢1,きゅうり,06065,10,1,0.1,0.0,0.3
マカロニサラダ 小鉢1,ロースハム,11176,8,17,1.5,1.2,0.2
マカロニサラダ 小鉢1,マヨネーズ,17042,14,94,0.2,10.6,0.5
マカロニサラダ 小鉢1,にんじん,06214,5,2,0.0,0.0,0.4
かぼちゃサラダ 小鉢1,かぼちゃ,06048,60,47,1.1,0.2,12.4
かぼちゃサラダ 小鉢1,マヨネーズ,17042,12,80,0.2,9.1,0.4
かぼちゃサラダ 小鉢1,レーズン,07117,4,13,0.1,0.0,3.2
グリーンサラダ 1皿,レタス,06312,40,4,0.2,0.0,1.1
グリーンサラダ 1皿,きゅうり,06065,15,2,0.2,0.0,0.4
グリーンサラダ 1皿,ミニトマト,06183,20,6,0.2,0.0,1.4
グリーンサラダ 1皿,和風ドレッシング,17116,10,18,0.2,1.5,0.9
シーザーサラダ 1皿,レタス,06312,60,7,0.4,0.1,1.7
シーザーサラダ 1皿,ベーコン,11184,10,20,1.7,1.5,0.3
シーザーサラダ 1皿,粉チーズ(パルメザン),13038,5,22,2.2,1.5,0.1
シーザーサラダ 1皿,食パン(8枚切),01026,8,20,0.7,0.3,3.7
シーザーサラダ 1皿,フレンチドレッシング,17040,15,49,0.0,4.7,1.9
シーザーサラダ 1皿,ゆで卵,12005,25,34,3.1,2.6,0.1
海藻サラダ 1皿,カットわかめ(乾),09044,3,6,0.5,0.1,1.3
海藻サラダ 1皿,レタス,06312,30,3,0.2,0.0,0.8
海藻サラダ 1皿,きゅうり,06065,15,2,0.2,0.0,0.4
海藻サラダ 1皿,和風ドレッシング,17116,12,21,0.2,1.7,1.1
大根サラダ 1皿,大根,06134,60,9,0.2,0.1,2.5
大根サラダ 1皿,かいわれ,06128,5,1,0.1,0.0,0.2
大根サラダ 1皿,かつお節,10091,1,3,0.8,0.0,0.0
大根サラダ 1皿,和風ドレッシング,17116,12,21,0.2,1.7,1.1
トマトとモッツァレラのカプレーゼ 1人前,トマト,06182,60,12,0.4,0.1,2.8
トマトとモッツァレラのカプレーゼ 1人前,モッツァレラ,13056,40,108,7.4,8.0,1.7
トマトとモッツァレラのカプレーゼ 1人前,オリーブ油,14001,8,72,0.0,8.0,0.0
トマトとモッツァレラのカプレーゼ 1人前,バジル(生),06238,2,0,0.0,0.0,0.1
ナムル盛り合わせ 小鉢1,大豆もやし,06287,25,7,0.9,0.4,0.6
ナムル盛り合わせ 小鉢1,ほうれん草(生),06267,20,4,0.4,0.1,0.6
ナムル盛り合わせ 小鉢1,にんじん,06214,10,3,0.1,0.0,0.9
ナムル盛り合わせ 小鉢1,ごま油,14002,5,44,0.0,5.0,0.0
ナムル盛り合わせ 小鉢1,顆粒中華だし,17093,1,2,0.1,0.0,0.4
ナムル盛り合わせ 小鉢1,いりごま,05018,1,6,0.2,0.5,0.2
チョレギサラダ 1皿,レタス,06312,50,6,0.3,0.0,1.4
チョレギサラダ 1皿,きゅうり,06065,15,2,0.2,0.0,0.4
チョレギサラダ 1皿,長ねぎ,06226,5,2,0.1,0.0,0.4
チョレギサラダ 1皿,ごま油,14002,6,53,0.0,6.0,0.0
チョレギサラダ 1皿,しょうゆ(こいくち),17007,4,3,0.3,0.0,0.3
チョレギサラダ 1皿,穀物酢,17015,2,0,0.0,0.0,0.0
チョレギサラダ 1皿,焼きのり,09004,0.5,1,0.2,0.0,0.2
チョレギサラダ 1皿,いりごま,05018,1,6,0.2,0.5,0.2
野菜スティック 1人前,きゅうり,06065,30,4,0.3,0.0,0.9
野菜スティック 1人前,にんじん,06214,25,8,0.2,0.0,2.2
野菜スティック 1人前,大根,06134,25,4,0.1,0.0,1.0
野菜スティック 1人前,セロリ,06119,10,1,0.0,0.0,0.4
野菜スティック 1人前,みそ(甘・白),17044,10,21,1.0,0.3,3.8
野菜スティック 1人前,マヨネーズ,17042,5,33,0.1,3.8,0.2
梅きゅうり 小鉢1,きゅうり,06065,55,7,0.6,0.1,1.6
梅きゅうり 小鉢1,梅びしお,07024,5,10,0.0,0.0,2.4
酢の物(わかめ・きゅうり) 小鉢1,きゅうり,06065,40,5,0.4,0.0,1.2
酢の物(わかめ・きゅうり) 小鉢1,カットわかめ(乾),09044,1,2,0.2,0.0,0.4
酢の物(わかめ・きゅうり) 小鉢1,穀物酢,17015,6,2,0.0,0.0,0.1
酢の物(わかめ・きゅうり) 小鉢1,砂糖(上白糖),03003,3,12,0.0,0.0,3.0
酢の物(わかめ・きゅうり) 小鉢1,しょうゆ(こいくち),17007,2,2,0.2,0.0,0.2
春雨サラダ 小鉢1,はるさめ(乾),02040,15,52,0.0,0.0,13.0
春雨サラダ 小鉢1,きゅうり,06065,15,2,0.2,0.0,0.4
春雨サラダ 小鉢1,ロースハム,11176,8,17,1.5,1.2,0.2
春雨サラダ 小鉢1,卵,12004,8,11,1.0,0.8,0.0
春雨サラダ 小鉢1,穀物酢,17015,5,1,0.0,0.0,0.1
春雨サラダ 小鉢1,しょうゆ(こいくち),17007,4,3,0.3,0.0,0.3
春雨サラダ 小鉢1,砂糖(上白糖),03003,3,12,0.0,0.0,3.0
春雨サラダ 小鉢1,ごま油,14002,3,27,0.0,3.0,0.0
オムレツ(チーズ) 1個,卵,12004,110,156,13.4,11.2,0.4
オムレツ(チーズ) 1個,モッツァレラ,13056,20,54,3.7,4.0,0.8
オムレツ(チーズ) 1個,バター(有塩),14017,5,35,0.0,4.0,0.0
オムレツ(チーズ) 1個,牛乳,13003,5,3,0.2,0.2,0.2
キッシュ 1切れ,卵,12004,35,50,4.3,3.6,0.1
キッシュ 1切れ,生クリーム(乳脂肪),13014,20,81,0.4,8.6,1.3
キッシュ 1切れ,ベーコン,11184,10,20,1.7,1.5,0.3
キッシュ 1切れ,ほうれん草(生),06267,10,2,0.2,0.0,0.3
キッシュ 1切れ,薄力粉,01015,15,52,1.2,0.2,11.4
キッシュ 1切れ,バター(有塩),14017,8,56,0.0,6.5,0.0
キッシュ 1切れ,モッツァレラ,13056,10,27,1.8,2.0,0.4
アヒージョ(エビ・きのこ) 1人前,バナメイえび,10415,40,33,7.8,0.2,0.3
アヒージョ(エビ・きのこ) 1人前,ぶなしめじ,08016,30,8,0.8,0.2,1.4
アヒージョ(エビ・きのこ) 1人前,オリーブ油,14001,40,358,0.0,40.0,0.0
アヒージョ(エビ・きのこ) 1人前,にんにく,06223,5,6,0.3,0.0,1.4
フライドチキン 1個,鶏もも(皮つき),11221,70,133,11.6,9.9,0.0
フライドチキン 1個,薄力粉,01015,8,28,0.7,0.1,6.1
フライドチキン 1個,卵,12004,3,4,0.4,0.3,0.0
フライドチキン 1個,サラダ油(調合油),14006,9,80,0.0,9.0,0.0
ハンバーガー 1個,ロールパン,01034,45,139,4.5,4.0,21.9
ハンバーガー 1個,ハンバーグ,18050,45,89,6.0,5.5,4.5
ハンバーガー 1個,ケチャップ,17036,8,9,0.1,0.0,2.2
ハンバーガー 1個,たまねぎ,06153,5,2,0.0,0.0,0.4
ハンバーガー 1個,レタス,06312,5,1,0.0,0.0,0.1
チーズバーガー 1個,ロールパン,01034,45,139,4.5,4.0,21.9
チーズバーガー 1個,ハンバーグ,18050,45,89,6.0,5.5,4.5
チーズバーガー 1個,チーズ(6P),13040,12,38,2.7,3.1,0.2
チーズバーガー 1個,ケチャップ,17036,8,9,0.1,0.0,2.2
チーズバーガー 1個,たまねぎ,06153,5,2,0.0,0.0,0.4
ミックスフライ盛り合わせ 1人前,アジフライ,10390,50,135,10.0,9.1,4.0
ミックスフライ盛り合わせ 1人前,コロッケ(ポテト),18018,60,136,3.2,7.6,15.1
ミックスフライ盛り合わせ 1人前,エビフライ,18020,40,94,6.4,4.6,8.2
ミックスフライ盛り合わせ 1人前,ウスターソース,17001,10,12,0.1,0.0,2.7
ミックスフライ盛り合わせ 1人前,キャベツ(生),06061,20,5,0.2,0.0,1.0
チーズフォンデュ 1人前,モッツァレラ,13056,50,134,9.2,10.0,2.1
チーズフォンデュ 1人前,カマンベール,13034,20,58,3.8,4.9,0.2
チーズフォンデュ 1人前,牛乳,13003,15,9,0.5,0.6,0.7
チーズフォンデュ 1人前,じゃがいも(生),02017,30,18,0.5,0.0,5.2
チーズフォンデュ 1人前,フランスパン,01031,25,72,2.4,0.3,14.4
チーズフォンデュ 1人前,ブロッコリー(生),06263,15,6,0.8,0.1,1.0
タンドリーチキン 1人前,鶏もも(皮つき),11221,130,247,21.6,18.5,0.0
タンドリーチキン 1人前,ヨーグルト(全脂無糖),13025,12,7,0.4,0.4,0.6
タンドリーチキン 1人前,カレー粉,17061,3,10,0.4,0.4,1.9
タンドリーチキン 1人前,ケチャップ,17036,4,5,0.1,0.0,1.1
タンドリーチキン 1人前,にんにく,06223,1,1,0.1,0.0,0.3
チーズタッカルビ 1人前,鶏もも(皮つき),11221,100,190,16.6,14.2,0.0
チーズタッカルビ 1人前,キャベツ(生),06061,50,12,0.6,0.0,2.6
チーズタッカルビ 1人前,さつまいも(生),02006,25,32,0.3,0.0,8.0
チーズタッカルビ 1人前,キムチの素,17136,15,19,0.8,0.2,3.9
チーズタッカルビ 1人前,モッツァレラ,13056,40,108,7.4,8.0,1.7
チーズタッカルビ 1人前,ごま油,14002,5,44,0.0,5.0,0.0
チーズタッカルビ 1人前,しょうゆ(こいくち),17007,3,2,0.2,0.0,0.2
トッポギ 1人前,もち,01117,100,223,4.0,0.6,50.8
トッポギ 1人前,キムチの素,17136,15,19,0.8,0.2,3.9
トッポギ 1人前,砂糖(上白糖),03003,6,23,0.0,0.0,6.0
トッポギ 1人前,しょうゆ(こいくち),17007,3,2,0.2,0.0,0.2
トッポギ 1人前,ごま油,14002,3,27,0.0,3.0,0.0
トッポギ 1人前,鶏がらだし(液),17024,25,2,0.2,0.1,0.0
チヂミ 1枚,薄力粉,01015,50,174,4.2,0.8,37.9
チヂミ 1枚,卵,12004,25,36,3.0,2.6,0.1
チヂミ 1枚,ニラ,06207,25,4,0.4,0.1,1.0
チヂミ 1枚,にんじん,06214,10,3,0.1,0.0,0.9
チヂミ 1枚,するめいか,10345,15,11,2.7,0.1,0.0
チヂミ 1枚,ごま油,14002,12,107,0.0,12.0,0.0
チヂミ 1枚,片栗粉,02034,10,34,0.0,0.0,8.2
チヂミ 1枚,鶏がらだし(液),17024,50,4,0.4,0.2,0.0
キンパ 1本,ごはん(精白米),01088,130,203,3.2,0.4,48.2
キンパ 1本,焼きのり,09004,2.5,7,1.0,0.1,1.1
キンパ 1本,牛ひき肉,11089,25,63,4.3,5.3,0.1
キンパ 1本,ほうれん草(生),06267,20,4,0.4,0.1,0.6
キンパ 1本,にんじん,06214,12,4,0.1,0.0,1.1
キンパ 1本,たくあん,06138,10,4,0.1,0.0,1.1
キンパ 1本,卵,12004,15,21,1.8,1.5,0.1
キンパ 1本,ごま油,14002,6,53,0.0,6.0,0.0
キンパ 1本,いりごま,05018,1.5,9,0.3,0.8,0.3
キンパ 1本,しょうゆ(こいくち),17007,3,2,0.2,0.0,0.2
キンパ 1本,砂糖(上白糖),03003,2,8,0.0,0.0,2.0
生春巻き 1本,ビーフン(乾),01115,15,54,1.0,0.2,12.0
生春巻き 1本,バナメイえび,10415,15,12,2.9,0.1,0.1
生春巻き 1本,レタス,06312,15,2,0.1,0.0,0.4
生春巻き 1本,きゅうり,06065,10,1,0.1,0.0,0.3
生春巻き 1本,にんじん,06214,5,2,0.0,0.0,0.4
生春巻き 1本,ケチャップ,17036,4,5,0.1,0.0,1.1
生春巻き 1本,砂糖(上白糖),03003,2,8,0.0,0.0,2.0
生春巻き 1本,穀物酢,17015,1,0,0.0,0.0,0.0
ケバブ(チキン) 1人前,鶏もも(皮つき),11221,90,171,14.9,12.8,0.0
ケバブ(チキン) 1人前,キャベツ(生),06061,25,6,0.3,0.0,1.3
ケバブ(チキン) 1人前,たまねぎ,06153,10,3,0.1,0.0,0.8
ケバブ(チキン) 1人前,ヨーグルト(全脂無糖),13025,8,4,0.3,0.2,0.4
ケバブ(チキン) 1人前,マヨネーズ,17042,8,53,0.1,6.1,0.3
ケバブ(チキン) 1人前,ケチャップ,17036,5,6,0.1,0.0,1.4
ケバブ(チキン) 1人前,カレー粉,17061,1,3,0.1,0.1,0.6
スクランブルエッグ 卵2個分,卵,12004,110,156,13.4,11.2,0.4
スクランブルエッグ 卵2個分,牛乳,13003,10,6,0.3,0.4,0.5
スクランブルエッグ 卵2個分,バター(有塩),14017,6,42,0.0,4.9,0.0
オムレツ(プレーン) 1個,卵,12004,110,156,13.4,11.2,0.4
オムレツ(プレーン) 1個,牛乳,13003,8,5,0.3,0.3,0.4
オムレツ(プレーン) 1個,バター(有塩),14017,6,42,0.0,4.9,0.0
茶碗蒸し 1個,卵,12004,30,43,3.7,3.1,0.1
茶碗蒸し 1個,かつお昆布だし,17021,95,2,0.3,0.0,0.3
茶碗蒸し 1個,かまぼこ,10379,8,7,1.0,0.1,0.8
茶碗蒸し 1個,鶏もも(皮つき),11221,10,19,1.7,1.4,0.0
茶碗蒸し 1個,しょうゆ(うすくち),17008,3,2,0.2,0.0,0.2
茶碗蒸し 1個,みつば,06274,2,0,0.0,0.0,0.1
茶碗蒸し 1個,干ししいたけ,08013,2,5,0.4,0.1,1.2
ニラ玉 1人前,卵,12004,110,156,13.4,11.2,0.4
ニラ玉 1人前,ニラ,06207,30,5,0.5,0.1,1.2
ニラ玉 1人前,ごま油,14002,6,53,0.0,6.0,0.0
ニラ玉 1人前,しょうゆ(こいくち),17007,4,3,0.3,0.0,0.3
ニラ玉 1人前,砂糖(上白糖),03003,1,4,0.0,0.0,1.0
かに玉 1人前,卵,12004,110,156,13.4,11.2,0.4
かに玉 1人前,かに風味かまぼこ,10376,25,22,3.0,0.1,2.3
かに玉 1人前,長ねぎ,06226,8,3,0.1,0.0,0.7
かに玉 1人前,サラダ油(調合油),14006,8,71,0.0,8.0,0.0
かに玉 1人前,片栗粉,02034,4,14,0.0,0.0,3.3
かに玉 1人前,砂糖(上白糖),03003,4,16,0.0,0.0,4.0
かに玉 1人前,穀物酢,17015,4,1,0.0,0.0,0.1
かに玉 1人前,しょうゆ(こいくち),17007,4,3,0.3,0.0,0.3
かに玉 1人前,鶏がらだし(液),17024,35,2,0.3,0.1,0.0
冷奴 1人前,絹ごし豆腐,04033,130,73,6.9,4.6,2.6
冷奴 1人前,しょうゆ(こいくち),17007,5,4,0.4,0.0,0.4
冷奴 1人前,かつお節,10091,1,3,0.8,0.0,0.0
冷奴 1人前,長ねぎ,06226,3,1,0.0,0.0,0.2
冷奴 1人前,しょうが,06103,2,1,0.0,0.0,0.1
湯豆腐 1人前,木綿豆腐,04032,150,110,10.5,7.4,2.2
湯豆腐 1人前,昆布だし,17020,30,1,0.0,0.0,0.3
湯豆腐 1人前,ぽん酢しょうゆ,17110,12,6,0.4,0.0,0.9
湯豆腐 1人前,長ねぎ,06226,3,1,0.0,0.0,0.2
湯豆腐 1人前,かつお節,10091,0.5,2,0.4,0.0,0.0
揚げ出し豆腐 1人前,木綿豆腐,04032,110,80,7.7,5.4,1.6
揚げ出し豆腐 1人前,片栗粉,02034,8,27,0.0,0.0,6.5
揚げ出し豆腐 1人前,サラダ油(調合油),14006,10,89,0.0,10.0,0.0
揚げ出し豆腐 1人前,めんつゆ(ストレート),17029,25,11,0.6,0.0,2.2
揚げ出し豆腐 1人前,大根,06134,10,2,0.0,0.0,0.4
揚げ出し豆腐 1人前,しょうが,06103,2,1,0.0,0.0,0.1
高野豆腐の煮物 1人前,高野豆腐(乾),04042,17,84,8.6,5.8,0.7
高野豆腐の煮物 1人前,かつお昆布だし,17021,60,1,0.2,0.0,0.2
高野豆腐の煮物 1人前,しょうゆ(こいくち),17007,5,4,0.4,0.0,0.4
高野豆腐の煮物 1人前,砂糖(上白糖),03003,4,16,0.0,0.0,4.0
高野豆腐の煮物 1人前,本みりん,16025,3,7,0.0,0.0,1.3
オートミール米化 1食,オートミール(材料),01004,30,105,4.1,1.7,20.7
オーバーナイトオーツ 1杯,オートミール(材料),01004,40,140,5.5,2.3,27.6
オーバーナイトオーツ 1杯,牛乳,13003,100,61,3.3,3.8,4.8
オーバーナイトオーツ 1杯,ヨーグルト(全脂無糖),13025,30,17,1.1,0.9,1.5
オーバーナイトオーツ 1杯,はちみつ,03022,8,26,0.0,0.0,6.6
オートミール蒸しパン 1個,オートミール(材料),01004,30,105,4.1,1.7,20.7
オートミール蒸しパン 1個,卵,12004,55,78,6.7,5.6,0.2
オートミール蒸しパン 1個,砂糖(上白糖),03003,8,31,0.0,0.0,7.9
オートミール蒸しパン 1個,牛乳,13003,25,15,0.8,1.0,1.2
プロテインオートミール 1杯,オートミール(材料),01004,40,140,5.5,2.3,27.6
プロテインオートミール 1杯,プロテイン(WPC),(手動),25,98,18.2,1.2,2.5
プロテインオートミール 1杯,牛乳,13003,130,79,4.3,4.9,6.2
おから蒸しパン 1個,おからパウダー,04089,20,67,4.6,2.7,10.5
おから蒸しパン 1個,卵,12004,55,78,6.7,5.6,0.2
おから蒸しパン 1個,砂糖(上白糖),03003,10,39,0.0,0.0,9.9
おから蒸しパン 1個,牛乳,13003,35,21,1.2,1.3,1.7
鶏ハム 1人前,鶏むね(皮なし・生),11220,100,105,23.3,1.9,0.1
鶏ハム 1人前,砂糖(上白糖),03003,2,8,0.0,0.0,2.0
鶏むねそぼろ 1人前,鶏ひき肉,11230,70,120,12.2,8.4,0.0
鶏むねそぼろ 1人前,しょうゆ(こいくち),17007,5,4,0.4,0.0,0.4
鶏むねそぼろ 1人前,砂糖(上白糖),03003,3,12,0.0,0.0,3.0
鶏むねそぼろ 1人前,しょうが,06103,1,0,0.0,0.0,0.1
沼 1食,ごはん(精白米),01088,200,312,5.0,0.6,74.2
沼 1食,鶏むね(皮なし・生),11220,100,105,23.3,1.9,0.1
沼 1食,オクラ,06032,30,8,0.6,0.1,2.0
沼 1食,干ししいたけ,08013,3,8,0.6,0.1,1.9
沼 1食,にんじん,06214,20,6,0.1,0.0,1.8
沼 1食,カレー粉,17061,3,10,0.4,0.4,1.9
マグマ 1食,ごはん(精白米),01088,200,312,5.0,0.6,74.2
マグマ 1食,鶏むね(皮なし・生),11220,100,105,23.3,1.9,0.1
マグマ 1食,トマト缶(ホール),06184,80,17,0.7,0.2,3.5
マグマ 1食,たまねぎ,06153,30,10,0.3,0.0,2.5
マグマ 1食,カレー粉,17061,3,10,0.4,0.4,1.9
鶏むね+ブロッコリー+玄米弁当 1食,玄米ごはん,01085,150,228,4.2,1.5,53.4
鶏むね+ブロッコリー+玄米弁当 1食,鶏むね(皮なし・生),11220,130,136,30.3,2.5,0.1
鶏むね+ブロッコリー+玄米弁当 1食,ブロッコリー(生),06263,70,26,3.8,0.4,4.6
脂肪燃焼スープ 1杯,キャベツ(生),06061,60,14,0.7,0.1,3.1
脂肪燃焼スープ 1杯,たまねぎ,06153,40,13,0.4,0.0,3.4
脂肪燃焼スープ 1杯,セロリ,06119,20,2,0.1,0.0,0.7
脂肪燃焼スープ 1杯,トマト缶(ホール),06184,80,17,0.7,0.2,3.5
脂肪燃焼スープ 1杯,にんじん,06214,20,6,0.1,0.0,1.8
脂肪燃焼スープ 1杯,青ピーマン,06245,15,3,0.1,0.0,0.8
脂肪燃焼スープ 1杯,固形ブイヨン,17027,2,5,0.1,0.1,0.8
脂肪燃焼スープ 1杯,洋風だし(液),17026,60,4,0.8,0.0,0.2
パワーサラダ 1皿,レタス,06312,40,4,0.2,0.0,1.1
パワーサラダ 1皿,ブロッコリー(生),06263,40,15,2.2,0.2,2.6
パワーサラダ 1皿,鶏むね(皮なし・生),11220,60,63,14.0,1.1,0.1
パワーサラダ 1皿,ゆで卵,12005,50,67,6.2,5.2,0.2
パワーサラダ 1皿,アボカド(材料),07006,40,70,0.8,7.0,3.2
パワーサラダ 1皿,ミニトマト,06183,30,9,0.3,0.0,2.2
パワーサラダ 1皿,和風ドレッシング,17116,15,27,0.3,2.2,1.4
サラダボウル(玄米入り) 1皿,玄米ごはん,01085,100,152,2.8,1.0,35.6
サラダボウル(玄米入り) 1皿,レタス,06312,40,4,0.2,0.0,1.1
サラダボウル(玄米入り) 1皿,鶏むね(皮なし・生),11220,60,63,14.0,1.1,0.1
サラダボウル(玄米入り) 1皿,アボカド(材料),07006,30,53,0.6,5.2,2.4
サラダボウル(玄米入り) 1皿,ミニトマト,06183,30,9,0.3,0.0,2.2
サラダボウル(玄米入り) 1皿,コーン缶,06180,20,16,0.5,0.1,3.6
サラダボウル(玄米入り) 1皿,和風ドレッシング,17116,15,27,0.3,2.2,1.4
豆腐サラダ 1皿,木綿豆腐,04032,100,73,7.0,4.9,1.5
豆腐サラダ 1皿,レタス,06312,40,4,0.2,0.0,1.1
豆腐サラダ 1皿,ミニトマト,06183,30,9,0.3,0.0,2.2
豆腐サラダ 1皿,和風ドレッシング,17116,15,27,0.3,2.2,1.4
豆腐サラダ 1皿,かつお節,10091,1,3,0.8,0.0,0.0
温野菜(蒸し野菜) 1皿,ブロッコリー(生),06263,50,18,2.7,0.3,3.3
温野菜(蒸し野菜) 1皿,にんじん,06214,30,10,0.2,0.1,2.6
温野菜(蒸し野菜) 1皿,かぼちゃ,06048,40,31,0.8,0.1,8.2
温野菜(蒸し野菜) 1皿,カリフラワー,06054,30,8,0.9,0.0,1.6
納豆キムチ豆腐 1人前,絹ごし豆腐,04033,120,67,6.4,4.2,2.4
納豆キムチ豆腐 1人前,納豆(材料),04046,45,83,7.4,4.5,5.4
納豆キムチ豆腐 1人前,キムチ,06236,30,8,0.7,0.0,1.6
塩昆布キャベツ 小鉢1,キャベツ(生),06061,70,16,0.8,0.1,3.6
塩昆布キャベツ 小鉢1,塩昆布,09022,5,10,0.8,0.0,1.8
塩昆布キャベツ 小鉢1,ごま油,14002,3,27,0.0,3.0,0.0
酢キャベツ 小鉢1,キャベツ(生),06061,70,16,0.8,0.1,3.6
酢キャベツ 小鉢1,穀物酢,17015,8,2,0.0,0.0,0.2
酢キャベツ 小鉢1,砂糖(上白糖),03003,2,8,0.0,0.0,2.0
無限ピーマン 小鉢1,青ピーマン,06245,60,12,0.5,0.1,3.1
無限ピーマン 小鉢1,ツナ缶(油漬),10263,15,40,2.7,3.3,0.0
無限ピーマン 小鉢1,ごま油,14002,3,27,0.0,3.0,0.0
無限ピーマン 小鉢1,顆粒中華だし,17093,1,2,0.1,0.0,0.4
ヨーグルトバーク 1人前,ヨーグルト(全脂無糖),13025,70,39,2.5,2.1,3.4
ヨーグルトバーク 1人前,冷凍フルーツミックス,07124,25,12,0.1,0.0,3.2
ヨーグルトバーク 1人前,はちみつ,03022,5,16,0.0,0.0,4.1
ゆで鶏(鶏しゃぶ) 1人前,鶏むね(皮なし・生),11220,140,147,32.6,2.7,0.1
ゆで鶏(鶏しゃぶ) 1人前,ぽん酢しょうゆ,17110,10,5,0.3,0.0,0.7
鶏むねのレンジ蒸しポン酢 1人前,鶏むね(皮なし・生),11220,140,147,32.6,2.7,0.1
鶏むねのレンジ蒸しポン酢 1人前,ぽん酢しょうゆ,17110,15,7,0.5,0.0,1.1
鶏むねのレンジ蒸しポン酢 1人前,長ねぎ,06226,5,2,0.1,0.0,0.4
鶏むねピカタ 1人前,鶏むね(皮なし・生),11220,120,126,28.0,2.3,0.1
鶏むねピカタ 1人前,卵,12004,15,21,1.8,1.5,0.1
鶏むねピカタ 1人前,粉チーズ(パルメザン),13038,3,13,1.3,0.9,0.1
鶏むねピカタ 1人前,薄力粉,01015,5,17,0.4,0.1,3.8
鶏むねピカタ 1人前,オリーブ油,14001,5,45,0.0,5.0,0.0
揚げない塩唐揚げ 1人前,鶏むね(皮なし・生),11220,100,105,23.3,1.9,0.1
揚げない塩唐揚げ 1人前,片栗粉,02034,8,27,0.0,0.0,6.5
揚げない塩唐揚げ 1人前,ごま油,14002,6,53,0.0,6.0,0.0
揚げない塩唐揚げ 1人前,にんにく,06223,2,3,0.1,0.0,0.6
揚げない塩唐揚げ 1人前,しょうが,06103,2,1,0.0,0.0,0.1
揚げない塩唐揚げ 1人前,料理酒(清酒),16001,3,3,0.0,0.0,0.1
鶏むねナゲット 5個,鶏むね(皮なし・生),11220,90,94,21.0,1.7,0.1
鶏むねナゲット 5個,卵,12004,10,14,1.2,1.0,0.0
鶏むねナゲット 5個,薄力粉,01015,8,28,0.7,0.1,6.1
鶏むねナゲット 5個,マヨネーズ,17042,5,33,0.1,3.8,0.2
鶏むねナゲット 5個,サラダ油(調合油),14006,10,89,0.0,10.0,0.0
ささみの梅しそ焼き 1人前,ささみ(生),11227,100,98,23.9,0.8,0.1
ささみの梅しそ焼き 1人前,梅びしお,07024,5,10,0.0,0.0,2.4
ささみの梅しそ焼き 1人前,大葉(しそ),06095,2,1,0.1,0.0,0.2
ささみの梅しそ焼き 1人前,サラダ油(調合油),14006,3,27,0.0,3.0,0.0
ささみの梅しそ焼き 1人前,薄力粉,01015,4,14,0.3,0.1,3.0
ささみチーズ焼き 1人前,ささみ(生),11227,100,98,23.9,0.8,0.1
ささみチーズ焼き 1人前,モッツァレラ,13056,20,54,3.7,4.0,0.8
ささみチーズ焼き 1人前,サラダ油(調合油),14006,3,27,0.0,3.0,0.0
ささみチーズ焼き 1人前,薄力粉,01015,4,14,0.3,0.1,3.0
ガーリックチキンステーキ 1人前,鶏もも(皮つき),11221,150,285,24.9,21.3,0.0
ガーリックチキンステーキ 1人前,にんにく,06223,5,6,0.3,0.0,1.4
ガーリックチキンステーキ 1人前,オリーブ油,14001,5,45,0.0,5.0,0.0
ガーリックチキンステーキ 1人前,しょうゆ(こいくち),17007,5,4,0.4,0.0,0.4
蒸しささみ 2本,ささみ(生),11227,80,78,19.1,0.6,0.1
蒸しささみ 2本,料理酒(清酒),16001,3,3,0.0,0.0,0.1
鶏むねの柚子胡椒焼き 1人前,鶏むね(皮なし・生),11220,130,136,30.3,2.5,0.1
鶏むねの柚子胡椒焼き 1人前,ゆずこしょう,17115,4,1,0.1,0.0,0.4
鶏むねの柚子胡椒焼き 1人前,サラダ油(調合油),14006,4,35,0.0,4.0,0.0
鶏むねの柚子胡椒焼き 1人前,しょうゆ(こいくち),17007,3,2,0.2,0.0,0.2
卵白オムレツ 1人前,卵白,12014,120,53,12.1,0.0,0.6
卵白オムレツ 1人前,オリーブ油,14001,3,27,0.0,3.0,0.0
卵白オムレツ 1人前,牛乳,13003,5,3,0.2,0.2,0.2
全卵+卵白スクランブル 1人前,卵,12004,55,78,6.7,5.6,0.2
全卵+卵白スクランブル 1人前,卵白,12014,70,31,7.1,0.0,0.4
全卵+卵白スクランブル 1人前,オリーブ油,14001,3,27,0.0,3.0,0.0
全卵+卵白スクランブル 1人前,牛乳,13003,10,6,0.3,0.4,0.5
自家製味玉 1個,ゆで卵,12005,50,67,6.2,5.2,0.2
自家製味玉 1個,めんつゆ(3倍濃縮),17030,5,5,0.2,0.0,1.0
エッグマフィン 1個,ロールパン,01034,45,139,4.5,4.0,21.9
エッグマフィン 1個,目玉焼き,12021,50,102,7.4,8.8,0.2
エッグマフィン 1個,ロースハム,11176,10,21,1.9,1.5,0.2
エッグマフィン 1個,チーズ(6P),13040,10,31,2.3,2.6,0.1
サバ缶トマト煮 1人前,さば缶(水煮),10164,95,165,19.9,10.2,0.2
サバ缶トマト煮 1人前,トマト缶(ホール),06184,100,21,0.9,0.2,4.4
サバ缶トマト煮 1人前,たまねぎ,06153,20,7,0.2,0.0,1.7
サバ缶トマト煮 1人前,オリーブ油,14001,3,27,0.0,3.0,0.0
サバ缶キムチ和え 1人前,さば缶(水煮),10164,95,165,19.9,10.2,0.2
サバ缶キムチ和え 1人前,キムチ,06236,40,11,0.9,0.0,2.2
サバ缶キムチ和え 1人前,ごま油,14002,3,27,0.0,3.0,0.0
ツナ豆腐 1人前,絹ごし豆腐,04033,150,84,8.0,5.2,3.0
ツナ豆腐 1人前,ツナ缶(水煮),10260,35,24,5.6,0.2,0.1
ツナ豆腐 1人前,しょうゆ(こいくち),17007,4,3,0.3,0.0,0.3
ツナ豆腐 1人前,かつお節,10091,1,3,0.8,0.0,0.0
エビとブロッコリーの炒め 1人前,バナメイえび,10415,70,57,13.7,0.4,0.5
エビとブロッコリーの炒め 1人前,ブロッコリー(生),06263,80,30,4.3,0.5,5.3
エビとブロッコリーの炒め 1人前,マヨネーズ,17042,10,67,0.1,7.6,0.4
エビとブロッコリーの炒め 1人前,サラダ油(調合油),14006,5,44,0.0,5.0,0.0
エビとブロッコリーの炒め 1人前,にんにく,06223,2,3,0.1,0.0,0.6
しらたき混ぜごはん 茶碗1杯,ごはん(精白米),01088,120,187,3.0,0.4,44.5
しらたき混ぜごはん 茶碗1杯,しらたき,02005,50,4,0.1,0.0,1.5
しらたき混ぜごはん 茶碗1杯,しょうゆ(こいくち),17007,3,2,0.2,0.0,0.2
カリフラワーライスチャーハン 1人前,カリフラワー,06054,150,42,4.5,0.2,7.8
カリフラワーライスチャーハン 1人前,卵,12004,55,78,6.7,5.6,0.2
カリフラワーライスチャーハン 1人前,長ねぎ,06226,10,4,0.1,0.0,0.8
カリフラワーライスチャーハン 1人前,ロースハム,11176,15,32,2.8,2.2,0.3
カリフラワーライスチャーハン 1人前,ごま油,14002,8,71,0.0,8.0,0.0
カリフラワーライスチャーハン 1人前,しょうゆ(こいくち),17007,5,4,0.4,0.0,0.4
カリフラワーライスチャーハン 1人前,顆粒中華だし,17093,2,4,0.3,0.0,0.7
オートミールチャーハン 1人前,オートミール(材料),01004,40,140,5.5,2.3,27.6
オートミールチャーハン 1人前,卵,12004,55,78,6.7,5.6,0.2
オートミールチャーハン 1人前,長ねぎ,06226,10,4,0.1,0.0,0.8
オートミールチャーハン 1人前,ロースハム,11176,15,32,2.8,2.2,0.3
オートミールチャーハン 1人前,ごま油,14002,6,53,0.0,6.0,0.0
オートミールチャーハン 1人前,しょうゆ(こいくち),17007,4,3,0.3,0.0,0.3
オートミールチャーハン 1人前,顆粒中華だし,17093,2,4,0.3,0.0,0.7
オートミールリゾット 1杯,オートミール(材料),01004,40,140,5.5,2.3,27.6
オートミールリゾット 1杯,牛乳,13003,100,61,3.3,3.8,4.8
オートミールリゾット 1杯,固形ブイヨン,17027,2,5,0.1,0.1,0.8
オートミールリゾット 1杯,粉チーズ(パルメザン),13038,8,36,3.5,2.5,0.2
オートミールリゾット 1杯,ぶなしめじ,08016,30,8,0.8,0.2,1.4
ゼンパスタ 1人前,しらたき,02005,200,14,0.4,0.0,6.0
ゼンパスタ 1人前,トマト缶(ホール),06184,80,17,0.7,0.2,3.5
ゼンパスタ 1人前,オリーブ油,14001,5,45,0.0,5.0,0.0
ゼンパスタ 1人前,固形ブイヨン,17027,1,2,0.1,0.0,0.4
プロテインスムージー(バナナ) 1杯,プロテイン(WPC),(手動),30,117,21.9,1.5,3.0
プロテインスムージー(バナナ) 1杯,バナナ(材料),07107,100,93,1.1,0.2,22.5
プロテインスムージー(バナナ) 1杯,牛乳,13003,150,92,4.9,5.7,7.2
プロテインヨーグルト 1杯,ヨーグルト(全脂無糖),13025,150,84,5.4,4.5,7.4
プロテインヨーグルト 1杯,プロテイン(WPC),(手動),15,58,11.0,0.8,1.5
プロテインコーヒー 1杯,コーヒー(浸出液),16045,220,9,0.4,0.0,1.5
プロテインコーヒー 1杯,プロテイン(WPC),(手動),25,98,18.2,1.2,2.5
プロテインアイス(自家製) 1個,プロテイン(WPC),(手動),20,78,14.6,1.0,2.0
プロテインアイス(自家製) 1個,ヨーグルト(全脂無糖),13025,60,34,2.2,1.8,2.9
プロテインアイス(自家製) 1個,バナナ(材料),07107,20,19,0.2,0.0,4.5
プロテインパンケーキ 1人前,プロテイン(WPC),(手動),25,98,18.2,1.2,2.5
プロテインパンケーキ 1人前,オートミール(材料),01004,30,105,4.1,1.7,20.7
プロテインパンケーキ 1人前,卵,12004,55,78,6.7,5.6,0.2
プロテインパンケーキ 1人前,バナナ(材料),07107,50,46,0.6,0.1,11.2
きのこのソテー 1人前,ぶなしめじ,08016,40,10,1.1,0.2,1.9
きのこのソテー 1人前,えのき,08001,30,10,0.8,0.1,2.3
きのこのソテー 1人前,まいたけ,08028,30,7,0.6,0.2,1.3
きのこのソテー 1人前,バター(有塩),14017,6,42,0.0,4.9,0.0
きのこのソテー 1人前,しょうゆ(こいくち),17007,4,3,0.3,0.0,0.3
しらたき明太パスタ風 1人前,しらたき,02005,180,13,0.4,0.0,5.4
しらたき明太パスタ風 1人前,明太子,10204,25,30,5.2,0.8,0.8
しらたき明太パスタ風 1人前,バター(有塩),14017,8,56,0.0,6.5,0.0
しらたき明太パスタ風 1人前,焼きのり,09004,0.3,1,0.1,0.0,0.1
しらたき明太パスタ風 1人前,しょうゆ(こいくち),17007,2,2,0.2,0.0,0.2
キャベツの塩だれ和え 小鉢1,キャベツ(生),06061,80,18,1.0,0.1,4.2
キャベツの塩だれ和え 小鉢1,ごま油,14002,4,36,0.0,4.0,0.0
キャベツの塩だれ和え 小鉢1,顆粒中華だし,17093,1.5,3,0.2,0.0,0.5
キャベツの塩だれ和え 小鉢1,にんにく,06223,1,1,0.1,0.0,0.3
豆腐グラタン 1人前,木綿豆腐,04032,150,110,10.5,7.4,2.2
豆腐グラタン 1人前,ホワイトソース,17109,60,59,1.1,3.7,5.5
豆腐グラタン 1人前,モッツァレラ,13056,20,54,3.7,4.0,0.8
豆腐グラタン 1人前,みそ(淡色辛),17045,3,5,0.4,0.2,0.7
キヌアサラダ 1皿,キヌア(炊),(手動),80,112,4.2,1.0,21.3
キヌアサラダ 1皿,きゅうり,06065,30,4,0.3,0.0,0.9
キヌアサラダ 1皿,ミニトマト,06183,40,12,0.4,0.0,2.9
キヌアサラダ 1皿,アボカド(材料),07006,30,53,0.6,5.2,2.4
キヌアサラダ 1皿,オリーブ油,14001,8,72,0.0,8.0,0.0
キヌアサラダ 1皿,レモン果汁,07156,5,1,0.0,0.0,0.4
アボカドトースト 1枚,食パン(8枚切),01026,45,112,4.0,1.8,20.9
アボカドトースト 1枚,アボカド(材料),07006,60,106,1.3,10.5,4.7
アボカドトースト 1枚,オリーブ油,14001,3,27,0.0,3.0,0.0
アボカドトースト 1枚,レモン果汁,07156,2,0,0.0,0.0,0.2
テンペ焼き 1人前,テンペ,04063,90,162,14.2,8.1,13.9
テンペ焼き 1人前,しょうゆ(こいくち),17007,4,3,0.3,0.0,0.3
テンペ焼き 1人前,サラダ油(調合油),14006,4,35,0.0,4.0,0.0
テンペ焼き 1人前,ごま油,14002,2,18,0.0,2.0,0.0
もち麦入り野菜スープ 1杯,もち麦ごはん,01170,50,59,1.1,0.2,14.2
もち麦入り野菜スープ 1杯,キャベツ(生),06061,40,9,0.5,0.0,2.1
もち麦入り野菜スープ 1杯,にんじん,06214,20,6,0.1,0.0,1.8
もち麦入り野菜スープ 1杯,たまねぎ,06153,30,10,0.3,0.0,2.5
もち麦入り野菜スープ 1杯,ベーコン,11184,10,20,1.7,1.5,0.3
もち麦入り野菜スープ 1杯,固形ブイヨン,17027,2,5,0.1,0.1,0.8
もち麦入り野菜スープ 1杯,洋風だし(液),17026,140,8,1.8,0.0,0.4
鶏むね+白米セット 1食,ごはん(精白米),01088,200,312,5.0,0.6,74.2
鶏むね+白米セット 1食,鶏むね(皮なし・生),11220,150,158,35.0,2.8,0.2
あんこトースト 1枚,食パン(8枚切),01026,45,112,4.0,1.8,20.9
あんこトースト 1枚,ゆであずき(あんこ),04002,45,56,3.9,0.4,11.5
はちみつトースト 1枚,食パン(8枚切),01026,45,112,4.0,1.8,20.9
はちみつトースト 1枚,はちみつ,03022,20,66,0.1,0.0,16.4
はちみつトースト 1枚,バター(有塩),14017,10,70,0.1,8.1,0.0
ピーナッツバタートースト 1枚,食パン(8枚切),01026,45,112,4.0,1.8,20.9
ピーナッツバタートースト 1枚,ピーナッツバター,05037,32,192,6.6,16.1,8.0
オートミールバナナボウル 1杯,オートミール(材料),01004,40,140,5.5,2.3,27.6
オートミールバナナボウル 1杯,バナナ(材料),07107,100,93,1.1,0.2,22.5
オートミールバナナボウル 1杯,牛乳,13003,100,61,3.3,3.8,4.8
オートミールバナナボウル 1杯,はちみつ,03022,10,33,0.0,0.0,8.2
磯辺餅 2個,もち,01117,100,223,4.0,0.6,50.8
磯辺餅 2個,しょうゆ(こいくち),17007,6,5,0.5,0.0,0.5
磯辺餅 2個,砂糖(上白糖),03003,3,12,0.0,0.0,3.0
磯辺餅 2個,焼きのり,09004,1,3,0.4,0.0,0.4
プロテイン牛乳割り 1杯,プロテイン(WPC),(手動),30,117,21.9,1.5,3.0
プロテイン牛乳割り 1杯,牛乳,13003,200,122,6.6,7.6,9.6
鶏もも+白米弁当 1食,ごはん(精白米),01088,240,374,6.0,0.7,89.0
鶏もも+白米弁当 1食,鶏もも(皮つき),11221,130,247,21.6,18.5,0.0
鶏もも+白米弁当 1食,ブロッコリー(生),06263,20,7,1.1,0.1,1.3
鶏もも+白米弁当 1食,しょうゆ(こいくち),17007,4,3,0.3,0.0,0.3
鶏もも+白米弁当 1食,砂糖(上白糖),03003,2,8,0.0,0.0,2.0
バナナジュース 1杯,バナナ(材料),07107,100,93,1.1,0.2,22.5
バナナジュース 1杯,牛乳,13003,150,92,4.9,5.7,7.2
アボカド納豆 1人前,アボカド(材料),07006,60,106,1.3,10.5,4.7
アボカド納豆 1人前,納豆(材料),04046,45,83,7.4,4.5,5.4
アボカド納豆 1人前,しょうゆ(こいくち),17007,3,2,0.2,0.0,0.2
アボカド納豆 1人前,わさび(練り),17081,1,3,0.0,0.1,0.4
ブルーベリーヨーグルト 1杯,ヨーグルト(全脂無糖),13025,120,67,4.3,3.6,5.9
ブルーベリーヨーグルト 1杯,冷凍フルーツミックス,07124,30,14,0.2,0.0,3.9
りんごヨーグルト 1杯,ヨーグルト(全脂無糖),13025,130,73,4.7,3.9,6.4
りんごヨーグルト 1杯,りんご,07176,50,28,0.1,0.2,8.1
納豆ごはん 1杯,ごはん(精白米),01088,150,234,3.8,0.4,55.6
納豆ごはん 1杯,納豆(材料),04046,45,83,7.4,4.5,5.4
納豆ごはん 1杯,しょうゆ(こいくち),17007,2,2,0.2,0.0,0.2
納豆卵かけごはん 1杯,ごはん(精白米),01088,150,234,3.8,0.4,55.6
納豆卵かけごはん 1杯,納豆(材料),04046,45,83,7.4,4.5,5.4
納豆卵かけごはん 1杯,卵,12004,55,78,6.7,5.6,0.2
納豆卵かけごはん 1杯,しょうゆ(こいくち),17007,4,3,0.3,0.0,0.3
サバ缶ごはん 1杯,ごはん(精白米),01088,150,234,3.8,0.4,55.6
サバ缶ごはん 1杯,さば缶(水煮),10164,95,165,19.9,10.2,0.2
サバ缶ごはん 1杯,しょうゆ(こいくち),17007,3,2,0.2,0.0,0.2
しらす丼 1杯,ごはん(精白米),01088,150,234,3.8,0.4,55.6
しらす丼 1杯,しらす(釜揚げ),10445,25,21,4.4,0.4,0.0
しらす丼 1杯,しょうゆ(こいくち),17007,3,2,0.2,0.0,0.2
しらす丼 1杯,焼きのり,09004,0.5,1,0.2,0.0,0.2
マグロ納豆 1人前,マグロ刺身(赤身),10253,70,80,18.5,1.0,0.1
マグロ納豆 1人前,納豆(材料),04046,45,83,7.4,4.5,5.4
マグロ納豆 1人前,しょうゆ(こいくち),17007,3,2,0.2,0.0,0.2
マグロ納豆 1人前,長ねぎ,06226,3,1,0.0,0.0,0.2
キムチ奴 1人前,絹ごし豆腐,04033,130,73,6.9,4.6,2.6
キムチ奴 1人前,キムチ,06236,40,11,0.9,0.0,2.2
キムチ奴 1人前,ごま油,14002,3,27,0.0,3.0,0.0
キムチ奴 1人前,しょうゆ(こいくち),17007,2,2,0.2,0.0,0.2
めかぶ奴 1人前,絹ごし豆腐,04033,140,78,7.4,4.9,2.8
めかぶ奴 1人前,めかぶ,09047,50,7,0.4,0.3,1.7
めかぶ奴 1人前,しょうゆ(こいくち),17007,4,3,0.3,0.0,0.3
はちみつヨーグルト 1杯,ヨーグルト(全脂無糖),13025,105,59,3.8,3.2,5.1
はちみつヨーグルト 1杯,はちみつ,03022,15,49,0.0,0.0,12.3
バナナヨーグルト 1杯,ヨーグルト(全脂無糖),13025,120,67,4.3,3.6,5.9
バナナヨーグルト 1杯,バナナ(材料),07107,70,65,0.8,0.1,15.7
バナナヨーグルト 1杯,はちみつ,03022,8,26,0.0,0.0,6.6
納豆そば 1人前,そば(ゆで),01128,260,338,12.5,2.6,67.6
納豆そば 1人前,納豆(材料),04046,45,83,7.4,4.5,5.4
納豆そば 1人前,めんつゆ(3倍濃縮),17030,25,24,1.1,0.0,5.0
納豆そば 1人前,長ねぎ,06226,5,2,0.1,0.0,0.4
オートミール茶漬け 1杯,オートミール(材料),01004,30,105,4.1,1.7,20.7
オートミール茶漬け 1杯,お茶漬けの素,17125,6,15,1.2,0.2,2.2
オートミール茶漬け 1杯,せん茶(浸出液),16037,200,4,0.4,0.0,0.4
サバ缶味噌汁 1杯,かつお昆布だし,17021,150,3,0.4,0.0,0.4
サバ缶味噌汁 1杯,さば缶(水煮),10164,80,139,16.7,8.6,0.2
サバ缶味噌汁 1杯,みそ(淡色辛),17045,12,22,1.5,0.7,2.6
サバ缶味噌汁 1杯,長ねぎ,06226,5,2,0.1,0.0,0.4
アボカド醤油(刺身風) 1人前,アボカド(材料),07006,70,123,1.5,12.2,5.5
アボカド醤油(刺身風) 1人前,しょうゆ(こいくち),17007,6,5,0.5,0.0,0.5
アボカド醤油(刺身風) 1人前,わさび(練り),17081,2,5,0.1,0.2,0.8
ツナ玉ねぎサラダ 1人前,ツナ缶(油漬),10263,35,93,6.2,7.6,0.0
ツナ玉ねぎサラダ 1人前,たまねぎ,06153,70,23,0.7,0.1,5.9
ツナ玉ねぎサラダ 1人前,マヨネーズ,17042,8,53,0.1,6.1,0.3
ツナ玉ねぎサラダ 1人前,ぽん酢しょうゆ,17110,6,3,0.2,0.0,0.4
ちくわきゅうり 1人前,焼きちくわ,10381,50,54,6.6,0.2,6.6
ちくわきゅうり 1人前,きゅうり,06065,30,4,0.3,0.0,0.9
チョコレートケーキ 1切れ,スポンジケーキ,15074,50,142,4.0,3.8,26.0
チョコレートケーキ 1切れ,ミルクチョコレート,15116,25,138,1.7,8.5,14.0
チョコレートケーキ 1切れ,生クリーム(乳脂肪),13014,20,81,0.4,8.6,1.3
チョコレートケーキ 1切れ,ピュアココア,16048,3,12,0.6,0.6,1.3
杏仁豆腐 1個,牛乳,13003,90,55,3.0,3.4,4.3
杏仁豆腐 1個,砂糖(上白糖),03003,12,47,0.0,0.0,11.9
杏仁豆腐 1個,生クリーム(乳脂肪),13014,10,40,0.2,4.3,0.6
杏仁豆腐 1個,ゼラチン,11198,2,7,1.8,0.0,0.0
かき氷(シロップ) 1杯,砂糖(上白糖),03003,25,98,0.0,0.0,24.8
かき氷(シロップ) 1杯,いちごジャム(高糖度),07013,8,20,0.0,0.0,5.1
おはぎ 1個,ごはん(精白米),01088,40,62,1.0,0.1,14.8
おはぎ 1個,こし練りあん,04101,40,102,2.2,0.1,23.5
わらび餅 1人前,片栗粉,02034,22,74,0.0,0.0,18.0
わらび餅 1人前,砂糖(上白糖),03003,14,55,0.0,0.0,13.9
わらび餅 1人前,きな粉,04029,8,36,2.9,2.1,2.3
マカロン 1個,卵白,12014,5,2,0.5,0.0,0.0
マカロン 1個,砂糖(上白糖),03003,8,31,0.0,0.0,7.9
マカロン 1個,アーモンド(フライ味付け),05002,7,44,1.5,3.9,1.3
パフェ(いちご・チョコ) 1個,アイスクリーム(バニラ),13043,60,107,2.3,4.8,13.9
パフェ(いちご・チョコ) 1個,ホイップクリーム,13017,30,123,0.5,12.2,3.9
パフェ(いちご・チョコ) 1個,いちご,07012,40,12,0.4,0.0,3.4
パフェ(いちご・チョコ) 1個,スポンジケーキ,15074,20,57,1.6,1.5,10.4
パフェ(いちご・チョコ) 1個,ミルクチョコレート,15116,15,82,1.0,5.1,8.4
パフェ(いちご・チョコ) 1個,シリアル(コーンフレーク),01137,15,57,1.2,0.3,12.5
クレープ(チョコバナナ) 1個,薄力粉,01015,25,87,2.1,0.4,19.0
クレープ(チョコバナナ) 1個,卵,12004,15,21,1.8,1.5,0.1
クレープ(チョコバナナ) 1個,牛乳,13003,35,21,1.2,1.3,1.7
クレープ(チョコバナナ) 1個,砂糖(上白糖),03003,8,31,0.0,0.0,7.9
クレープ(チョコバナナ) 1個,バター(有塩),14017,4,28,0.0,3.2,0.0
クレープ(チョコバナナ) 1個,ホイップクリーム,13017,25,102,0.4,10.2,3.2
クレープ(チョコバナナ) 1個,バナナ(材料),07107,30,28,0.3,0.1,6.8
クレープ(チョコバナナ) 1個,ミルクチョコレート,15116,8,44,0.6,2.7,4.5
カフェラテ(ミルク入り) 1杯,コーヒー(浸出液),16045,120,5,0.2,0.0,0.8
カフェラテ(ミルク入り) 1杯,牛乳,13003,80,49,2.6,3.0,3.8
ミルクティー(加糖) 1杯,紅茶(浸出液),16044,150,2,0.2,0.0,0.2
ミルクティー(加糖) 1杯,牛乳,13003,40,24,1.3,1.5,1.9
ミルクティー(加糖) 1杯,砂糖(上白糖),03003,8,31,0.0,0.0,7.9
レモンサワー 1杯,焼酎(ロック),16015,60,86,0.0,0.0,0.0
レモンサワー 1杯,レモン果汁,07156,12,3,0.0,0.0,1.0
レモンサワー 1杯,砂糖(上白糖),03003,5,20,0.0,0.0,5.0
アメリカンドッグ 1本,ホットケーキミックス,01024,30,108,2.3,1.2,22.3
アメリカンドッグ 1本,魚肉ソーセージ,10388,40,63,4.6,2.9,5.0
アメリカンドッグ 1本,卵,12004,5,7,0.6,0.5,0.0
アメリカンドッグ 1本,牛乳,13003,12,7,0.4,0.5,0.6
アメリカンドッグ 1本,サラダ油(調合油),14006,8,71,0.0,8.0,0.0
アメリカンドッグ 1本,砂糖(上白糖),03003,3,12,0.0,0.0,3.0
天かす 大さじ2,天ぷら粉,01025,4,13,0.4,0.1,3.0
天かす 大さじ2,サラダ油(調合油),14006,6,53,0.0,6.0,0.0
