カテゴリ,品名,単位,1単位の目安g,数え方,別名(検索用),数値の作り方,優先,kcal,P,F,C,数値ソース,備考
基本食材(のり監修),鶏むね(皮なし) 120g,g,120,g(10刻み),とりむね/鶏胸肉/むね肉,確定済(のり監修),✓,126,28.0,2.3,0.1,のり監修(food_table),
基本食材(のり監修),鶏ささみ 150g,g,150,g(10刻み),ささみ/とりささみ,確定済(のり監修),✓,147,35.8,1.2,0.2,のり監修(food_table),
基本食材(のり監修),豚ヒレ 120g,g,120,g(10刻み),ぶたひれ/ヒレ肉,確定済(のり監修),✓,142,26.6,4.4,0.4,のり監修(food_table),
基本食材(のり監修),全卵 1個,個,50,個,卵/たまご,確定済(のり監修),✓,71,6.1,5.1,0.2,のり監修(food_table),1個=50g換算
基本食材(のり監修),サバ水煮缶 1缶,缶,100,缶,さば缶/鯖缶/さばみずに,確定済(のり監修),✓,174,20.9,10.7,0.2,のり監修(food_table),※1缶=100g換算になっています。実際の缶(内容量150〜190g)に合わせるか要確認
基本食材(のり監修),鮭 100g,g,100,g(10刻み),さけ/しゃけ/サーモン,確定済(のり監修),✓,124,22.3,4.1,0.1,のり監修(food_table),
基本食材(のり監修),木綿豆腐 150g,g,150,g(10刻み),とうふ/もめんどうふ,確定済(のり監修),✓,110,10.5,7.4,2.2,のり監修(food_table),
基本食材(のり監修),納豆 1パック,パック,45,パック,なっとう,確定済(のり監修),✓,86,7.4,4.5,5.4,のり監修(food_table),1パック=45g換算
基本食材(のり監修),無脂肪ギリシャヨーグルト 100g,g,100,g(10刻み),ヨーグルト/ぎりしゃ/オイコス,確定済(のり監修),✓,59,10.2,0.2,4.0,のり監修(food_table),
基本食材(のり監修),プロテイン(WPC) 1杯,杯,30,杯,ぷろていん/ホエイ,確定済(のり監修),✓,117,21.9,1.5,3.0,のり監修(food_table),1杯=30g換算・使用製品の表示に合わせて要確認
基本食材(のり監修),白米(飯) 180g,g,180,g(10刻み),ごはん/白ごはん/はくまい,確定済(のり監修),✓,281,4.5,0.5,66.8,のり監修(food_table),
基本食材(のり監修),玄米(飯) 180g,g,180,g(10刻み),げんまい,確定済(のり監修),✓,274,5.0,1.8,64.1,のり監修(food_table),
基本食材(のり監修),もち麦飯 150g,g,150,g(10刻み),もちむぎ/もち麦ごはん,確定済(のり監修),✓,218,4.1,0.9,46.5,のり監修(food_table),
基本食材(のり監修),オートミール(乾) 40g,g,40,g(10刻み),おーとみーる,確定済(のり監修),✓,140,5.5,2.3,27.6,のり監修(food_table),
基本食材(のり監修),バナナ 1本,本,100,本,ばなな,確定済(のり監修),✓,93,1.1,0.2,22.5,のり監修(food_table),1本=可食部100g換算
基本食材(のり監修),さつまいも 120g,g,120,g(10刻み),さつま芋/やきいも,確定済(のり監修),✓,151,1.4,0.2,38.3,のり監修(food_table),
基本食材(のり監修),そば(ゆで) 180g,g,180,g(10刻み),蕎麦,確定済(のり監修),✓,234,8.6,1.8,46.8,のり監修(food_table),
基本食材(のり監修),ブロッコリー 80g,g,80,g(10刻み),ぶろっこりー,確定済(のり監修),✓,24,2.1,0.3,3.4,のり監修(food_table),
基本食材(のり監修),ほうれん草 80g,g,80,g(10刻み),ほうれんそう,確定済(のり監修),✓,18,2.1,0.4,3.2,のり監修(food_table),
基本食材(のり監修),キャベツ 80g,g,80,g(10刻み),きゃべつ,確定済(のり監修),✓,17,1.0,0.1,4.2,のり監修(food_table),
基本食材(のり監修),玉ねぎ 50g,g,50,g(10刻み),たまねぎ,確定済(のり監修),✓,16,0.5,0.1,4.2,のり監修(food_table),
基本食材(のり監修),なす 60g,g,60,g(10刻み),茄子/ナス,確定済(のり監修),✓,11,0.7,0.1,3.1,のり監修(food_table),
基本食材(のり監修),ピーマン 40g,g,40,g(10刻み),ぴーまん,確定済(のり監修),✓,8,0.4,0.1,2.0,のり監修(food_table),
基本食材(のり監修),トマト 80g,g,80,g(10刻み),とまと,確定済(のり監修),✓,16,0.6,0.1,3.8,のり監修(food_table),
基本食材(のり監修),わかめ(戻し) 30g,g,30,g(10刻み),ワカメ,確定済(のり監修),✓,5,0.6,0.1,1.7,のり監修(food_table),
基本食材(のり監修),しめじ 50g,g,50,g(10刻み),シメジ,確定済(のり監修),✓,11,1.4,0.2,2.4,のり監修(food_table),
基本食材(のり監修),キムチ 40g,g,40,g(10刻み),きむち,確定済(のり監修),✓,11,0.9,0.1,2.2,のり監修(food_table),
基本食材(のり監修),枝豆(ゆで) 60g,g,60,g(10刻み),えだまめ,確定済(のり監修),✓,71,6.9,3.7,5.3,のり監修(food_table),
基本食材(のり監修),アボカド 1個,個,140,個,あぼかど,確定済(のり監修),✓,246,2.9,24.5,11.1,のり監修(food_table),1個=可食部140g換算
基本食材(のり監修),アーモンド 15g,g,15,g(10刻み),あーもんど/ナッツ,確定済(のり監修),✓,88,2.9,7.8,3.1,のり監修(food_table),
基本食材(のり監修),オリーブ油 10g,g,10,g(10刻み),オリーブオイル/おりーぶゆ,確定済(のり監修),✓,89,0.0,10.0,0.0,のり監修(food_table),
基本食材(のり監修),はちみつ 10g,g,10,g(10刻み),ハチミツ/蜂蜜,確定済(のり監修),✓,33,0.0,0.0,8.2,のり監修(food_table),
基本食材(のり監修),きなこ 10g,g,10,g(10刻み),きな粉/黄粉,確定済(のり監修),✓,45,3.7,2.6,2.9,のり監修(food_table),
基本食材(のり監修),ブルーベリー 50g,g,50,g(10刻み),ぶるーべりー,確定済(のり監修),✓,24,0.2,0.1,6.5,のり監修(food_table),
基本食材(のり監修),じゃがいも 100g,g,100,g(10刻み),ジャガイモ/馬鈴薯,確定済(のり監修),✓,59,1.8,0.1,17.3,のり監修(food_table),
基本食材(のり監修),豚もも(脂身なし) 120g,g,120,g(10刻み),ぶたもも/豚もも肉,確定済(のり監修),✓,143,26.5,4.3,0.2,のり監修(food_table),りんご酢ガイド・レシピに登場(豚ヒレの置換先)
基本食材(のり監修),牛もも(脂身なし) 120g,g,120,g(10刻み),ぎゅうもも/牛もも肉,確定済(のり監修),✓,156,25.6,5.9,0.5,のり監修(food_table),指導方針「牛バラ→牛ももに置換」より。乳用肥育牛の値で仮置き
基本食材(のり監修),うどん(ゆで) 250g,g,250,g(10刻み),饂飩,確定済(のり監修),✓,238,6.5,1.0,54.0,のり監修(food_table),献立(sample_plan)で使用実績あり
基本食材(のり監修),小松菜 80g,g,80,g(10刻み),こまつな,確定済(のり監修),✓,10,1.2,0.2,1.9,のり監修(food_table),低脂質カレーレシピで使用
基本食材(のり監修),ごぼう 50g,g,50,g(10刻み),牛蒡/ゴボウ,確定済(のり監修),✓,29,0.9,0.1,7.7,のり監修(food_table),低脂質カレーレシピで使用
基本食材(のり監修),にんじん 50g,g,50,g(10刻み),人参/ニンジン,確定済(のり監修),✓,18,0.3,0.1,4.7,のり監修(food_table),低脂質カレーレシピで使用
基本食材(のり監修),きくらげ(ゆで) 30g,g,30,g(10刻み),キクラゲ/木耳,確定済(のり監修),✓,4,0.2,0.1,1.6,のり監修(food_table),YouTube「神食材」筆頭。乾燥を戻した状態の値
基本食材(のり監修),えのき 50g,g,50,g(10刻み),エノキ/えのきたけ,確定済(のり監修),✓,17,1.4,0.1,3.8,のり監修(food_table),Claude追加提案(きのこ汎用)。不要なら削除OK
基本食材(のり監修),まいたけ 50g,g,50,g(10刻み),マイタケ/舞茸,確定済(のり監修),✓,11,1.0,0.2,2.2,のり監修(food_table),Claude追加提案(きのこ汎用)。不要なら削除OK
基本食材(のり監修),こんにゃく 100g,g,100,g(10刻み),コンニャク/蒟蒻,確定済(のり監修),✓,5,0.1,0.0,2.3,のり監修(food_table),YouTube「かさ増し・低カロリー」言及
基本食材(のり監修),しらたき 100g,g,100,g(10刻み),白滝/糸こんにゃく,確定済(のり監修),✓,7,0.2,0.0,3.0,のり監修(food_table),同上
基本食材(のり監修),大豆ミート(乾) 25g,g,25,g(10刻み),だいずみーと/ソイミート,確定済(のり監修),✓,80,11.6,0.8,9.2,のり監修(food_table),低脂質カレーレシピで使用。製品差が大きく要確認
基本食材(のり監修),チアシード 12g,g,12,g(10刻み),ちあしーど,確定済(のり監修),✓,54,2.3,4.1,4.1,のり監修(food_table),YouTube推奨(大さじ1=約12g)。10g刻みだと粗いので初期量の判断を
基本食材(のり監修),味噌 15g,g,15,g(10刻み),みそ,確定済(のり監修),✓,27,1.9,0.9,3.3,のり監修(food_table),毎日の味噌汁(1食15g)。淡色辛みその値
基本食材(のり監修),豆乳(無調整) 200g,g,200,g(10刻み),とうにゅう,確定済(のり監修),✓,92,7.2,4.0,6.2,のり監修(food_table),YouTube言及。ml≒gで扱う
基本食材(のり監修),カットトマト缶 100g,g,100,g(10刻み),トマト缶/ホールトマト,確定済(のり監修),✓,21,0.9,0.2,4.4,のり監修(food_table),レシピで使用。不要なら削除OK
基本食材(のり監修),梅干し 1個,個,10,個,うめぼし,確定済(のり監修),✓,3,0.1,0.1,0.9,のり監修(food_table),りんご酢ガイド「神食材」。1個=10g塩漬で換算(調味梅干なら数値が変わる)
基本食材(のり監修),りんご酢 1杯,杯,15,杯,リンゴ酢/アップルビネガー,確定済(のり監修),✓,4,0.0,0.0,0.4,のり監修(food_table),毎日昼夜1杯ずつ推奨。1杯=15mlで換算
基本食材(のり監修),ゼラチン 1杯,杯,5,杯,ぜらちん/コラーゲン,確定済(のり監修),✓,17,4.4,0.0,0.0,のり監修(food_table),推奨飲み物(persona)。1杯=5gで換算
基本食材(のり監修),プロセスチーズ(スライス) 1枚,枚,18,枚,チーズ/スライスチーズ,確定済(のり監修),✓,56,4.1,4.7,0.2,のり監修(food_table),注意食材(脂質過多の指導対象)だが記録用に収載。1枚=18g換算
基本食材(のり監修),サラダチキン(市販・プレーン) 1袋,袋,110,袋,さらだちきん,確定済(のり監修),✓,121,26.0,1.5,1.0,のり監修(food_table),コンビニ対応(高タンパク低脂質なら可の方針)。商品差が大きい
基本食材(のり監修),食パン(6枚切) 1枚,枚,60,枚,しょくぱん/パン,確定済(のり監修),✓,149,5.3,2.5,27.8,のり監修(food_table),YouTube指導対象。1枚=60g換算
基本食材(のり監修),ハイボール 1杯,杯,350,杯,はいぼーる/ウイスキー,確定済(のり監修),✓,90,0.0,0.0,0.0,のり監修(food_table),献立キット「お酒の日=2杯180kcal」より1杯90kcalで換算
主食,ごはん 茶碗1杯,杯,150,杯(0.5刻み),ごはん/白米/はくまい,転記,✓,234,3.8,0.5,55.6,転記(成分表01088),既存「白米(飯)g指定」と二本立て
主食,ごはん 大盛り1杯,杯,240,杯(0.5刻み),おおもり,転記,✓,374,6.0,0.7,89.0,転記(成分表01088),
主食,ごはん 子ども茶碗1杯,杯,100,杯(0.5刻み),こども/小盛り,転記,✓,156,2.5,0.3,37.1,転記(成分表01088),
主食,玄米ごはん 茶碗1杯,杯,150,杯(0.5刻み),げんまい,転記,✓,228,4.2,1.5,53.4,転記(成分表01085),既存g指定と二本立て
主食,もち麦ごはん 茶碗1杯,杯,150,杯(0.5刻み),もちむぎ,転記,✓,177,3.3,0.8,42.8,転記(成分表01170),既存g指定と二本立て
主食,雑穀米 茶碗1杯,杯,150,杯(0.5刻み),ざっこくまい/十六穀,積算,,233,3.8,0.6,55.4,積算(内訳台帳),
主食,おかゆ 1杯,杯,250,杯(0.5刻み),お粥/かゆ,転記,,162,2.8,0.2,39.2,転記(成分表01093),全かゆ
主食,雑炊 1杯,杯,300,杯(0.5刻み),ぞうすい/おじや,積算,,233,7.0,2.9,46.3,積算(内訳台帳),
主食,おにぎり(鮭) 1個,個,110,個,さけ/しゃけ,積算,✓,185,5.4,0.8,39.4,積算(内訳台帳),
主食,おにぎり(ツナマヨ) 1個,個,110,個,つなまよ,積算,✓,223,4.5,5.5,39.6,積算(内訳台帳),
主食,おにぎり(梅) 1個,個,110,個,うめ,積算,✓,181,2.9,0.4,42.1,積算(内訳台帳),
主食,おにぎり(昆布) 1個,個,110,個,こんぶ,積算,,182,3.2,0.4,42.1,積算(内訳台帳),
主食,おにぎり(明太子) 1個,個,110,個,めんたいこ,積算,,182,4.8,0.6,39.7,積算(内訳台帳),
主食,焼きおにぎり 1個,個,90,個,やきおにぎり,転記,,149,2.8,0.3,35.5,転記(成分表01112),成分表にあり
主食,赤飯 茶碗1杯,杯,150,杯(0.5刻み),せきはん/お赤飯,転記,,279,6.5,0.9,62.9,転記(成分表01118),
主食,もち 1個,個,50,個,餅/切り餅,転記,✓,112,2.0,0.3,25.4,転記(成分表01117),
主食,食パン(8枚切) 1枚,枚,45,枚,うすぎり,転記,,112,4.0,1.8,20.9,転記(成分表01026),
主食,ロールパン 1個,個,30,個,ろーるぱん,転記,,93,3.0,2.7,14.6,転記(成分表01034),
主食,クロワッサン 1個,個,45,個,くろわっさん,転記,,197,3.6,12.1,19.8,転記(成分表01035),
主食,フランスパン 2切れ,個,50,個,ばげっと/バゲット,転記,,144,4.7,0.7,28.8,転記(成分表01031),
主食,ベーグル 1個,個,90,個,べーぐる,転記,,243,8.6,1.8,49.1,転記(成分表01148),
主食,全粒粉パン 1枚,枚,60,枚,ぜんりゅうふん,転記,✓,151,4.7,3.4,27.3,転記(成分表01208),
主食,菓子パン(あんぱん) 1個,個,100,個,あんぱん,転記,,267,6.8,3.6,53.5,転記(成分表15069),
主食,菓子パン(クリームパン) 1個,個,100,個,くりーむぱん,転記,,286,7.9,7.4,48.3,転記(成分表15070),
主食,菓子パン(メロンパン) 1個,個,100,個,めろんぱん,転記,,349,8.0,10.5,59.9,転記(成分表15132),
主食,カレーパン 1個,個,120,個,かれーぱん,転記,,362,7.9,22.0,38.8,転記(成分表15127),成分表にあり
主食,総菜パン(焼きそばパン) 1個,個,130,個,そうざいぱん,積算,,311,9.0,9.4,51.4,積算(内訳台帳),
主食,サンドイッチ(ハムレタス) 1人前,人前,140,人前(0.5刻み),さんどいっち,積算,,348,12.0,15.9,42.9,積算(内訳台帳),
主食,サンドイッチ(たまご) 1人前,人前,140,人前(0.5刻み),たまごさんど,積算,✓,348,13.2,15.4,43.2,積算(内訳台帳),
主食,ホットドッグ 1個,個,120,個,ほっとどっぐ,積算,,317,10.7,18.6,29.6,積算(内訳台帳),
主食,シリアル(コーンフレーク) 1食,人前,40,人前(0.5刻み),こーんふれーく,転記,,152,3.1,0.7,33.4,転記(成分表01137),牛乳別
主食,グラノーラ 1食,人前,50,人前(0.5刻み),ぐらのーら/フルグラ,市販平均,,220,4.0,8.0,33.0,市販平均,牛乳別
主食,ホットケーキ 2枚,人前,160,人前(0.5刻み),ぱんけーき/パンケーキ,転記,,405,12.3,8.6,72.5,転記(成分表15083),シロップ込み想定は備考
主食,フレンチトースト 1枚,人前,120,人前(0.5刻み),ふれんちとーすと,積算,,238,8.4,10.0,30.9,積算(内訳台帳),
主食,お好み焼き(豚) 1枚,枚,350,枚(0.5刻み),おこのみやき,転記,,476,18.2,22.8,53.2,転記(成分表18053),成分表にあり
主食,たこ焼き 6個,人前,120,人前(0.5刻み),たこやき,積算,,195,10.9,5.2,26.6,積算(内訳台帳),成分表にあり / 成分表に実在せず→積算へ(段階2)
主食,ピザ(マルゲリータ) 1切れ,個,100,個,ぴざ/ぴっつぁ,積算,,217,8.1,8.6,28.1,積算(内訳台帳),Mサイズ1/8×2枚分は備考へ
主食,ピザトースト 1枚,枚,120,枚,ぴざとーすと,積算,,273,12.0,10.9,33.9,積算(内訳台帳),
丼・ワンプレート,カレーライス 1人前,人前,450,人前(0.5刻み),かれー/カレー,積算,,592,16.5,17.4,101.3,積算(内訳台帳),ごはん200g込み・C方式の代表
丼・ワンプレート,カレー(ルーのみ) 1人前,人前,250,人前(0.5刻み),かれーるー,積算,,316,13.9,18.8,30.2,積算(内訳台帳),ごはん別のこだわり派用
丼・ワンプレート,ビーフカレー 1人前,人前,450,人前(0.5刻み),びーふかれー,転記,,536,10.8,40.5,36.4,転記(成分表18001),ごはん200g込み / 成分表に実在発見→転記へ(段階2-2)
丼・ワンプレート,キーマカレー 1人前,人前,400,人前(0.5刻み),きーまかれー,積算,,657,21.2,27.5,89.6,積算(内訳台帳),ごはん200g込み
丼・ワンプレート,バターチキンカレー 1人前,人前,430,人前(0.5刻み),ばたーちきん,積算,,617,20.1,25.2,84.7,積算(内訳台帳),ごはん200g込み
丼・ワンプレート,スープカレー 1人前,人前,500,人前(0.5刻み),すーぷかれー,積算,,517,20.6,17.7,78.6,積算(内訳台帳),ごはん150g込み
丼・ワンプレート,ハヤシライス 1人前,人前,450,人前(0.5刻み),はやしらいす/ハッシュドビーフ,積算,,634,17.4,24.8,92.1,積算(内訳台帳),ごはん200g込み
丼・ワンプレート,牛丼 並盛1杯,杯,400,杯(0.5刻み),ぎゅうどん,積算,,589,18.9,14.6,100.4,積算(内訳台帳),ごはん250g込み
丼・ワンプレート,牛丼(具のみ) 1人前,人前,150,人前(0.5刻み),ぎゅうどんのぐ,積算,,219,13.0,13.9,12.0,積算(内訳台帳),ごはん別用
丼・ワンプレート,親子丼 1杯,杯,400,杯(0.5刻み),おやこどん,積算,,536,19.4,9.0,98.0,積算(内訳台帳),ごはん250g込み
丼・ワンプレート,カツ丼 1杯,杯,450,杯(0.5刻み),かつどん,積算,,842,31.7,37.1,103.5,積算(内訳台帳),ごはん250g込み
丼・ワンプレート,豚丼 1杯,杯,400,杯(0.5刻み),ぶたどん,積算,,670,17.2,25.9,97.4,積算(内訳台帳),ごはん250g込み
丼・ワンプレート,天丼 1杯,杯,420,杯(0.5刻み),てんどん,積算,,672,24.1,17.2,111.0,積算(内訳台帳),ごはん250g込み
丼・ワンプレート,海鮮丼 1杯,杯,380,杯(0.5刻み),かいせんどん,積算,,535,28.5,8.4,90.4,積算(内訳台帳),ごはん230g込み
丼・ワンプレート,鉄火丼 1杯,杯,360,杯(0.5刻み),てっかどん/まぐろ丼,積算,✓,480,28.1,2.1,90.9,積算(内訳台帳),ごはん230g込み
丼・ワンプレート,ねぎとろ丼 1杯,杯,370,杯(0.5刻み),ねぎとろ,積算,,519,25.5,7.7,90.9,積算(内訳台帳),ごはん230g込み
丼・ワンプレート,うな丼 1杯,杯,400,杯(0.5刻み),うなどん/うなぎ,積算,,675,29.4,21.7,95.6,積算(内訳台帳),ごはん250g込み
丼・ワンプレート,中華丼 1杯,杯,450,杯(0.5刻み),ちゅうかどん,積算,,490,16.4,6.5,95.9,積算(内訳台帳),ごはん250g込み
丼・ワンプレート,麻婆丼 1杯,杯,430,杯(0.5刻み),まーぼーどん,積算,,562,20.0,13.0,95.9,積算(内訳台帳),ごはん250g込み
丼・ワンプレート,ロコモコ丼 1人前,人前,450,人前(0.5刻み),ろこもこ,積算,,700,27.8,22.6,102.9,積算(内訳台帳),
丼・ワンプレート,タコライス 1人前,人前,400,人前(0.5刻み),たこらいす,積算,,617,21.6,17.9,97.9,積算(内訳台帳),
丼・ワンプレート,ガパオライス 1人前,人前,400,人前(0.5刻み),がぱお,積算,,694,29.3,24.3,97.2,積算(内訳台帳),
丼・ワンプレート,オムライス 1人前,人前,410,人前(0.5刻み),おむらいす,積算,,666,24.7,27.0,85.4,積算(内訳台帳),デモ済(666kcal)
丼・ワンプレート,チャーハン 1人前,人前,300,人前(0.5刻み),ちゃーはん/炒飯/焼き飯,転記,,618,15.0,15.6,99.9,転記(成分表18057),成分表にあり
丼・ワンプレート,エビピラフ 1人前,人前,300,人前(0.5刻み),ぴらふ,転記,✓,438,9.9,6.9,89.4,転記(成分表18014),成分表にあり
丼・ワンプレート,チキンライス 1人前,人前,300,人前(0.5刻み),ちきんらいす,積算,,469,12.4,11.2,83.6,積算(内訳台帳),成分表にあり / 成分表に実在せず→積算へ(段階2)
丼・ワンプレート,ドリア 1人前,人前,350,人前(0.5刻み),どりあ,積算,,532,15.2,19.0,78.5,積算(内訳台帳),
丼・ワンプレート,リゾット 1人前,人前,300,人前(0.5刻み),りぞっと,積算,,413,11.1,15.2,62.6,積算(内訳台帳),
丼・ワンプレート,ビビンバ 1人前,人前,450,人前(0.5刻み),びびんば,積算,,711,24.5,26.5,101.9,積算(内訳台帳),
丼・ワンプレート,ルーロー飯 1杯,杯,400,杯(0.5刻み),るーろーはん/魯肉飯,積算,,779,25.1,34.3,97.9,積算(内訳台帳),
丼・ワンプレート,寿司(にぎり10貫) 1人前,人前,350,人前(0.5刻み),すし/おすし/握り,積算,,511,29.4,10.4,79.3,積算(内訳台帳),
丼・ワンプレート,いなり寿司 1個,個,60,個,いなり,積算,,133,4.6,5.3,17.8,積算(内訳台帳),成分表にあり / 成分表に実在せず→積算へ(段階2)
丼・ワンプレート,巻き寿司(太巻き) 1切れ,個,50,個,まきずし/のり巻き,積算,,71,3.0,0.7,14.4,積算(内訳台帳),成分表に実在せず→積算へ(段階2)
丼・ワンプレート,ちらし寿司 1人前,人前,350,人前(0.5刻み),ちらし,積算,,514,24.5,8.1,90.6,積算(内訳台帳),成分表にあり / 成分表に実在せず→積算へ(段階2)
麺類,かけうどん 1杯,杯,450,杯(0.5刻み),うどん,積算,,308,10.4,0.9,67.5,積算(内訳台帳),汁込み
麺類,きつねうどん 1杯,杯,500,杯(0.5刻み),きつね,積算,,421,16.6,9.5,71.9,積算(内訳台帳),成分表にあり / 成分表に実在せず→積算へ(段階2)
麺類,肉うどん 1杯,杯,500,杯(0.5刻み),にくうどん,積算,,443,19.4,10.8,72.2,積算(内訳台帳),
麺類,天ぷらうどん 1杯,杯,500,杯(0.5刻み),てんぷらうどん,積算,,386,18.4,5.0,70.1,積算(内訳台帳),
麺類,カレーうどん 1杯,杯,550,杯(0.5刻み),かれーうどん,積算,,516,15.3,18.4,78.3,積算(内訳台帳),
麺類,焼きうどん 1人前,人前,350,人前(0.5刻み),やきうどん,積算,,461,13.8,21.2,58.9,積算(内訳台帳),
麺類,ざるそば 1人前,人前,300,人前(0.5刻み),そば/もりそば,積算,,371,13.9,2.8,74.0,積算(内訳台帳),つゆ込み
麺類,かけそば 1杯,杯,450,杯(0.5刻み),かけ,積算,,419,16.5,2.6,83.7,積算(内訳台帳),
麺類,月見そば 1杯,杯,500,杯(0.5刻み),つきみ,積算,,497,23.2,8.2,83.9,積算(内訳台帳),
麺類,天ぷらそば 1杯,杯,500,杯(0.5刻み),てんぷらそば,積算,,497,24.5,6.7,86.3,積算(内訳台帳),成分表にあり / 成分表に実在せず→積算へ(段階2)
麺類,鴨南蛮そば 1杯,杯,520,杯(0.5刻み),かもなんばん,積算,,543,26.9,11.1,85.8,積算(内訳台帳),
麺類,山かけそば 1杯,杯,500,杯(0.5刻み),やまかけ/とろろそば,積算,✓,452,17.6,2.9,90.6,積算(内訳台帳),
麺類,そうめん 1人前,人前,270,人前(0.5刻み),素麺/にゅうめん,積算,✓,299,9.6,1.0,67.1,積算(内訳台帳),ゆで270g+つゆ
麺類,醤油ラーメン 1杯,杯,550,杯(0.5刻み),らーめん/ラーメン,積算,,514,22.3,18.9,70.3,積算(内訳台帳),成分表にあり / 成分表に実在せず→積算へ(段階2)
麺類,味噌ラーメン 1杯,杯,580,杯(0.5刻み),みそらーめん,積算,,484,21.6,13.7,76.6,積算(内訳台帳),
麺類,塩ラーメン 1杯,杯,550,杯(0.5刻み),しおらーめん,積算,,478,20.6,16.1,69.2,積算(内訳台帳),成分表にあり / 成分表に実在せず→積算へ(段階2)
麺類,とんこつラーメン 1杯,杯,550,杯(0.5刻み),とんこつ,積算,,567,21.9,25.6,69.1,積算(内訳台帳),
麺類,つけ麺 1人前,人前,600,人前(0.5刻み),つけめん,積算,,731,28.7,24.5,108.3,積算(内訳台帳),
麺類,担々麺 1杯,杯,580,杯(0.5刻み),たんたんめん,積算,,636,27.1,29.2,75.6,積算(内訳台帳),
麺類,冷やし中華 1人前,人前,450,人前(0.5刻み),ひやしちゅうか,積算,,474,20.3,8.5,85.0,積算(内訳台帳),成分表にあり / 成分表に実在せず→積算へ(段階2)
麺類,焼きそば 1人前,人前,350,人前(0.5刻み),やきそば/ソース焼きそば,積算,,530,16.4,23.4,73.2,積算(内訳台帳),成分表にあり / 成分表に実在せず→積算へ(段階2)
麺類,あんかけ焼きそば 1人前,人前,450,人前(0.5刻み),あんかけ,積算,,474,19.9,17.3,68.1,積算(内訳台帳),
麺類,ちゃんぽん 1杯,杯,600,杯(0.5刻み),ちゃんぽん,積算,,513,25.3,16.6,73.0,積算(内訳台帳),
麺類,沖縄そば 1杯,杯,550,杯(0.5刻み),おきなわそば/ソーキそば,積算,,522,22.3,19.7,69.7,積算(内訳台帳),
麺類,ミートソーススパゲッティ 1人前,人前,350,人前(0.5刻み),みーとそーす/ボロネーゼ,積算,,495,19.0,12.4,84.0,積算(内訳台帳),成分表にあり / 成分表に実在せず→積算へ(段階2)
麺類,ナポリタン 1人前,人前,350,人前(0.5刻み),なぽりたん,積算,,565,18.2,19.9,86.2,積算(内訳台帳),成分表にあり / 成分表に実在せず→積算へ(段階2)
麺類,カルボナーラ 1人前,人前,320,人前(0.5刻み),かるぼなーら,積算,,622,27.8,27.4,73.3,積算(内訳台帳),
麺類,ペペロンチーノ 1人前,人前,280,人前(0.5刻み),ぺぺろん,積算,,475,15.6,16.2,72.9,積算(内訳台帳),成分表にあり / 成分表に実在せず→積算へ(段階2)
麺類,たらこスパゲッティ 1人前,人前,300,人前(0.5刻み),たらこぱすた,積算,,470,20.5,14.5,71.4,積算(内訳台帳),
麺類,和風きのこパスタ 1人前,人前,320,人前(0.5刻み),きのこぱすた,積算,,468,17.7,13.9,75.8,積算(内訳台帳),
麺類,トマトソースパスタ 1人前,人前,330,人前(0.5刻み),とまとぱすた,積算,,454,13.9,12.2,78.5,積算(内訳台帳),
麺類,ジェノベーゼ 1人前,人前,300,人前(0.5刻み),じぇのべーぜ/バジル,積算,,597,18.7,28.6,72.9,積算(内訳台帳),
麺類,ラザニア 1人前,人前,300,人前(0.5刻み),らざにあ,積算,,403,16.8,14.7,55.2,積算(内訳台帳),
麺類,グラタン(マカロニ) 1人前,人前,300,人前(0.5刻み),ぐらたん,積算,,428,17.1,20.7,47.1,積算(内訳台帳),成分表にあり / 成分表に実在せず→積算へ(段階2)
麺類,ビーフン(焼き) 1人前,人前,250,人前(0.5刻み),びーふん,積算,,391,8.9,16.3,54.0,積算(内訳台帳),成分表に実在せず→積算へ(段階2)
麺類,フォー 1杯,杯,450,杯(0.5刻み),ふぉー,積算,,324,18.1,3.0,57.6,積算(内訳台帳),
麺類,パッタイ 1人前,人前,350,人前(0.5刻み),ぱったい,積算,,468,16.9,16.4,65.2,積算(内訳台帳),
麺類,冷麺(盛岡風) 1人前,人前,450,人前(0.5刻み),れいめん,積算,,401,17.8,4.7,78.2,積算(内訳台帳),
麺類,カップラーメン 1個,個,78,個,かっぷめん/カップ麺,市販平均,,351,10.5,14.6,45.7,市販平均,標準サイズ・湯込みでなく麺量78g
麺類,カップ焼きそば 1個,個,130,個,かっぷやきそば/ペヤング,市販平均,,556,9.0,27.0,74.0,市販平均,
肉料理,鶏の唐揚げ 1個,個,30,個,からあげ/竜田揚げ,積算,,92,7.3,5.4,4.0,積算(内訳台帳),3個=1人前の案内
肉料理,鶏の照り焼き 1人前,人前,120,人前(0.5刻み),てりやき/照焼チキン,積算,,250,17.2,17.2,6.7,積算(内訳台帳),
肉料理,焼き鳥(もも・タレ) 1本,本,45,本,やきとり,積算,,81,6.5,5.4,2.0,積算(内訳台帳),成分表にあり / 成分表に実在せず→積算へ(段階2)
肉料理,焼き鳥(ねぎま) 1本,本,45,本,ねぎま,積算,,65,5.0,4.0,2.7,積算(内訳台帳),
肉料理,焼き鳥(皮) 1本,本,30,本,かわ,積算,,138,2.0,14.4,1.1,積算(内訳台帳),
肉料理,焼き鳥(ささみ) 1本,本,40,本,ささみぐし,積算,✓,39,9.6,0.3,0.0,積算(内訳台帳),
肉料理,チキンステーキ 1枚,枚,200,枚(0.5刻み),ちきんすてーき,積算,,393,30.4,30.6,0.9,積算(内訳台帳),もも1枚
肉料理,グリルチキン(むね) 1枚,枚,150,枚(0.5刻み),ぐりるちきん,積算,✓,233,30.1,13.3,0.4,積算(内訳台帳),
肉料理,チキン南蛮 1人前,人前,180,人前(0.5刻み),ちきんなんばん,積算,,521,21.1,44.1,13.4,積算(内訳台帳),タルタル込み
肉料理,鶏むねの塩麹焼き 1人前,人前,150,人前(0.5刻み),しおこうじ,積算,✓,193,30.8,6.6,4.9,積算(内訳台帳),
肉料理,蒸し鶏(よだれ鶏) 1人前,人前,150,人前(0.5刻み),むしどり/よだれどり,積算,,194,28.9,7.8,3.7,積算(内訳台帳),
肉料理,棒々鶏 1人前,人前,150,人前(0.5刻み),ばんばんじー,積算,,161,27.0,4.4,5.2,積算(内訳台帳),
肉料理,豚の生姜焼き 1人前,人前,150,人前(0.5刻み),しょうがやき,積算,,345,22.1,25.2,7.4,積算(内訳台帳),成分表にあり(ぶた生姜焼き) / 成分表に実在せず→積算へ(段階2)
肉料理,豚しゃぶ(冷しゃぶ) 1人前,人前,150,人前(0.5刻み),ひやしゃぶ/れいしゃぶ,積算,,296,20.7,21.5,5.9,積算(内訳台帳),タレ別
肉料理,とんかつ(ロース) 1枚,枚,150,枚(0.5刻み),とんかつ,転記,,644,33.0,53.9,14.7,転記(成分表11276),成分表にあり
肉料理,とんかつ(ヒレ) 1人前,人前,120,人前(0.5刻み),ひれかつ,転記,✓,455,30.1,30.4,17.9,転記(成分表11279),成分表にあり
肉料理,豚の角煮 1人前,人前,150,人前(0.5刻み),かくに,積算,,462,16.7,38.9,11.8,積算(内訳台帳),
肉料理,豚キムチ炒め 1人前,人前,180,人前(0.5刻み),ぶたきむち,積算,✓,398,15.1,37.0,4.7,積算(内訳台帳),
肉料理,回鍋肉 1人前,人前,200,人前(0.5刻み),ほいこーろー,積算,,401,13.9,35.4,10.1,積算(内訳台帳),成分表にあり / 成分表に実在せず→積算へ(段階2)
肉料理,豚バラ焼き(サムギョプサル) 1人前,人前,150,人前(0.5刻み),さむぎょぷさる,積算,,485,18.1,45.8,3.7,積算(内訳台帳),
肉料理,ハンバーグ 1個,個,150,個(0.5刻み),はんばーぐ,転記,,296,20.1,18.3,15.0,転記(成分表18050),成分表にあり(合いびき)
肉料理,チーズハンバーグ 1個,個,170,個(0.5刻み),ちーずはんばーぐ,積算,,338,22.7,21.4,15.9,積算(内訳台帳),
肉料理,豆腐ハンバーグ 1個,個,150,個(0.5刻み),とうふはんばーぐ,転記,✓,213,14.8,13.8,12.6,転記(成分表18052),成分表にあり
肉料理,ビーフステーキ(サーロイン) 1枚,枚,200,枚(0.5刻み),すてーき/ステーキ,積算,,634,31.7,57.0,1.2,積算(内訳台帳),
肉料理,ビーフステーキ(赤身・ヒレ) 1枚,枚,150,枚(0.5刻み),あかみすてーき,積算,✓,294,30.4,20.2,1.0,積算(内訳台帳),
肉料理,焼肉(カルビ) 1人前,人前,100,人前(0.5刻み),かるび,積算,,348,11.5,33.8,5.1,積算(内訳台帳),タレ込み
肉料理,焼肉(ロース) 1人前,人前,100,人前(0.5刻み),やきにく,積算,,275,14.4,22.8,5.0,積算(内訳台帳),タレ込み
肉料理,焼肉(ハラミ) 1人前,人前,100,人前(0.5刻み),はらみ,積算,,269,13.2,23.5,5.1,積算(内訳台帳),
肉料理,焼肉(タン) 1人前,人前,80,人前(0.5刻み),たん/牛タン,積算,,250,9.3,25.3,0.6,積算(内訳台帳),
肉料理,ローストビーフ 1人前,人前,80,人前(0.5刻み),ろーすとびーふ,転記,,152,17.4,9.4,0.7,転記(成分表11104),
肉料理,牛すじ煮込み 1人前,人前,150,人前(0.5刻み),ぎゅうすじ,積算,,174,26.6,4.8,9.3,積算(内訳台帳),
肉料理,肉じゃが 1人前,人前,200,人前(0.5刻み),にくじゃが,転記,✓,156,8.6,2.6,26.0,転記(成分表18036),成分表にあり
肉料理,青椒肉絲 1人前,人前,180,人前(0.5刻み),ちんじゃおろーす,積算,,235,16.8,15.3,9.4,積算(内訳台帳),成分表にあり / 成分表に実在せず→積算へ(段階2)
肉料理,ミートボール 3個,人前,90,人前(0.5刻み),みーとぼーる/肉団子,転記,,179,9.2,11.2,12.1,転記(成分表18015),成分表にあり
肉料理,メンチカツ 1個,個,90,個,めんちかつ,転記,,246,9.6,16.8,16.8,転記(成分表18022),成分表にあり
肉料理,コロッケ(ポテト) 1個,個,80,個,ころっけ,転記,,181,4.2,10.1,20.2,転記(成分表18018),成分表にあり
肉料理,ロールキャベツ 1個,個,120,個,ろーるきゃべつ,積算,,127,9.0,7.6,8.2,積算(内訳台帳),
肉料理,餃子 1個,個,25,個,ぎょうざ,転記,,52,1.7,2.8,5.6,転記(成分表18002),成分表にあり
肉料理,シュウマイ 1個,個,25,個,しゅうまい/焼売,転記,,48,2.3,2.3,4.9,転記(成分表18012),成分表にあり
肉料理,春巻き 1本,本,60,本,はるまき,転記,,133,3.6,5.1,18.1,転記(成分表18056),成分表にあり / 脂質は原表不整合のためエネルギー整合値に補正(8.5/100g)
肉料理,酢豚 1人前,人前,200,人前(0.5刻み),すぶた,転記,,154,9.2,6.6,15.2,転記(成分表18047),成分表にあり
肉料理,麻婆豆腐 1人前,人前,220,人前(0.5刻み),まーぼーどうふ,転記,✓,229,17.2,15.0,8.4,転記(成分表18049),成分表にあり
肉料理,麻婆茄子 1人前,人前,200,人前(0.5刻み),まーぼーなす,積算,,240,9.6,18.8,12.2,積算(内訳台帳),
肉料理,ジンギスカン 1人前,人前,150,人前(0.5刻み),じんぎすかん/ラム,積算,✓,200,21.3,12.4,7.7,積算(内訳台帳),
肉料理,ソーセージ 1本,本,20,本,そーせーじ/ウインナー,転記,,64,2.3,6.1,0.7,転記(成分表11186),
肉料理,ベーコン 1枚,枚,17,枚,べーこん,転記,,34,2.9,2.5,0.5,転記(成分表11184),
肉料理,ハム(ロース) 1枚,枚,15,枚,はむ,転記,,32,2.8,2.2,0.3,転記(成分表11176),
肉料理,生ハム 3枚,人前,30,人前(0.5刻み),なまはむ,転記,,73,7.2,5.0,0.1,転記(成分表11181),
肉料理,鶏レバー煮 1人前,人前,80,人前(0.5刻み),ればー/レバニラ用,積算,,97,13.6,2.2,6.2,積算(内訳台帳),
肉料理,レバニラ炒め 1人前,人前,180,人前(0.5刻み),ればにら,積算,,163,17.0,8.6,6.2,積算(内訳台帳),
肉料理,もつ煮込み 1人前,人前,180,人前(0.5刻み),もつに,積算,,244,13.4,19.3,6.9,積算(内訳台帳),
魚料理,鮭の塩焼き 1切れ,個,80,個,しゃけ/やきざかな,積算,✓,99,17.8,3.3,0.1,積算(内訳台帳),
魚料理,銀鮭の塩焼き 1切れ,個,80,個,ぎんじゃけ,積算,✓,150,15.7,10.2,0.2,積算(内訳台帳),
魚料理,サバの塩焼き 1切れ,個,90,個,さば/鯖,積算,✓,190,18.5,15.1,0.3,積算(内訳台帳),
魚料理,サバの味噌煮 1切れ,個,120,個,さばみそ,転記,✓,252,19.6,16.7,7.9,転記(成分表10165),成分表にあり
魚料理,アジの開き 1枚,枚,90,枚,あじ/干物,積算,✓,135,18.2,7.9,0.1,積算(内訳台帳),
魚料理,ホッケの開き 半身,人前,150,人前(0.5刻み),ほっけ,積算,,242,30.9,14.1,0.2,積算(内訳台帳),
魚料理,サンマの塩焼き 1尾,本,100,本,さんま/秋刀魚,積算,,287,18.1,25.6,0.1,積算(内訳台帳),
魚料理,イワシの塩焼き 1尾,本,60,本,いわし,積算,✓,94,11.5,5.5,0.1,積算(内訳台帳),
魚料理,ブリの照り焼き 1切れ,個,90,個,ぶりてり,転記,,234,23.6,18.4,0.3,転記(成分表10242),成分表にあり
魚料理,ぶり大根 1人前,人前,250,人前(0.5刻み),ぶりだいこん,積算,,234,16.4,12.4,17.1,積算(内訳台帳),
魚料理,カレイの煮付け 1切れ,個,120,個,かれい/煮魚,積算,,132,20.3,1.3,8.2,積算(内訳台帳),
魚料理,金目鯛の煮付け 1切れ,個,120,個,きんめだい,積算,,195,18.4,9.0,9.5,積算(内訳台帳),
魚料理,タラの塩焼き 1切れ,個,80,個,たら/鱈,積算,,58,14.1,0.2,0.1,積算(内訳台帳),
魚料理,ムニエル(タラ・鮭) 1切れ,個,100,個,むにえる,積算,✓,186,20.5,10.3,4.2,積算(内訳台帳),
魚料理,アクアパッツァ 1人前,人前,250,人前(0.5刻み),あくあぱっつぁ,積算,,186,16.9,10.5,3.6,積算(内訳台帳),
魚料理,アジフライ 1枚,枚,80,枚,あじふらい,転記,✓,216,16.1,14.6,6.3,転記(成分表10390),成分表にあり
魚料理,白身魚フライ 1枚,枚,80,枚,しろみふらい,転記,,239,7.8,17.4,13.0,転記(成分表18021),成分表にあり
魚料理,エビフライ 1本,本,40,本,えびふらい,転記,✓,94,6.4,4.6,8.2,転記(成分表18020),成分表にあり
魚料理,カキフライ 1個,個,40,個,かきふらい,転記,,102,3.0,4.4,13.2,転記(成分表10430),成分表にあり
魚料理,天ぷら盛り合わせ 1人前,人前,150,人前(0.5刻み),てんぷら,積算,,350,14.0,24.5,21.5,積算(内訳台帳),エビ2・野菜3想定
魚料理,エビの天ぷら 1本,本,35,本,えびてん,転記,✓,68,7.0,3.6,2.3,転記(成分表10416),成分表にあり
魚料理,エビチリ 1人前,人前,180,人前(0.5刻み),えびちり,積算,✓,183,20.4,7.4,10.1,積算(内訳台帳),成分表にあり / 成分表に実在せず→積算へ(段階2)
魚料理,エビマヨ 1人前,人前,150,人前(0.5刻み),えびまよ,積算,✓,334,20.1,26.1,8.0,積算(内訳台帳),
魚料理,刺身盛り合わせ 1人前,人前,120,人前(0.5刻み),さしみ/お造り,積算,,195,25.8,11.0,0.6,積算(内訳台帳),7切れ想定
魚料理,マグロ刺身(赤身) 5切れ,人前,60,人前(0.5刻み),まぐろ,転記,✓,69,15.8,0.8,0.1,転記(成分表10253),
魚料理,サーモン刺身 5切れ,人前,60,人前(0.5刻み),さーもんさしみ,転記,,134,11.8,10.2,0.1,転記(成分表10438),
魚料理,カツオのたたき 1人前,人前,100,人前(0.5刻み),かつお,転記,✓,108,25.8,0.5,0.1,転記(成分表10086),
魚料理,しらす(釜揚げ) 大さじ2,人前,20,人前(0.5刻み),しらす,転記,✓,17,3.5,0.3,0.0,転記(成分表10445),
魚料理,ちくわ 1本,本,30,本,竹輪,転記,✓,32,4.0,0.1,4.0,転記(成分表10381),
魚料理,かまぼこ 2切れ,人前,30,人前(0.5刻み),蒲鉾,転記,,28,3.6,0.3,2.9,転記(成分表10379),
魚料理,カニカマ 1本,本,15,本,かにかま,転記,,13,1.8,0.1,1.4,転記(成分表10376),
魚料理,さつま揚げ 1枚,枚,60,枚,さつまあげ,転記,,70,6.8,1.4,7.6,転記(成分表10386),
魚料理,はんぺん 1枚,枚,100,枚,はんぺん,転記,,93,9.9,1.0,11.4,転記(成分表10385),
魚料理,ツナ缶(水煮) 1缶,個,70,個,つな/シーチキン,転記,✓,49,11.2,0.5,0.1,転記(成分表10260),
魚料理,ツナ缶(油漬) 1缶,個,70,個,つなあぶら,転記,✓,186,12.4,15.2,0.1,転記(成分表10263),
魚料理,イワシ缶(味付) 1缶,個,100,個,いわしかん,転記,✓,203,20.4,11.9,5.7,転記(成分表10061),
魚料理,エビ(ボイル) 5尾,人前,60,人前(0.5刻み),えび/海老,転記,✓,49,11.8,0.4,0.4,転記(成分表10415),
魚料理,イカ(刺身・焼き) 1人前,人前,80,人前(0.5刻み),いか,転記,,61,14.3,0.6,0.1,転記(成分表10345),
魚料理,タコ(ゆで) 1人前,人前,80,人前(0.5刻み),たこ,転記,✓,73,17.4,0.6,0.1,転記(成分表10362),
魚料理,ホタテ(刺身・焼き) 3個,人前,60,人前(0.5刻み),ほたて,転記,,49,10.1,0.2,2.1,転記(成分表10313),
魚料理,あさりの酒蒸し 1人前,人前,120,人前(0.5刻み),あさり,積算,,67,5.8,3.1,1.4,積算(内訳台帳),殻付き換算は備考
魚料理,牡蠣(生・蒸し) 3個,人前,60,人前(0.5刻み),かき,転記,,35,4.1,1.3,2.9,転記(成分表10292),
魚料理,うなぎの蒲焼 1串,人前,100,人前(0.5刻み),うなぎかばやき,転記,,285,23.0,21.0,3.1,転記(成分表10070),
卵・大豆・乳,ゆで卵 1個,個,50,個,ゆでたまご,転記,✓,67,6.2,5.2,0.1,転記(成分表12005),
卵・大豆・乳,目玉焼き 1個,個,55,個,めだまやき,転記,,113,8.1,9.7,0.2,転記(成分表12021),油込み / 成分表に実在発見→転記へ(段階2-2)
卵・大豆・乳,スクランブルエッグ 卵2個分,人前,120,人前(0.5刻み),すくらんぶる/炒り卵,積算,✓,204,13.8,16.5,0.9,積算(内訳台帳),
卵・大豆・乳,だし巻き卵 2切れ,人前,80,人前(0.5刻み),だしまき/卵焼き,転記,✓,98,8.8,7.4,0.4,転記(成分表12019),成分表にあり
卵・大豆・乳,オムレツ(プレーン) 1個,人前,120,人前(0.5刻み),おむれつ,積算,,203,13.7,16.4,0.8,積算(内訳台帳),成分表にあり / 成分表に実在せず→積算へ(段階2)
卵・大豆・乳,温泉卵 1個,個,50,個,おんせんたまご/おんたま,転記,✓,71,6.1,5.1,0.2,転記(成分表12004),
卵・大豆・乳,茶碗蒸し 1個,個,150,個,ちゃわんむし,積算,,78,7.2,4.6,2.7,積算(内訳台帳),成分表にあり / 成分表に実在せず→積算へ(段階2)
卵・大豆・乳,ニラ玉 1人前,人前,150,人前(0.5刻み),にらたま,積算,,222,14.2,17.3,2.9,積算(内訳台帳),
卵・大豆・乳,かに玉 1人前,人前,200,人前(0.5刻み),かにたま/天津飯の具,積算,,288,17.2,19.5,11.1,積算(内訳台帳),
卵・大豆・乳,冷奴 1人前,人前,150,人前(0.5刻み),ひややっこ,積算,,82,8.1,4.6,3.4,積算(内訳台帳),豆腐半丁+薬味
卵・大豆・乳,湯豆腐 1人前,人前,200,人前(0.5刻み),ゆどうふ,積算,✓,119,11.4,7.4,3.7,積算(内訳台帳),
卵・大豆・乳,揚げ出し豆腐 1人前,人前,150,人前(0.5刻み),あげだしどうふ,積算,✓,209,8.3,15.4,10.9,積算(内訳台帳),
卵・大豆・乳,絹ごし豆腐 100g,g,100,g(10刻み),きぬごし,転記,✓,56,5.3,3.5,2.0,転記(成分表04033),既存木綿と対
卵・大豆・乳,厚揚げ(焼き) 1/2枚,人前,100,人前(0.5刻み),あつあげ,転記,,143,10.7,11.3,0.9,転記(成分表04039),
卵・大豆・乳,油揚げ 1枚,枚,30,枚,あぶらあげ,転記,,113,7.0,10.3,0.1,転記(成分表04040),
卵・大豆・乳,高野豆腐の煮物 1人前,人前,100,人前(0.5刻み),こうやどうふ,積算,✓,112,9.2,5.8,6.6,積算(内訳台帳),
卵・大豆・乳,おから(卯の花) 小鉢1,人前,80,人前(0.5刻み),うのはな/おから,転記,,67,3.5,3.3,8.6,転記(成分表18029),成分表にあり
卵・大豆・乳,豆乳(調製) コップ1杯,杯,200,杯(0.5刻み),ちょうせいとうにゅう,転記,✓,122,6.4,7.2,9.6,転記(成分表04053),無調整は既存
卵・大豆・乳,牛乳 コップ1杯,杯,200,杯(0.5刻み),ぎゅうにゅう/ミルク,転記,,122,6.6,7.6,9.6,転記(成分表13003),
卵・大豆・乳,低脂肪乳 コップ1杯,杯,200,杯(0.5刻み),ていしぼうにゅう,転記,,84,7.6,2.0,11.0,転記(成分表13005),
卵・大豆・乳,飲むヨーグルト コップ1杯,杯,180,杯(0.5刻み),のむよーぐると,転記,✓,115,5.2,0.9,22.0,転記(成分表13027),
卵・大豆・乳,ヨーグルト(加糖) 1個,個,80,個,かとうよーぐると,転記,✓,52,3.4,0.2,9.5,転記(成分表13026),
卵・大豆・乳,カッテージチーズ 大さじ2,人前,30,人前(0.5刻み),かってーじ,転記,,30,4.0,1.4,0.6,転記(成分表13033),
卵・大豆・乳,モッツァレラチーズ 1/2個,人前,50,人前(0.5刻み),もっつぁれら,転記,,134,9.2,9.9,2.1,転記(成分表13056),
卵・大豆・乳,カマンベールチーズ 1/4個,人前,25,人前(0.5刻み),かまんべーる,転記,,73,4.8,6.2,0.2,転記(成分表13034),
鍋・汁物,味噌汁(豆腐・わかめ) 1杯,杯,180,杯(0.5刻み),みそしる/おみそしる,積算,✓,38,3.2,1.4,4.0,積算(内訳台帳),
鍋・汁物,味噌汁(なめこ) 1杯,杯,180,杯(0.5刻み),なめこじる,積算,✓,30,2.5,0.7,4.3,積算(内訳台帳),
鍋・汁物,豚汁 1杯,杯,250,杯(0.5刻み),とんじる/ぶたじる,転記,,65,3.8,3.8,5.0,転記(成分表18028),成分表にあり
鍋・汁物,けんちん汁 1杯,杯,250,杯(0.5刻み),けんちん,積算,,69,3.4,4.5,5.0,積算(内訳台帳),成分表にあり / 成分表に実在せず→積算へ(段階2)
鍋・汁物,すまし汁 1杯,杯,180,杯(0.5刻み),おすまし/お吸い物,積算,,11,1.4,0.0,1.3,積算(内訳台帳),
鍋・汁物,あら汁 1杯,杯,250,杯(0.5刻み),あらじる,積算,,119,11.0,7.8,4.0,積算(内訳台帳),
鍋・汁物,コーンスープ 1杯,杯,180,杯(0.5刻み),こーんすーぷ/ポタージュ,転記,,765,14.6,24.7,121.3,転記(成分表18004),成分表にあり
鍋・汁物,ミネストローネ 1杯,杯,200,杯(0.5刻み),みねすとろーね,積算,,81,4.2,4.4,7.8,積算(内訳台帳),
鍋・汁物,クラムチャウダー 1杯,杯,200,杯(0.5刻み),くらむちゃうだー,積算,✓,169,7.6,10.2,15.2,積算(内訳台帳),
鍋・汁物,オニオンスープ 1杯,杯,180,杯(0.5刻み),おにおんすーぷ,積算,,64,2.6,4.2,5.3,積算(内訳台帳),
鍋・汁物,わかめスープ 1杯,杯,180,杯(0.5刻み),わかめすーぷ,積算,,39,2.0,3.3,0.9,積算(内訳台帳),
鍋・汁物,卵スープ 1杯,杯,180,杯(0.5刻み),たまごすーぷ,積算,✓,56,4.7,3.2,2.1,積算(内訳台帳),
鍋・汁物,参鶏湯風スープ 1人前,人前,350,人前(0.5刻み),さむげたん,積算,,195,17.6,11.3,8.9,積算(内訳台帳),
鍋・汁物,寄せ鍋 1人前,人前,400,人前(0.5刻み),よせなべ,積算,,198,19.1,9.3,10.9,積算(内訳台帳),〆別
鍋・汁物,水炊き 1人前,人前,400,人前(0.5刻み),みずたき/鶏鍋,積算,,197,16.1,12.0,7.9,積算(内訳台帳),ポン酢込み
鍋・汁物,しゃぶしゃぶ(豚) 1人前,人前,300,人前(0.5刻み),しゃぶしゃぶ,積算,,299,20.1,19.9,11.4,積算(内訳台帳),タレ込み
鍋・汁物,すき焼き 1人前,人前,350,人前(0.5刻み),すきやき,積算,,462,26.4,29.4,24.0,積算(内訳台帳),成分表にあり / 成分表に実在せず→積算へ(段階2)
鍋・汁物,キムチ鍋 1人前,人前,400,人前(0.5刻み),きむちなべ/チゲ,積算,✓,285,15.9,21.7,10.2,積算(内訳台帳),
鍋・汁物,スンドゥブチゲ 1人前,人前,350,人前(0.5刻み),すんどぅぶ,積算,,240,15.6,17.8,6.9,積算(内訳台帳),
鍋・汁物,もつ鍋 1人前,人前,350,人前(0.5刻み),もつなべ,積算,✓,246,14.1,19.0,7.1,積算(内訳台帳),
鍋・汁物,おでん(定番5品) 1人前,人前,400,人前(0.5刻み),おでん,積算,,281,14.0,6.2,46.1,積算(内訳台帳),卵・大根・こんにゃく・ちくわ・厚揚げ
鍋・汁物,おでん(大根) 1個,個,80,個,おでんだいこん,転記,,12,0.4,0.1,3.2,転記(成分表06135),
鍋・汁物,おでん(卵) 1個,個,55,個,おでんたまご,転記,✓,74,6.9,5.7,0.2,転記(成分表12005),
鍋・汁物,おでん(しらたき) 1個,個,80,個,おでんしらたき,転記,,273,0.2,0.2,70.2,転記(成分表02036),
鍋・汁物,湯どうふ鍋(1人鍋) 1人前,人前,350,人前(0.5刻み),ひとりなべ,積算,,132,12.1,7.4,6.0,積算(内訳台帳),
副菜・野菜,野菜炒め 1人前,人前,180,人前(0.5刻み),やさいいため,積算,,196,5.8,17.0,7.0,積算(内訳台帳),成分表にあり / 成分表に実在せず→積算へ(段階2)
副菜・野菜,もやし炒め 1人前,人前,150,人前(0.5刻み),もやしいため,積算,,96,2.8,8.1,3.8,積算(内訳台帳),
副菜・野菜,ほうれん草のおひたし 小鉢1,人前,60,人前(0.5刻み),おひたし,転記,,16,2.2,0.3,2.6,転記(成分表06372),成分表にあり
副菜・野菜,小松菜のおひたし 小鉢1,人前,60,人前(0.5刻み),こまつなおひたし,積算,✓,12,1.5,0.1,1.7,積算(内訳台帳),
副菜・野菜,ほうれん草の胡麻和え 小鉢1,人前,60,人前(0.5刻み),ごまあえ,積算,,44,2.3,2.4,4.7,積算(内訳台帳),成分表にあり / 成分表に実在せず→積算へ(段階2)
副菜・野菜,いんげんの胡麻和え 小鉢1,人前,60,人前(0.5刻み),いんげん,転記,,46,2.2,2.0,5.5,転記(成分表18025),成分表にあり
副菜・野菜,きんぴらごぼう 小鉢1,人前,60,人前(0.5刻み),きんぴら,転記,,50,0.8,2.7,6.8,転記(成分表18033),成分表にあり
副菜・野菜,ひじきの煮物 小鉢1,人前,60,人前(0.5刻み),ひじき,転記,,45,1.9,2.4,5.9,転記(成分表18037),成分表にあり
副菜・野菜,切り干し大根の煮物 小鉢1,人前,60,人前(0.5刻み),きりぼし,転記,,29,1.4,1.5,3.4,転記(成分表18032),成分表にあり
副菜・野菜,かぼちゃの煮物 小鉢1,人前,100,人前(0.5刻み),かぼちゃ,積算,✓,97,2.0,0.3,24.2,積算(内訳台帳),成分表にあり / 成分表に実在せず→積算へ(段階2)
副菜・野菜,里芋の煮物 小鉢1,人前,100,人前(0.5刻み),さといも,積算,,72,1.7,0.1,16.8,積算(内訳台帳),
副菜・野菜,筑前煮 1人前,人前,150,人前(0.5刻み),ちくぜんに/がめ煮,転記,,128,6.6,5.2,15.3,転記(成分表18035),成分表にあり
副菜・野菜,なすの煮浸し 小鉢1,人前,80,人前(0.5刻み),にびたし,積算,,65,1.1,5.1,5.2,積算(内訳台帳),
副菜・野菜,なすの味噌炒め 1人前,人前,120,人前(0.5刻み),なすみそ,積算,✓,170,4.1,13.8,9.8,積算(内訳台帳),
副菜・野菜,ゴーヤチャンプルー 1人前,人前,180,人前(0.5刻み),ごーやちゃんぷる,積算,,239,12.5,20.4,3.6,積算(内訳台帳),
副菜・野菜,ラタトゥイユ 1人前,人前,150,人前(0.5刻み),らたとぅいゆ,積算,,108,1.8,8.2,8.7,積算(内訳台帳),
副菜・野菜,アスパラベーコン 1人前,人前,80,人前(0.5刻み),あすぱら,積算,,77,4.7,6.0,2.6,積算(内訳台帳),
副菜・野菜,ブロッコリーの塩ゆで 小鉢1,人前,80,人前(0.5刻み),ぶろっこりーゆで,転記,,24,3.1,0.3,4.2,転記(成分表06264),既存g指定と二本立て
副菜・野菜,オクラのおかか和え 小鉢1,人前,50,人前(0.5刻み),おくら,積算,,17,1.9,0.1,3.2,積算(内訳台帳),
副菜・野菜,冷やしトマト 1人前,人前,100,人前(0.5刻み),ひやしとまと,転記,,20,0.7,0.1,4.7,転記(成分表06182),
副菜・野菜,枝豆 1人前,人前,60,人前(0.5刻み),えだまめさや,転記,✓,71,6.9,3.7,5.3,転記(成分表(のり監修57参照)),既存g指定と二本立て・可食部
副菜・野菜,もろきゅう 1人前,人前,80,人前(0.5刻み),きゅうり/もろきゅう,積算,,30,1.7,0.4,5.9,積算(内訳台帳),
副菜・野菜,たたききゅうり 小鉢1,人前,80,人前(0.5刻み),たたききゅうり,積算,,48,1.2,3.9,2.7,積算(内訳台帳),
副菜・野菜,キャベツの千切り 付け合わせ1,人前,50,人前(0.5刻み),せんぎり,転記,,26,2.9,0.1,5.0,転記(成分表06283),
副菜・野菜,コールスロー 小鉢1,人前,80,人前(0.5刻み),こーるすろー,積算,,96,1.1,7.7,7.1,積算(内訳台帳),成分表にあり / 成分表に実在せず→積算へ(段階2)
副菜・野菜,ポテトサラダ 小鉢1,人前,100,人前(0.5刻み),ぽてさら,積算,,144,2.9,11.1,12.2,積算(内訳台帳),成分表にあり / 成分表に実在せず→積算へ(段階2)
副菜・野菜,マカロニサラダ 小鉢1,人前,80,人前(0.5刻み),まかろにさらだ,積算,,173,4.1,12.2,14.3,積算(内訳台帳),
副菜・野菜,かぼちゃサラダ 小鉢1,人前,80,人前(0.5刻み),かぼちゃさらだ,積算,✓,140,1.4,9.3,16.0,積算(内訳台帳),
副菜・野菜,グリーンサラダ 1皿,人前,80,人前(0.5刻み),さらだ/サラダ,積算,,30,0.8,1.5,3.9,積算(内訳台帳),ドレッシング別
副菜・野菜,シーザーサラダ 1皿,人前,120,人前(0.5刻み),しーざー,積算,,151,8.1,10.7,7.7,積算(内訳台帳),ドレッシング込み
副菜・野菜,海藻サラダ 1皿,人前,80,人前(0.5刻み),かいそう,積算,,32,1.1,1.9,3.7,積算(内訳台帳),
副菜・野菜,大根サラダ 1皿,人前,80,人前(0.5刻み),だいこんさらだ,積算,,35,1.3,1.9,3.7,積算(内訳台帳),
副菜・野菜,トマトとモッツァレラのカプレーゼ 1人前,人前,120,人前(0.5刻み),かぷれーぜ,積算,,192,7.8,16.0,4.6,積算(内訳台帳),
副菜・野菜,ナムル盛り合わせ 小鉢1,人前,60,人前(0.5刻み),なむる,積算,,67,1.7,6.0,2.7,積算(内訳台帳),
副菜・野菜,チョレギサラダ 1皿,人前,90,人前(0.5刻み),ちょれぎ,積算,,74,1.2,6.6,3.0,積算(内訳台帳),
副菜・野菜,野菜スティック 1人前,人前,100,人前(0.5刻み),すてぃっく,積算,,71,1.7,4.2,8.5,積算(内訳台帳),味噌マヨ込み
副菜・野菜,浅漬け(きゅうり・白菜) 小鉢1,人前,50,人前(0.5刻み),あさづけ/つけもの,転記,,8,0.8,0.1,1.6,転記(成分表06235),
副菜・野菜,ぬか漬け 小鉢1,人前,40,人前(0.5刻み),ぬかづけ,転記,,11,0.6,0.0,2.5,転記(成分表06068),
副菜・野菜,たくあん 3切れ,人前,20,人前(0.5刻み),たくあん,転記,,9,0.1,0.1,2.2,転記(成分表06138),
副菜・野菜,梅きゅうり 小鉢1,人前,60,人前(0.5刻み),うめきゅう,積算,✓,17,0.6,0.1,4.1,積算(内訳台帳),
副菜・野菜,もずく酢 1パック,個,70,個,もずく,転記,✓,3,0.1,0.1,1.0,転記(成分表09038),
副菜・野菜,めかぶ 1パック,個,50,個,めかぶ,転記,✓,7,0.5,0.3,1.7,転記(成分表09047),
副菜・野菜,ところてん 1パック,個,150,個,ところてん,転記,,3,0.3,0.0,0.9,転記(成分表09026),
副菜・野菜,紅白なます 小鉢1,人前,50,人前(0.5刻み),なます,転記,,17,0.3,0.3,3.6,転記(成分表18027),成分表にあり
副菜・野菜,酢の物(わかめ・きゅうり) 小鉢1,人前,60,人前(0.5刻み),すのもの,積算,,22,0.7,0.1,4.9,積算(内訳台帳),成分表にあり / 成分表に実在せず→積算へ(段階2)
副菜・野菜,白和え 小鉢1,人前,70,人前(0.5刻み),しらあえ,転記,,57,2.9,2.4,7.3,転記(成分表18024),成分表にあり
副菜・野菜,青菜の白和え 小鉢1,人前,70,人前(0.5刻み),あおな,転記,,57,2.9,2.4,7.3,転記(成分表18024),成分表にあり
副菜・野菜,とろろ(長芋すりおろし) 小鉢1,人前,80,人前(0.5刻み),とろろ/ながいも,転記,✓,51,1.8,0.2,11.1,転記(成分表02023),
副菜・野菜,焼きいも(中1本) 1本,本,200,本(0.5刻み),やきいも,転記,✓,302,2.8,0.4,78.0,転記(成分表02008),既存さつまいもg指定と二本立て
副菜・野菜,ふかし芋 1人前,人前,120,人前(0.5刻み),ふかしいも,転記,,157,1.4,0.2,38.3,転記(成分表02007),
副菜・野菜,フライドポテト 1人前,人前,120,人前(0.5刻み),ぽてと/フライドポテト,転記,,184,3.2,6.7,30.5,転記(成分表02065),成分表にあり
洋食おかず,エビグラタン 1人前,人前,300,人前(0.5刻み),えびぐらたん,転記,✓,384,16.5,20.7,36.3,転記(成分表18003),成分表に実在発見→転記へ(段階2-2)
洋食おかず,シチュー(クリーム) 1皿,人前,300,人前(0.5刻み),しちゅー/ホワイトシチュー,転記,,372,18.6,24.0,23.4,転記(成分表18045),成分表にあり
洋食おかず,ビーフシチュー 1皿,人前,300,人前(0.5刻み),びーふしちゅー,転記,,459,12.3,37.8,21.3,転記(成分表18011),成分表にあり
洋食おかず,オムレツ(チーズ) 1個,人前,140,人前(0.5刻み),ちーずおむれつ,積算,,248,17.3,19.4,1.5,積算(内訳台帳),
洋食おかず,キッシュ 1切れ,個,100,個,きっしゅ,積算,,288,9.7,22.4,13.9,積算(内訳台帳),
洋食おかず,アヒージョ(エビ・きのこ) 1人前,人前,120,人前(0.5刻み),あひーじょ,積算,✓,405,9.0,40.4,3.1,積算(内訳台帳),パン別
洋食おかず,チキンナゲット 5個,人前,100,人前(0.5刻み),なげっと,転記,,235,15.5,13.7,14.9,転記(成分表11292),成分表にあり
洋食おかず,フライドチキン 1個,個,90,個,ふらいどちきん/ケンタ,積算,,245,12.6,19.4,6.1,積算(内訳台帳),
洋食おかず,ハンバーガー 1個,個,110,個,はんばーがー,積算,,239,10.8,9.6,29.1,積算(内訳台帳),成分表にあり / 成分表に実在せず→積算へ(段階2)
洋食おかず,チーズバーガー 1個,個,120,個,ちーずばーがー,積算,,276,13.5,12.7,29.2,積算(内訳台帳),
洋食おかず,ミックスフライ盛り合わせ 1人前,人前,180,人前(0.5刻み),みっくすふらい,積算,,381,19.9,21.3,31.0,積算(内訳台帳),エビ・白身・コロッケ
洋食おかず,カニクリームコロッケ 1個,個,70,個,かにくりーむ,転記,,178,3.6,12.0,15.4,転記(成分表18043),成分表にあり
洋食おかず,チーズフォンデュ 1人前,人前,150,人前(0.5刻み),ふぉんでゅ,積算,,297,17.2,15.9,23.6,積算(内訳台帳),パン込み
洋食おかず,タンドリーチキン 1人前,人前,150,人前(0.5刻み),たんどりー,積算,,270,22.5,19.2,3.9,積算(内訳台帳),
洋食おかず,チーズタッカルビ 1人前,人前,250,人前(0.5刻み),たっかるび,積算,,406,25.9,27.4,16.4,積算(内訳台帳),
洋食おかず,トッポギ 1人前,人前,150,人前(0.5刻み),とっぽぎ,積算,,296,5.3,3.8,60.9,積算(内訳台帳),
洋食おかず,チヂミ 1枚,枚,200,枚(0.5刻み),ちぢみ,積算,,373,10.8,15.7,48.1,積算(内訳台帳),
洋食おかず,キンパ 1本,本,250,本(0.5刻み),きんぱ/韓国のり巻き,積算,,379,11.5,14.2,54.7,積算(内訳台帳),
洋食おかず,生春巻き 1本,本,80,本,なまはるまき,積算,,84,4.3,0.4,16.4,積算(内訳台帳),
洋食おかず,ケバブ(チキン) 1人前,人前,150,人前(0.5刻み),けばぶ,積算,,247,16.0,19.3,4.8,積算(内訳台帳),
コンビニ・市販,コンビニおにぎり 1個,個,110,個,こんびにおにぎり,市販平均,,180,4.0,1.5,38.0,市販平均,具平均・鮭ツナ等は主食欄
コンビニ・市販,サラダチキンバー 1本,本,60,本,ちきんばー,市販平均,,60,13.0,0.7,0.3,市販平均,
コンビニ・市販,スモークチキン 1袋,個,80,個,すもーくちきん,市販平均,,95,17.0,2.5,1.0,市販平均,
コンビニ・市販,焼き鳥缶 1缶,個,75,個,やきとりかん,市販平均,,130,12.0,7.0,5.0,市販平均,
コンビニ・市販,コンビニ幕の内弁当 1個,個,450,個,まくのうち/弁当,市販平均,,650,25.0,18.0,95.0,市販平均,
コンビニ・市販,コンビニのり弁当 1個,個,400,個,のりべん,市販平均,,700,18.0,22.0,105.0,市販平均,
コンビニ・市販,コンビニ唐揚げ弁当 1個,個,450,個,からあげべんとう,市販平均,,800,28.0,28.0,110.0,市販平均,
コンビニ・市販,コンビニパスタ(ミート) 1個,個,300,個,こんびにぱすた,市販平均,,480,18.0,14.0,70.0,市販平均,
コンビニ・市販,コンビニサンドイッチ(ミックス) 1包装,個,140,個,こんびにさんど,市販平均,,330,12.0,17.0,33.0,市販平均,
コンビニ・市販,コンビニ冷やし中華 1個,個,400,個,こんびにひやしちゅうか,市販平均,,450,17.0,12.0,68.0,市販平均,
コンビニ・市販,コンビニおでんセット 1人前,人前,350,人前(0.5刻み),こんびにおでん,市販平均,,180,12.0,6.0,18.0,市販平均,
コンビニ・市販,肉まん 1個,個,110,個,にくまん,転記,,266,11.0,5.6,47.7,転記(成分表15035),成分表にあり
コンビニ・市販,あんまん 1個,個,100,個,あんまん,転記,,273,6.1,5.6,51.3,転記(成分表15034),成分表にあり
コンビニ・市販,ピザまん 1個,個,100,個,ぴざまん,市販平均,,240,8.0,8.0,34.0,市販平均,
コンビニ・市販,アメリカンドッグ 1本,本,100,本,あめりかんどっぐ,積算,,268,7.9,13.0,30.9,積算(内訳台帳),成分表にあり / 成分表に実在せず→積算へ(段階2)
コンビニ・市販,フランクフルト 1本,本,90,本,ふらんくふると,転記,,266,11.4,22.2,5.6,転記(成分表11189),成分表に実在発見→転記へ(段階2-2)
コンビニ・市販,コンビニホットスナック(からあげ) 5個,人前,125,人前(0.5刻み),ほっとすなっく/ななちき,市販平均,,330,19.0,19.0,19.0,市販平均,
コンビニ・市販,カットサラダ+蒸し鶏 1袋,個,150,個,かっとさらだ,市販平均,,90,12.0,2.0,6.0,市販平均,
コンビニ・市販,冷凍餃子(調理後) 5個,人前,125,人前(0.5刻み),れいとうぎょうざ,市販平均,,250,10.0,13.0,25.0,市販平均,
コンビニ・市販,冷凍チャーハン 1人前,人前,250,人前(0.5刻み),れいとうちゃーはん,市販平均,,460,11.0,17.0,66.0,市販平均,
コンビニ・市販,冷凍うどん(素うどん) 1玉,個,200,個,れいとううどん,転記,,190,5.2,0.8,43.2,転記(成分表01039),
コンビニ・市販,カップ味噌汁 1個,個,160,個,かっぷみそしる,市販平均,,35,2.5,1.0,4.5,市販平均,
コンビニ・市販,カップ春雨スープ 1個,個,160,個,はるさめすーぷ,市販平均,,80,1.5,1.5,15.0,市販平均,
コンビニ・市販,ゼリー飲料(エネルギー系) 1個,個,180,個,ぜりーいんりょう/ウィダー,市販平均,,180,0.0,0.0,45.0,市販平均,
コンビニ・市販,プロテインドリンク(紙パック) 1本,本,200,本,ぷろていんどりんく/ザバス,市販平均,✓,102,15.0,0.0,10.0,市販平均,
コンビニ・市販,プロテインバー 1本,本,40,本,ぷろていんばー,市販平均,✓,180,15.0,8.5,12.0,市販平均,
コンビニ・市販,ゆで卵(味付き・市販) 1個,個,50,個,あじたま,市販平均,✓,65,6.0,4.4,0.6,市販平均,
コンビニ・市販,チーズ(6P) 1個,個,15,個,ろっぴーちーず,転記,,47,3.4,3.9,0.2,転記(成分表13040),
コンビニ・市販,小魚アーモンド 1袋,個,25,個,こざかな,市販平均,✓,120,7.0,7.0,6.0,市販平均,
コンビニ・市販,ミックスナッツ(小袋) 1袋,個,25,個,なっつ,市販平均,✓,160,4.5,14.0,4.5,市販平均,成分表に実在せず→市販平均へ(段階2)
コンビニ・市販,するめ・あたりめ 1つかみ,人前,20,人前(0.5刻み),するめ/あたりめ,転記,,15,3.6,0.2,0.0,転記(成分表10345),
コンビニ・市販,ビーフジャーキー 1袋,個,30,個,じゃーきー,転記,,91,16.4,2.3,1.9,転記(成分表11107),
コンビニ・市販,茎わかめ 1袋,個,60,個,くきわかめ,市販平均,,15,0.5,0.1,3.0,市販平均,
コンビニ・市販,干し芋 1袋,個,60,個,ほしいも,転記,,166,1.9,0.4,43.1,転記(成分表02009),
間食・デザート,ショートケーキ 1切れ,個,110,個,けーき/しょーとけーき,転記,,345,7.6,16.2,47.0,転記(成分表15170),成分表にあり
間食・デザート,チョコレートケーキ 1切れ,個,100,個,ちょこけーき/ガトーショコラ,積算,,371,6.6,21.5,42.6,積算(内訳台帳),
間食・デザート,チーズケーキ 1切れ,個,100,個,ちーずけーき,転記,,299,8.5,21.2,23.3,転記(成分表15134),成分表にあり
間食・デザート,シュークリーム 1個,個,70,個,しゅーくりーむ,転記,,148,4.2,8.0,17.9,転記(成分表15073),成分表にあり
間食・デザート,エクレア 1個,個,80,個,えくれあ,転記,,169,4.8,9.1,20.4,転記(成分表15073),
間食・デザート,プリン 1個,個,90,個,ぷりん,転記,,104,5.1,5.0,12.6,転記(成分表15086),成分表にあり
間食・デザート,ゼリー(果物) 1個,個,150,個,ぜりー,転記,,120,3.1,0.1,29.7,転記(成分表15087),
間食・デザート,杏仁豆腐 1個,個,120,個,あんにん,積算,✓,149,4.9,7.7,16.9,積算(内訳台帳),
間食・デザート,アイスクリーム(バニラ) 1個,個,110,個,あいす,転記,,196,4.3,8.8,25.5,転記(成分表13043),
間食・デザート,ソフトクリーム 1個,個,120,個,そふとくりーむ,転記,,175,4.6,6.7,24.1,転記(成分表13047),
間食・デザート,かき氷(シロップ) 1杯,杯,200,杯(0.5刻み),かきごおり,積算,,118,0.0,0.0,29.9,積算(内訳台帳),
間食・デザート,大福 1個,個,70,個,だいふく,転記,,156,3.2,0.3,37.2,転記(成分表15023),成分表にあり
間食・デザート,どら焼き 1個,個,70,個,どらやき,転記,,197,4.6,2.2,40.9,転記(成分表15156),成分表にあり
間食・デザート,たい焼き 1個,個,100,個,たいやき,転記,,217,4.5,1.1,48.3,転記(成分表15005),
間食・デザート,みたらし団子 1本,本,60,本,だんご/みたらし,転記,,116,1.9,0.2,26.9,転記(成分表15019),成分表にあり
間食・デザート,おはぎ 1個,個,80,個,おはぎ/ぼたもち,積算,,164,3.2,0.2,38.4,積算(内訳台帳),成分表に実在せず→積算へ(段階2)
間食・デザート,カステラ 1切れ,個,50,個,かすてら,転記,,156,3.5,2.5,30.9,転記(成分表15009),成分表にあり
間食・デザート,ようかん 1切れ,個,50,個,ようかん,転記,,144,1.8,0.1,35.0,転記(成分表15038),成分表にあり
間食・デザート,わらび餅 1人前,人前,120,人前(0.5刻み),わらびもち,積算,✓,165,3.0,2.1,34.1,積算(内訳台帳),成分表に実在せず→積算へ(段階2)
間食・デザート,クッキー 1枚,枚,10,枚,くっきー/ビスケット,転記,,51,0.6,2.8,6.3,転記(成分表15098),
間食・デザート,チョコレート(板チョコ) 1かけ,個,5,個,ちょこ/チョコ,転記,,28,0.3,1.7,2.8,転記(成分表15116),
間食・デザート,ポテトチップス 1袋(60g),個,60,個,ぽてち,転記,,325,2.8,21.1,32.8,転記(成分表15103),
間食・デザート,ポテトチップス 小袋(28g),個,28,個,ぽてちしょう,転記,,151,1.3,9.9,15.3,転記(成分表15103),
間食・デザート,せんべい 1枚,枚,15,枚,せんべい,転記,,55,1.1,0.1,12.6,転記(成分表15060),
間食・デザート,柿の種(小袋) 1袋,個,30,個,かきのたね,市販平均,,140,3.5,4.0,21.0,市販平均,
間食・デザート,ポップコーン 1袋,個,50,個,ぽっぷこーん,転記,,236,5.1,11.4,29.8,転記(成分表01136),
間食・デザート,グミ 1袋,個,50,個,ぐみ,市販平均,,170,3.5,0.0,39.0,市販平均,
間食・デザート,ラムネ菓子 1本,個,29,個,らむね/ブドウ糖,市販平均,✓,108,0.0,0.0,27.0,市販平均,
間食・デザート,カロリーメイト 1本,本,20,本,かろりーめいと,市販平均,,100,2.0,5.5,10.5,市販平均,
間食・デザート,ドーナツ(オールドファッション) 1個,個,60,個,どーなつ,転記,,220,4.3,7.0,36.1,転記(成分表15078),成分表にあり
間食・デザート,ワッフル 1個,個,60,個,わっふる,転記,,145,4.4,4.7,22.9,転記(成分表15084),
間食・デザート,マカロン 1個,個,20,個,まかろん,積算,,77,2.0,3.9,9.2,積算(内訳台帳),
間食・デザート,みかん 1個,個,80,個,みかん,転記,,39,0.6,0.1,9.6,転記(成分表07027),可食部
間食・デザート,りんご 1/2個,個,125,個,りんご,転記,✓,70,0.2,0.4,20.2,転記(成分表07176),可食部
間食・デザート,キウイ 1個,個,85,個,きうい/キウイ,転記,,43,0.8,0.2,11.4,転記(成分表07054),可食部
間食・デザート,ぶどう(シャインマスカット等) 10粒,人前,100,人前(0.5刻み),ぶどう/マスカット,転記,,69,0.6,0.2,16.9,転記(成分表07178),
間食・デザート,いちご 5粒,人前,75,人前(0.5刻み),いちご,転記,,23,0.7,0.1,6.4,転記(成分表07012),
間食・デザート,梨 1/2個,個,130,個,なし,転記,,49,0.4,0.1,14.7,転記(成分表07088),可食部
間食・デザート,桃 1個,個,170,個,もも,転記,,65,1.0,0.2,17.3,転記(成分表07136),可食部
間食・デザート,柿 1個,個,150,個,かき(果物),転記,,94,0.6,0.3,23.9,転記(成分表07049),可食部
間食・デザート,スイカ 1切れ,個,200,個,すいか,転記,,82,1.2,0.2,19.0,転記(成分表07077),可食部
間食・デザート,パイナップル 3切れ,人前,90,人前(0.5刻み),ぱいなっぷる,転記,,49,0.5,0.1,12.3,転記(成分表07097),
間食・デザート,ミックスフルーツ(カップ) 1個,個,130,個,ふるーつ,市販平均,,80,0.5,0.2,20.0,市販平均,
間食・デザート,ドライフルーツ(小袋) 1袋,個,30,個,どらいふるーつ,転記,,97,0.8,0.1,24.1,転記(成分表07117),
飲料・酒,水・お茶 0kcal,杯,200,杯,みず/おちゃ/緑茶,転記,,0,0.0,0.0,0.0,転記(成分表(手動)),記録用0kcal
飲料・酒,ブラックコーヒー 1杯,杯,150,杯,こーひー/珈琲,転記,,6,0.3,0.0,1.1,転記(成分表16045),
飲料・酒,カフェラテ(ミルク入り) 1杯,杯,200,杯(0.5刻み),かふぇらて/カフェオレ,積算,,54,2.9,3.0,4.7,積算(内訳台帳),
飲料・酒,カフェラテ(無糖・コンビニ) 1杯,杯,240,杯,むとうらて,市販平均,,90,4.5,5.0,6.0,市販平均,
飲料・酒,紅茶(無糖) 1杯,杯,150,杯,こうちゃ,転記,,2,0.1,0.0,0.1,転記(成分表16044),
飲料・酒,ミルクティー(加糖) 1杯,杯,200,杯(0.5刻み),みるくてぃー,積算,,57,1.5,1.5,10.0,積算(内訳台帳),
飲料・酒,オレンジジュース コップ1杯,杯,200,杯(0.5刻み),おれんじじゅーす,転記,,92,1.4,0.2,21.4,転記(成分表07043),
飲料・酒,りんごジュース コップ1杯,杯,200,杯(0.5刻み),りんごじゅーす,転記,,94,0.2,0.4,22.8,転記(成分表07150),
飲料・酒,野菜ジュース 1本,本,200,本,やさいじゅーす,市販平均,,70,1.5,0.0,16.0,市販平均,
飲料・酒,スポーツドリンク 1本(500ml),本,500,本,すぽどり/ポカリ,市販平均,,125,0.0,0.0,31.0,市販平均,
飲料・酒,コーラ 1本(500ml),本,500,本,こーら,転記,,230,0.5,0.0,57.0,転記(成分表16053),
飲料・酒,コーラ(ゼロ) 1本,本,500,本,ぜろこーら,市販平均,,0,0.0,0.0,0.0,市販平均,0kcal
飲料・酒,サイダー 1本(500ml),本,500,本,さいだー,転記,,205,0.0,0.0,51.0,転記(成分表16054),
飲料・酒,エナジードリンク 1本,本,250,本,えなじー/レッドブル/モンスター,市販平均,,113,0.0,0.0,28.0,市販平均,
飲料・酒,甘酒 1杯,杯,150,杯(0.5刻み),あまざけ,転記,,114,2.5,0.1,27.4,転記(成分表16050),
飲料・酒,ビール 中ジョッキ1杯,杯,435,杯(0.5刻み),びーる/生ビール,転記,,170,1.3,0.0,13.5,転記(成分表16006),
飲料・酒,ビール 缶(350ml),本,350,本,かんびーる,転記,,136,1.1,0.0,10.8,転記(成分表16006),
飲料・酒,発泡酒 缶(350ml),本,350,本,はっぽうしゅ,転記,,154,0.3,0.0,12.6,転記(成分表16009),
飲料・酒,ノンアルコールビール 1本,本,350,本,のんある,市販平均,,25,0.1,0.0,5.6,市販平均,
飲料・酒,レモンサワー 1杯,杯,350,杯(0.5刻み),れもんさわー/チューハイ,積算,,109,0.0,0.0,6.0,積算(内訳台帳),
飲料・酒,ストロング系チューハイ 缶(350ml),本,350,本,すとろんぐ,市販平均,,220,0.0,0.0,0.7,市販平均,
飲料・酒,日本酒 1合,杯,180,杯(0.5刻み),にほんしゅ/清酒,転記,,193,0.7,0.0,8.8,転記(成分表16001),
飲料・酒,焼酎(ロック) 1杯,杯,60,杯(0.5刻み),しょうちゅう,転記,,86,0.0,0.0,0.0,転記(成分表16015),
飲料・酒,ウイスキー(シングル) 1杯,杯,30,杯(0.5刻み),ういすきー,転記,,70,0.0,0.0,0.0,転記(成分表16016),ハイボールは既存
飲料・酒,ワイン(赤) グラス1杯,杯,120,杯(0.5刻み),あかわいん/ワイン,転記,,82,0.2,0.0,1.8,転記(成分表16011),
飲料・酒,ワイン(白) グラス1杯,杯,120,杯(0.5刻み),しろわいん,転記,,90,0.1,0.0,2.4,転記(成分表16010),
飲料・酒,梅酒(ロック) 1杯,杯,60,杯(0.5刻み),うめしゅ,転記,✓,93,0.1,0.0,12.4,転記(成分表16022),
調味・トッピング,マヨネーズ 大さじ1,杯,12,杯,まよねーず/マヨ,転記,,80,0.2,9.1,0.4,転記(成分表17042),
調味・トッピング,ケチャップ 大さじ1,杯,15,杯,けちゃっぷ,転記,,17,0.2,0.0,4.1,転記(成分表17036),
調味・トッピング,和風ドレッシング 大さじ1,杯,15,杯,どれっしんぐ,転記,,27,0.3,2.2,1.4,転記(成分表17116),
調味・トッピング,ごまドレッシング 大さじ1,杯,15,杯,ごまどれ,転記,,60,0.4,5.7,2.2,転記(成分表17117),
調味・トッピング,ノンオイルドレッシング 大さじ1,杯,15,杯,のんおいる,市販平均,,12,0.5,0.0,2.5,市販平均,
調味・トッピング,焼肉のタレ 大さじ1,杯,18,杯,やきにくのたれ,転記,,30,0.8,0.4,5.8,転記(成分表17113),
調味・トッピング,ポン酢 大さじ1,杯,18,杯,ぽんず,転記,,9,0.6,0.0,1.3,転記(成分表17110),
調味・トッピング,めんつゆ(ストレート) 100ml,g,100,g(10刻み),めんつゆ,転記,,44,2.2,0.0,8.7,転記(成分表17029),
調味・トッピング,ソース(中濃) 大さじ1,杯,18,杯,そーす,転記,,23,0.1,0.0,5.6,転記(成分表17002),
調味・トッピング,バター 10g,g,10,g(10刻み)※5刻み要検討,ばたー,転記,,70,0.1,8.1,0.0,転記(成分表14017),
調味・トッピング,ジャム(いちご) 大さじ1,杯,20,杯,じゃむ,転記,,50,0.1,0.0,12.7,転記(成分表07013),
調味・トッピング,ピーナッツバター 大さじ1,杯,17,杯,ぴーなっつばたー,転記,✓,102,3.5,8.6,4.2,転記(成分表05037),
調味・トッピング,粉チーズ 大さじ1,杯,6,杯,こなちーず/パルメザン,転記,,27,2.6,1.8,0.1,転記(成分表13038),
調味・トッピング,すりごま 大さじ1,杯,9,杯,ごま,転記,,54,1.8,4.9,1.7,転記(成分表05018),
調味・トッピング,天かす 大さじ2,杯,10,杯,てんかす/揚げ玉,積算,,67,0.4,6.1,3.0,積算(内訳台帳),成分表に実在せず→積算へ(段階2)
主食,ナン 1枚,枚,80,枚,なん,転記,,206,8.2,2.7,38.1,転記(成分表01037),カレーと
主食,卵かけごはん 1杯,杯,210,杯(0.5刻み),たまごかけ/TKG,積算,✓,316,10.8,6.1,56.3,積算(内訳台帳),ごはん150g+卵1個+醤油
主食,お茶漬け 1杯,杯,230,杯(0.5刻み),おちゃづけ,積算,,251,5.1,0.7,58.0,積算(内訳台帳),
主食,ライ麦パン 1枚,枚,60,枚,らいむぎぱん,転記,✓,151,5.0,1.3,31.6,転記(成分表01032),特典18で言及
主食,ベースブレッド 1袋,個,70,個,べーすぶれっど/BASE,市販平均,,205,13.5,5.4,23.9,市販平均,筋トレ民定番
丼・ワンプレート,天津飯 1杯,杯,450,杯(0.5刻み),てんしんはん,積算,,645,21.6,19.2,99.6,積算(内訳台帳),ごはん250g込み
肉料理,チキンカツ 1枚,枚,130,枚(0.5刻み),ちきんかつ,積算,,295,23.9,18.0,11.4,積算(内訳台帳),
肉料理,串カツ(豚) 1本,本,40,本,くしかつ,積算,,116,5.2,8.5,5.4,積算(内訳台帳),
肉料理,小籠包 1個,個,30,個,しょうろんぽう,積算,,67,3.8,3.4,6.0,積算(内訳台帳),
肉料理,焼き鳥(つくね) 1本,本,45,本,つくね,積算,,76,6.4,4.2,3.7,積算(内訳台帳),
肉料理,焼き鳥(砂肝) 1本,本,35,本,すなぎも,積算,,30,6.4,0.6,0.0,積算(内訳台帳),
肉料理,八宝菜 1人前,人前,220,人前(0.5刻み),はっぽうさい,転記,,141,12.8,7.0,8.4,転記(成分表18048),成分表にあり
肉料理,麻婆春雨 1人前,人前,180,人前(0.5刻み),まーぼーはるさめ,積算,,244,8.3,11.3,29.3,積算(内訳台帳),
麺類,皿うどん 1人前,人前,350,人前(0.5刻み),さらうどん,積算,,459,16.8,23.0,53.1,積算(内訳台帳),
副菜・野菜,春雨サラダ 小鉢1,人前,70,人前(0.5刻み),はるさめさらだ,積算,,125,2.9,5.0,17.0,積算(内訳台帳),
副菜・野菜,がんもどきの煮物 1個,個,80,個,がんも,転記,,178,12.2,14.2,1.3,転記(成分表04041),
魚料理,明太子 1腹,個,30,個,めんたいこ/たらこ,転記,,36,6.3,1.0,0.9,転記(成分表10204),
間食・デザート,パフェ(いちご・チョコ) 1個,個,220,個,ぱふぇ,積算,,438,7.0,23.9,52.5,積算(内訳台帳),
間食・デザート,クレープ(チョコバナナ) 1個,個,150,個,くれーぷ,積算,,363,6.4,19.4,43.1,積算(内訳台帳),
飲料・酒,タピオカミルクティー 1杯,杯,350,杯,たぴおか,市販平均,,350,4.0,6.0,70.0,市販平均,
飲料・酒,グリーンスムージー 1杯,杯,250,杯,すむーじー,市販平均,,100,1.0,0.0,24.0,市販平均,
飲料・酒,青汁 1杯,杯,150,杯,あおじる,市販平均,,12,0.5,0.0,2.5,市販平均,
素材(追加),卵白 1個分,個,35,個,らんぱく,転記,✓,15,3.5,0.0,0.2,転記(成分表12014),筋トレ定番
素材(追加),鶏もも(皮なし) 100g,g,100,g(10刻み),とりもも,転記,✓,113,19.0,5.0,0.0,転記(成分表11224),
素材(追加),鶏もも(皮つき) 100g,g,100,g(10刻み),とりももかわつき,転記,✓,190,16.6,14.2,0.0,転記(成分表11221),
素材(追加),鶏ひき肉 100g,g,100,g(10刻み),とりひき/鶏ミンチ,転記,,171,17.5,12.0,0.0,転記(成分表11230),
素材(追加),豚ひき肉 100g,g,100,g(10刻み),ぶたひき,転記,,209,17.7,17.2,0.1,転記(成分表11163),
素材(追加),牛ひき肉 100g,g,100,g(10刻み),ぎゅうひき,転記,,251,17.1,21.1,0.3,転記(成分表11089),
素材(追加),合いびき肉 100g,g,100,g(10刻み),あいびき,転記,,230,17.4,19.2,0.2,転記(成分表(手動)),
素材(追加),豚バラ 100g,g,100,g(10刻み),ぶたばら,転記,,366,14.4,35.4,0.1,転記(成分表11129),注意食材だが記録用
素材(追加),豚ロース 100g,g,100,g(10刻み),ぶたろーす,転記,,248,19.3,19.2,0.2,転記(成分表11123),
素材(追加),牛肩ロース 100g,g,100,g(10刻み),ぎゅうかたろーす,転記,,295,16.2,26.4,0.2,転記(成分表11034),
素材(追加),きゅうり 1本,本,100,本,きゅうり/胡瓜,転記,,13,1.0,0.1,3.0,転記(成分表06065),
素材(追加),レタス 100g,g,100,g(10刻み),れたす,転記,,11,0.6,0.1,2.8,転記(成分表06312),
素材(追加),大根 100g,g,100,g(10刻み),だいこん,転記,,15,0.4,0.1,4.1,転記(成分表06134),
素材(追加),白菜 100g,g,100,g(10刻み),はくさい,転記,,13,0.8,0.1,3.2,転記(成分表06233),
素材(追加),もやし 1袋,個,200,個,もやし,転記,,30,3.6,0.2,4.8,転記(成分表06291),
素材(追加),長ねぎ 1本,本,60,本,ねぎ,転記,,21,0.8,0.1,5.0,転記(成分表06226),
素材(追加),かぼちゃ 100g,g,100,g(10刻み),かぼちゃなま,転記,✓,78,1.9,0.3,20.6,転記(成分表06048),
素材(追加),れんこん 100g,g,100,g(10刻み),れんこん/蓮根,転記,,66,1.9,0.1,15.5,転記(成分表06317),
素材(追加),長芋 100g,g,100,g(10刻み),ながいも/山芋,転記,✓,64,2.2,0.3,13.9,転記(成分表02023),
のりレシピ,高たんぱくチーズケーキ 1切れ,個,80,個,ちーずけーき/のりちーず,積算(のりレシピ),✓,110,12.0,4.0,6.0,のりレシピ(概算・採用確定(2026-08-18きよむ判断)),レッスン+特典13(最強のチーズケーキ)
のりレシピ,ダイエットティラミス 1人前,人前,120,人前(0.5刻み),てぃらみす,積算(のりレシピ),✓,130,15.0,3.0,10.0,のりレシピ(概算・採用確定(2026-08-18きよむ判断)),レッスン+特典13
のりレシピ,プロテインチョコバナナパンケーキ 1人前,人前,200,人前(0.5刻み),ぱんけーき/ぷろてぱん,積算(のりレシピ),✓,464,38.0,11.0,52.0,のりレシピ(のり公称+PFC按分),レッスン+特典13+14
のりレシピ,バナナチョコケーキ 1切れ,個,80,個,ばななちょこ,積算(のりレシピ),✓,95,8.3,2.6,9.5,のりレシピ(概算・採用確定(2026-08-18きよむ判断)),レッスン+特典13(炊飯器)
のりレシピ,プロテインチョコアイスケーキ 1人前,人前,100,人前(0.5刻み),あいすけーき,積算(のりレシピ),✓,120,10.5,3.3,12.0,のりレシピ(概算・採用確定(2026-08-18きよむ判断)),レッスン
のりレシピ,コーヒーゼリー(糖質ゼロ) 1個,個,120,個,こーひーぜりー,積算(のりレシピ),✓,15,3.0,0.0,0.5,のりレシピ(概算・採用確定(2026-08-18きよむ判断)),レッスン
のりレシピ,炊飯器かぼちゃケーキ 1切れ,個,80,個,かぼちゃけーき,積算(のりレシピ),✓,110,5.0,2.5,18.0,のりレシピ(概算・採用確定(2026-08-18きよむ判断)),レッスン
のりレシピ,腸活豆乳ヨーグルトボウル 1杯,杯,180,杯(0.5刻み),とうにゅうよーぐると,積算(のりレシピ),✓,160,8.0,5.0,22.0,のりレシピ(概算・採用確定(2026-08-18きよむ判断)),レッスン+特典14
のりレシピ,焼き餅ココア 1人前,人前,80,人前(0.5刻み),やきもちここあ,積算(のりレシピ),✓,190,4.0,1.5,40.0,のりレシピ(概算・採用確定(2026-08-18きよむ判断)),特典14
のりレシピ,オートミールクッキー 3枚,人前,45,人前(0.5刻み),おーとみーるくっきー,積算(のりレシピ),✓,150,6.0,5.0,20.0,のりレシピ(概算・採用確定(2026-08-18きよむ判断)),特典14
のりレシピ,ヘルシーチョコスプレッド 大さじ1,杯,15,杯,ちょこすぷれっど,積算(のりレシピ),✓,20,1.8,0.6,2.0,のりレシピ(概算・採用確定(2026-08-18きよむ判断)),特典14
のりレシピ,プロテインゼリー 1個,個,150,個,ぷろていんぜりー,積算(のりレシピ),✓,70,13.0,0.5,2.0,のりレシピ(概算・採用確定(2026-08-18きよむ判断)),特典14
のりレシピ,きなこ餅(食物繊維) 1人前,人前,100,人前(0.5刻み),きなこもち,積算(のりレシピ),✓,143,5.0,3.0,19.0,のりレシピ(のり公称),特典09
のりレシピ,揚げないフライドポテト 1人前,人前,120,人前(0.5刻み),あげないぽてと,積算(のりレシピ),✓,100,2.2,3.1,16.0,のりレシピ(概算・採用確定(2026-08-18きよむ判断)),レッスン
のりレシピ,鶏むねと白滝の担々麺 1人前,人前,400,人前(0.5刻み),たんたんめん/しらたきたんたん,積算(のりレシピ),✓,350,35.0,15.0,18.0,のりレシピ(概算・採用確定(2026-08-18きよむ判断)),レッスン(100円レシピ)
のりレシピ,野菜カレー蕎麦 1人前,人前,400,人前(0.5刻み),かれーそば,積算(のりレシピ),✓,420,18.0,6.0,75.0,のりレシピ(概算・採用確定(2026-08-18きよむ判断)),レッスン(3食分)
のりレシピ,のり流野菜カレー 1人前,人前,300,人前(0.5刻み),やさいかれー/低脂質カレー,積算(のりレシピ),✓,280,25.0,8.0,28.0,のりレシピ(概算・採用確定(2026-08-18きよむ判断)),レッスン(作り置き)・ごはん別
のりレシピ,オートミールピザ 1枚,枚,150,枚(0.5刻み),おーとみーるぴざ,積算(のりレシピ),✓,280,16.0,10.0,30.0,のりレシピ(概算・採用確定(2026-08-18きよむ判断)),レッスン
のりレシピ,豆腐お好み焼き 1枚,枚,250,枚(0.5刻み),とうふおこのみ,積算(のりレシピ),✓,300,20.0,12.0,26.0,のりレシピ(概算・採用確定(2026-08-18きよむ判断)),レッスン(低糖質)
のりレシピ,5割麦ごはん 茶碗1杯,杯,150,杯(0.5刻み),むぎごはん,積算(のりレシピ),✓,204,4.5,0.8,42.7,のりレシピ(のり公称換算),特典09
のりレシピ,玄米キムチ焼きめし 1人前,人前,300,人前(0.5刻み),きむちちゃーはん,積算(のりレシピ),✓,420,14.0,10.0,65.0,のりレシピ(概算・採用確定(2026-08-18きよむ判断)),レッスン(冷凍鍋2日目)
のりレシピ,栄養満点炊き込みご飯 茶碗1杯,杯,180,杯(0.5刻み),たきこみごはん,積算(のりレシピ),✓,250,8.0,2.0,50.0,のりレシピ(概算・採用確定(2026-08-18きよむ判断)),レッスン(冷凍鍋4日目)
のりレシピ,牛モモチャーハン 1人前,人前,300,人前(0.5刻み),ぎゅうももちゃーはん,積算(のりレシピ),✓,450,28.0,12.0,55.0,のりレシピ(概算・採用確定(2026-08-18きよむ判断)),レッスン(おかず5)
のりレシピ,オートミール豆乳卵雑炊 1杯,杯,300,杯(0.5刻み),おーつぞうすい,積算(のりレシピ),✓,260,17.0,9.0,28.0,のりレシピ(概算・採用確定(2026-08-18きよむ判断)),特典18
のりレシピ,サバ水煮缶の焼うどん 1人前,人前,350,人前(0.5刻み),さばやきうどん,積算(のりレシピ),✓,450,28.0,14.0,50.0,のりレシピ(概算・採用確定(2026-08-18きよむ判断)),特典17
のりレシピ,卵のあんかけ野菜うどん 1人前,人前,450,人前(0.5刻み),あんかけうどん,積算(のりレシピ),✓,380,18.0,8.0,58.0,のりレシピ(概算・採用確定(2026-08-18きよむ判断)),特典17
のりレシピ,麻薬鶏むねチャーシュー 1人前,人前,120,人前(0.5刻み),ちゃーしゅー/まやくちきん,積算(のりレシピ),✓,144,27.6,3.6,0.0,のりレシピ(のり公称換算),レッスン+特典09
のりレシピ,豚ひれチャーシュー 1人前,人前,120,人前(0.5刻み),ぶたひれちゃーしゅー,積算(のりレシピ),✓,144,26.0,4.0,1.0,のりレシピ(のり公称換算),レッスン+特典09
のりレシピ,鶏むね麻婆豆腐 1人前,人前,220,人前(0.5刻み),むねまーぼー,積算(のりレシピ),✓,250,30.0,8.0,10.0,のりレシピ(概算・採用確定(2026-08-18きよむ判断)),レッスン
のりレシピ,鶏むねの焼きつくね 1人前,人前,120,人前(0.5刻み),やきつくね,積算(のりレシピ),✓,160,22.0,5.0,6.0,のりレシピ(概算・採用確定(2026-08-18きよむ判断)),レッスン
のりレシピ,マグロアボカド 1人前,人前,120,人前(0.5刻み),まぐろあぼかど,積算(のりレシピ),✓,422,41.0,28.0,4.0,のりレシピ(のり公称),特典09
のりレシピ,のり流卵焼き 2切れ,人前,80,人前(0.5刻み),のりたまごやき,積算(のりレシピ),✓,234,20.0,17.0,0.0,のりレシピ(のり公称),特典09
のりレシピ,キクラゲときゅうりの中華風リンゴ酢和え 1人前,人前,100,人前(0.5刻み),きくらげきゅうり,積算(のりレシピ),✓,40,1.5,2.0,4.0,のりレシピ(概算・採用確定(2026-08-18きよむ判断)),特典15
のりレシピ,鶏むねとキクラゲのリンゴ酢蒸し 1人前,人前,180,人前(0.5刻み),きくらげむし,積算(のりレシピ),✓,180,28.0,3.0,8.0,のりレシピ(概算・採用確定(2026-08-18きよむ判断)),特典15
のりレシピ,キクラゲと豚もものスタミナ炒め 1人前,人前,180,人前(0.5刻み),きくらげすたみな,積算(のりレシピ),✓,220,24.0,10.0,8.0,のりレシピ(概算・採用確定(2026-08-18きよむ判断)),特典15
のりレシピ,キクラゲと豚もも・キムチの韓国風炒め 1人前,人前,180,人前(0.5刻み),きくらげきむち,積算(のりレシピ),✓,230,23.0,11.0,9.0,のりレシピ(概算・採用確定(2026-08-18きよむ判断)),特典15
のりレシピ,キクラゲと鶏むね・パプリカの甘酢炒め 1人前,人前,180,人前(0.5刻み),きくらげあまず,積算(のりレシピ),✓,200,26.0,4.0,14.0,のりレシピ(概算・採用確定(2026-08-18きよむ判断)),特典15
のりレシピ,鶏むねとブロッコリーの塩炒め 1人前,人前,180,人前(0.5刻み),むねぶろっこりー,積算(のりレシピ),✓,210,30.0,6.0,6.0,のりレシピ(概算・採用確定(2026-08-18きよむ判断)),特典18
のりレシピ,大豆ミートと卵白のオムレツ風 1人前,人前,150,人前(0.5刻み),そいおむれつ,積算(のりレシピ),✓,140,20.0,4.0,6.0,のりレシピ(概算・採用確定(2026-08-18きよむ判断)),特典18
のりレシピ,タラの蒸し焼きポン酢おろし 1人前,人前,150,人前(0.5刻み),たらぽんず,積算(のりレシピ),✓,100,16.0,1.0,6.0,のりレシピ(概算・採用確定(2026-08-18きよむ判断)),特典18
のりレシピ,ささみと枝豆のねぎ塩レンジ蒸し 1人前,人前,150,人前(0.5刻み),ささみねぎしお,積算(のりレシピ),✓,160,25.0,4.0,5.0,のりレシピ(概算・採用確定(2026-08-18きよむ判断)),特典18
のりレシピ,そば納豆チキンサラダ 1人前,人前,300,人前(0.5刻み),そばさらだ,積算(のりレシピ),✓,380,30.0,8.0,48.0,のりレシピ(概算・採用確定(2026-08-18きよむ判断)),特典18
のりレシピ,ライ麦パン×オイコス×ツナ 1人前,人前,180,人前(0.5刻み),らいむぎおいこす,積算(のりレシピ),✓,290,28.0,5.0,32.0,のりレシピ(概算・採用確定(2026-08-18きよむ判断)),特典18
のりレシピ,ダイエットスープ 1杯,杯,300,杯(0.5刻み),だいえっとすーぷ,積算(のりレシピ),✓,120,10.0,3.0,14.0,のりレシピ(概算・採用確定(2026-08-18きよむ判断)),レッスン(6食分作り置き)
のりレシピ,1日分の野菜味噌汁 1杯,杯,300,杯(0.5刻み),やさいみそしる,積算(のりレシピ),✓,275,25.0,4.0,39.0,のりレシピ(のり公称),特典09
のりレシピ,キクラゲと卵のリンゴ酢中華スープ 1杯,杯,250,杯(0.5刻み),きくらげすーぷ,積算(のりレシピ),✓,80,6.0,4.5,4.0,のりレシピ(概算・採用確定(2026-08-18きよむ判断)),特典15
のりレシピ,サバ缶キムチ鍋 1人前,人前,400,人前(0.5刻み),さばきむちなべ,積算(のりレシピ),✓,350,30.0,18.0,12.0,のりレシピ(概算・採用確定(2026-08-18きよむ判断)),特典17
のりレシピ,鮭ときのこの味噌鍋 1人前,人前,400,人前(0.5刻み),さけみそなべ,積算(のりレシピ),✓,320,32.0,12.0,16.0,のりレシピ(概算・採用確定(2026-08-18きよむ判断)),特典17
のりレシピ,豆乳鍋 1人前,人前,400,人前(0.5刻み),とうにゅうなべ,積算(のりレシピ),✓,330,28.0,16.0,18.0,のりレシピ(概算・採用確定(2026-08-18きよむ判断)),特典17
のりレシピ,のり流味噌鍋 1人前,人前,400,人前(0.5刻み),みそなべ,積算(のりレシピ),✓,300,28.0,12.0,16.0,のりレシピ(概算・採用確定(2026-08-18きよむ判断)),特典17
のりレシピ,かぼちゃと鶏モモ煮 1人前,人前,250,人前(0.5刻み),かぼちゃとりもも,積算(のりレシピ),✓,320,22.0,12.0,28.0,のりレシピ(概算・採用確定(2026-08-18きよむ判断)),レッスン(冷凍鍋6日目)
のりレシピ,レモン炭酸水 1杯,杯,200,杯,れもんたんさん,積算(のりレシピ),✓,5,0.0,0.0,1.0,のりレシピ(概算(ほぼ0)),特典10
のりレシピ,イヌリン水 1杯,杯,200,杯,いぬりん,積算(のりレシピ),✓,10,0.0,0.0,5.0,のりレシピ(概算(イヌリン5g・食物繊維)),特典10
のりレシピ,リンゴ酢炭酸水 1杯,杯,200,杯,りんごすたんさん,積算(のりレシピ),✓,10,0.0,0.0,2.0,のりレシピ(概算(りんご酢15ml)),特典10
のりレシピ,ブラックコーヒー+MCTオイル 1杯,杯,150,杯,MCT/えむしーてぃー,積算(のりレシピ),✓,95,0.2,10.0,0.7,のりレシピ(概算(MCT10g)),特典10
のりレシピ,梅干し炭酸水 1杯,杯,200,杯,うめたんさん,積算(のりレシピ),✓,5,0.1,0.0,1.0,のりレシピ(概算(ほぼ0)),特典15
ダイエット定番,オートミール米化 1食,個,105,個(0.5刻み),べいか/おこめか,積算,✓,105,4.1,1.7,20.7,積算(内訳台帳),乾30g+水・レンジ
ダイエット定番,オーバーナイトオーツ 1杯,杯,180,杯(0.5刻み),おーばーないと,積算,✓,244,9.9,7.0,40.5,積算(内訳台帳),オーツ40g+豆乳/ヨーグルト
ダイエット定番,オートミール蒸しパン 1個,個,120,個,むしぱん,積算,✓,230,11.6,8.3,30.1,積算(内訳台帳),
ダイエット定番,プロテインオートミール 1杯,杯,200,杯(0.5刻み),ぷろておーつ,積算,✓,317,28.0,8.5,36.4,積算(内訳台帳),
ダイエット定番,おから蒸しパン 1個,個,120,個,おからむしぱん,積算,,205,12.5,9.7,22.3,積算(内訳台帳),
ダイエット定番,おからパウダー 大さじ2,杯,12,杯,おからぱうだー,転記,,40,2.8,1.6,6.3,転記(成分表04089),
ダイエット定番,鶏ハム 1人前,人前,100,人前(0.5刻み),とりはむ/自家製サラダチキン,積算,,113,23.3,1.9,2.1,積算(内訳台帳),
ダイエット定番,鶏むねそぼろ 1人前,人前,80,人前(0.5刻み),むねそぼろ,積算,✓,136,12.6,8.4,3.4,積算(内訳台帳),作り置き定番
ダイエット定番,沼 1食,人前,400,人前(0.5刻み),ぬま,積算,,449,30.1,3.1,81.8,積算(内訳台帳),筋トレ民定番(鶏むね+米+野菜の炊飯器粥)
ダイエット定番,マグマ 1食,人前,400,人前(0.5刻み),まぐま,積算,,454,29.7,3.1,82.2,積算(内訳台帳),沼のトマト版
ダイエット定番,鶏むね+ブロッコリー+玄米弁当 1食,人前,350,人前(0.5刻み),きんとれべんとう/ミールプレップ,積算,✓,390,38.3,4.4,58.2,積算(内訳台帳),筋トレ弁当の定番形
ダイエット定番,脂肪燃焼スープ 1杯,杯,300,杯(0.5刻み),しぼうねんしょう/デトックススープ,積算,,64,3.1,0.4,14.3,積算(内訳台帳),野菜たっぷり
ダイエット定番,糖質0麺 1袋,個,180,個,とうしつぜろめん,市販平均,,15,1.0,0.2,6.0,市販平均,
ダイエット定番,こんにゃく麺 1袋,個,150,個,こんにゃくめん,市販平均,,10,0.1,0.0,4.0,市販平均,
ダイエット定番,豆腐そうめん 1パック,個,150,個,とうふそうめん,市販平均,✓,94,4.9,2.5,14.0,市販平均,
ダイエット定番,カリフラワーライス 1食,個,150,個,かりふらわーらいす,市販平均,,40,2.4,0.2,7.5,市販平均,
ダイエット定番,ブランパン 1個,個,45,個,ぶらんぱん,市販平均,,65,6.3,2.7,8.6,市販平均,
ダイエット定番,低糖質パン 1個,個,50,個,ていとうしつぱん/ロカボパン,市販平均,,110,8.0,4.5,13.0,市販平均,
ダイエット定番,全粒粉パスタ(ゆで) 1人前,人前,220,人前(0.5刻み),ぜんりゅうふんぱすた,転記,✓,330,12.8,2.0,70.8,転記(成分表01064),ソース別
ダイエット定番,パワーサラダ 1皿,人前,300,人前(0.5刻み),ぱわーさらだ,積算,,255,24.1,15.8,10.7,積算(内訳台帳),チキン+卵+野菜+ナッツ
ダイエット定番,サラダボウル(玄米入り) 1皿,人前,350,人前(0.5刻み),さらだぼうる,積算,✓,324,18.7,9.7,46.3,積算(内訳台帳),
ダイエット定番,豆腐サラダ 1皿,人前,200,人前(0.5刻み),とうふさらだ,積算,✓,117,8.6,7.2,6.2,積算(内訳台帳),
ダイエット定番,温野菜(蒸し野菜) 1皿,人前,150,人前(0.5刻み),おんやさい/むしやさい,積算,,68,4.6,0.5,15.7,積算(内訳台帳),
ダイエット定番,納豆キムチ豆腐 1人前,人前,200,人前(0.5刻み),なっとうきむち,積算,✓,158,14.5,8.7,9.5,積算(内訳台帳),定番の組み合わせ
ダイエット定番,塩昆布キャベツ 小鉢1,人前,80,人前(0.5刻み),しおこんぶきゃべつ,積算,,52,1.7,3.1,5.5,積算(内訳台帳),
ダイエット定番,酢キャベツ 小鉢1,人前,80,人前(0.5刻み),すきゃべつ,積算,,26,0.8,0.1,5.8,積算(内訳台帳),
ダイエット定番,無限ピーマン 小鉢1,人前,80,人前(0.5刻み),むげんぴーまん,積算,,81,3.3,6.4,3.4,積算(内訳台帳),
ダイエット定番,サラダフィッシュ 1袋,個,70,個,さらだふぃっしゅ,市販平均,,90,14.0,3.5,0.3,市販平均,
ダイエット定番,ヨーグルトバーク 1人前,人前,100,人前(0.5刻み),よーぐるとばーく,積算,✓,68,2.7,2.1,10.8,積算(内訳台帳),
ダイエット定番,冷凍フルーツミックス 1人前,人前,100,人前(0.5刻み),れいとうふるーつ,転記,,48,0.5,0.1,12.9,転記(成分表07124),
ダイエット定番,寒天ゼリー(0kcal系) 1個,個,200,個,かんてんぜりー/ゼロカロリーゼリー,市販平均,,0,0.0,0.0,0.0,市販平均,
ダイエット定番,ハイカカオチョコ(72%) 1かけ,個,5,個,はいかかお,市販平均,,28,0.5,2.0,1.6,市販平均,
ダイエット定番,甘栗 1袋,個,80,個,あまぐり,転記,,166,3.9,0.7,38.8,転記(成分表05013),
ダイエット定番,ソイジョイ 1本,本,30,本,そいじょい,市販平均,,135,5.0,7.5,13.0,市販平均,
ダイエット定番,プロテイン(ソイ) 1杯,杯,30,杯,そいぷろてん,市販平均,✓,110,16.0,1.0,9.0,市販平均,既存WPCと対
ダイエット定番,炭酸水(無糖) 1本,本,500,本,たんさんすい,転記,,0,0.0,0.0,0.0,転記(成分表(手動)),0kcal
ダイエット定番,トマトジュース(無塩) 1本,本,200,本,とまとじゅーす,転記,,36,1.2,0.0,8.6,転記(成分表06186),
ダイエット定番,アーモンドミルク(無糖) コップ1杯,杯,200,杯(0.5刻み),あーもんどみるく,市販平均,✓,40,2.0,3.0,1.8,市販平均,
ダイエット定番,オーツミルク コップ1杯,杯,200,杯(0.5刻み),おーつみるく,市販平均,✓,80,0.6,3.0,13.0,市販平均,
ダイエット定番,EAA/BCAAドリンク 1杯,杯,500,杯,いーえーえー/びーしーえーえー,市販平均,,50,12.0,0.0,1.0,市販平均,ほぼ0kcal
筋トレ・増量,塩むすび 1個,個,100,個,しおむすび/トレ前おにぎり,転記,,170,2.7,0.3,39.4,転記(成分表01111),トレ前の定番 / 成分表に実在発見→転記へ(段階2-2)
筋トレ・増量,鶏むね+白米セット 1食,人前,350,人前(0.5刻み),とれごはん/トレ後セット,積算,✓,470,40.0,3.4,74.4,積算(内訳台帳),トレ後の定番(むね150g+白米200g)
筋トレ・増量,あんこトースト 1枚,枚,90,枚,あんトースト,積算,,167,7.9,2.2,32.4,積算(内訳台帳),
筋トレ・増量,はちみつトースト 1枚,枚,75,枚,はちみつとーすと,積算,,247,4.1,9.9,37.3,積算(内訳台帳),
筋トレ・増量,ピーナッツバタートースト 1枚,枚,77,枚,ぴーなつとーすと,積算,✓,303,10.6,18.0,28.8,積算(内訳台帳),
筋トレ・増量,オートミールバナナボウル 1杯,杯,250,杯(0.5刻み),ばななぼうる,積算,✓,327,9.9,6.3,63.1,積算(内訳台帳),
筋トレ・増量,磯辺餅 2個,人前,110,人前(0.5刻み),いそべもち/磯辺焼き,積算,✓,242,4.9,0.6,54.7,積算(内訳台帳),
筋トレ・増量,ウェイトゲイナーシェイク 1杯,杯,400,杯,げいなー/増量シェイク,市販平均,,400,30.0,5.0,60.0,市販平均,
筋トレ・増量,カーボドリンク 1杯,杯,500,杯,かーぼ/マルトデキストリン,市販平均,,180,0.0,0.0,45.0,市販平均,トレ中の糖質補給
筋トレ・増量,プロテイン牛乳割り 1杯,杯,230,杯,ぷろてぎゅうにゅう,積算,✓,239,28.5,9.1,12.6,積算(内訳台帳),
筋トレ・増量,鶏もも+白米弁当 1食,人前,400,人前(0.5刻み),ぞうりょうべんとう,積算,✓,640,29.0,19.3,92.7,積算(内訳台帳),増量ミールプレップ
筋トレ・増量,バナナジュース 1杯,杯,250,杯(0.5刻み),ばななじゅーす,積算,,184,6.0,5.9,29.7,積算(内訳台帳),牛乳+バナナ
ダイエット定番,ゆで鶏(鶏しゃぶ) 1人前,人前,150,人前(0.5刻み),とりしゃぶ/ゆでどり,積算,,152,33.0,2.7,0.9,積算(内訳台帳),
ダイエット定番,鶏むねのレンジ蒸しポン酢 1人前,人前,160,人前(0.5刻み),れんじむしどり,積算,✓,156,33.2,2.7,1.7,積算(内訳台帳),
ダイエット定番,鶏むねピカタ 1人前,人前,150,人前(0.5刻み),ぴかた,積算,✓,223,31.5,9.8,4.0,積算(内訳台帳),
ダイエット定番,揚げない塩唐揚げ 1人前,人前,120,人前(0.5刻み),あげないからあげ/ノンフライ,積算,,192,23.5,7.9,7.5,積算(内訳台帳),
ダイエット定番,鶏むねナゲット 5個,人前,125,人前(0.5刻み),むねなげっと,積算,✓,259,22.9,16.6,6.4,積算(内訳台帳),
ダイエット定番,ささみの梅しそ焼き 1人前,人前,120,人前(0.5刻み),うめしそ,積算,✓,149,24.3,3.9,5.7,積算(内訳台帳),
ダイエット定番,ささみチーズ焼き 1人前,人前,130,人前(0.5刻み),ささみちーず,積算,✓,192,27.9,7.8,4.0,積算(内訳台帳),
ダイエット定番,ガーリックチキンステーキ 1人前,人前,180,人前(0.5刻み),がーりっくちきん,積算,,340,25.6,26.3,1.8,積算(内訳台帳),むね使用
ダイエット定番,蒸しささみ 2本,人前,80,人前(0.5刻み),むしささみ,積算,✓,82,19.1,0.6,0.2,積算(内訳台帳),
ダイエット定番,鶏むねの柚子胡椒焼き 1人前,人前,150,人前(0.5刻み),ゆずこしょう,積算,✓,176,30.6,6.5,0.7,積算(内訳台帳),
ダイエット定番,卵白オムレツ 1人前,人前,130,人前(0.5刻み),らんぱくおむれつ,積算,✓,83,12.3,3.2,0.8,積算(内訳台帳),
ダイエット定番,全卵+卵白スクランブル 1人前,人前,140,人前(0.5刻み),らんぱくすくらんぶる,積算,✓,142,14.1,9.0,1.0,積算(内訳台帳),
ダイエット定番,自家製味玉 1個,個,55,個,あじたま/煮卵,積算,✓,72,6.5,5.2,1.2,積算(内訳台帳),
ダイエット定番,エッグマフィン 1個,個,120,個,えっぐまふぃん,積算,,294,16.1,16.9,22.3,積算(内訳台帳),
ダイエット定番,サバ缶トマト煮 1人前,人前,220,人前(0.5刻み),さばとまと,積算,✓,220,21.0,13.4,6.3,積算(内訳台帳),
ダイエット定番,サバ缶キムチ和え 1人前,人前,150,人前(0.5刻み),さばきむち,積算,✓,203,20.8,13.2,2.4,積算(内訳台帳),
ダイエット定番,ツナ豆腐 1人前,人前,200,人前(0.5刻み),つなどうふ,積算,✓,115,14.6,5.5,3.4,積算(内訳台帳),
ダイエット定番,エビとブロッコリーの炒め 1人前,人前,180,人前(0.5刻み),えびぶろっこりー,積算,✓,201,18.3,13.5,6.7,積算(内訳台帳),
ダイエット定番,魚肉ソーセージ 1本,本,70,本,ぎょにそ/フィッシュソーセージ,市販平均,,110,8.1,5.0,8.8,市販平均,
ダイエット定番,もち麦100%飯 茶碗1杯,杯,150,杯(0.5刻み),もちむぎひゃくぱー,転記,✓,177,3.3,0.8,42.8,転記(成分表01170),
ダイエット定番,しらたき混ぜごはん 茶碗1杯,杯,180,杯(0.5刻み),しらたきごはん,積算,✓,193,3.3,0.4,46.3,積算(内訳台帳),
ダイエット定番,カリフラワーライスチャーハン 1人前,人前,280,人前(0.5刻み),かりふらちゃーはん,積算,,234,14.8,16.0,10.3,積算(内訳台帳),
ダイエット定番,オートミールチャーハン 1人前,人前,250,人前(0.5刻み),おーつちゃーはん,積算,✓,314,15.7,16.1,30.0,積算(内訳台帳),
ダイエット定番,オートミールリゾット 1杯,杯,280,杯(0.5刻み),おーつりぞっと,積算,✓,249,13.3,8.8,34.9,積算(内訳台帳),
ダイエット定番,ゼンパスタ 1人前,人前,250,人前(0.5刻み),ぜんぱすた/乾燥しらたき麺,積算,,78,1.2,5.2,9.9,積算(内訳台帳),
ダイエット定番,プロテインスムージー(バナナ) 1杯,杯,300,杯,ぷろてすむーじー,積算,✓,302,28.0,7.4,32.7,積算(内訳台帳),
ダイエット定番,プロテインヨーグルト 1杯,杯,180,杯(0.5刻み),ぷろてよーぐると,積算,✓,142,16.4,5.2,8.9,積算(内訳台帳),オイコス+プロテイン
ダイエット定番,プロテインコーヒー 1杯,杯,250,杯,ぷろてこーひー/カフェオレプロテイン,積算,✓,106,18.7,1.2,4.0,積算(内訳台帳),
ダイエット定番,プロテインアイス(自家製) 1個,個,100,個,ぷろてあいす,積算,✓,130,17.0,2.8,9.4,積算(内訳台帳),
ダイエット定番,プロテインパンケーキ 1人前,人前,180,人前(0.5刻み),ぷろてぱんけーき,積算,,327,29.6,8.7,34.7,積算(内訳台帳),一般形(のりレシピ版と別)
ダイエット定番,きのこのソテー 1人前,人前,120,人前(0.5刻み),きのこそてー,積算,,72,2.8,5.3,5.8,積算(内訳台帳),
ダイエット定番,しらたき明太パスタ風 1人前,人前,220,人前(0.5刻み),しらたきめんたい,積算,,101,5.9,7.3,6.5,積算(内訳台帳),
ダイエット定番,キャベツの塩だれ和え 小鉢1,人前,90,人前(0.5刻み),しおだれきゃべつ,積算,,58,1.2,4.1,5.0,積算(内訳台帳),
ダイエット定番,豆腐グラタン 1人前,人前,250,人前(0.5刻み),とうふぐらたん,積算,✓,228,15.6,15.2,9.3,積算(内訳台帳),
ダイエット定番,MCTオイル 小さじ1,杯,4,杯,えむしーてぃーおいる,転記,✓,36,0.0,4.0,0.0,転記(成分表(手動)),
ダイエット定番,粉飴(マルトデキストリン) 大さじ1,杯,9,杯,こなあめ,市販平均,,35,0.0,0.0,8.7,市販平均,
コンビニ・市販,高たんぱくヨーグルト(パルテノ型) 1個,個,100,個,ぱるての/高たんぱくよーぐると,市販平均,✓,100,10.0,4.3,4.5,市販平均,
コンビニ・市販,グリルチキン(コンビニ) 1個,個,80,個,ぐりるちきんこんびに,市販平均,,130,14.0,7.0,2.0,市販平均,
コンビニ・市販,砂肝スモーク 1袋,個,60,個,すなぎもすもーく,市販平均,,60,11.0,1.5,1.0,市販平均,
コンビニ・市販,プロテインin ゼリー飲料 1個,個,180,個,ぷろていんぜりーいんりょう,市販平均,✓,90,10.0,0.0,12.0,市販平均,
コンビニ・市販,高たんぱく豆乳 1本,本,200,本,こうたんぱくとうにゅう,市販平均,✓,100,10.0,5.0,3.5,市販平均,
コンビニ・市販,もち麦おにぎり 1個,個,110,個,もちむぎおにぎり,市販平均,✓,170,3.5,1.5,36.0,市販平均,
コンビニ・市販,玄米おにぎり 1個,個,110,個,げんまいおにぎり,市販平均,✓,170,3.5,1.5,36.0,市販平均,
コンビニ・市販,サラダチキンの全粒粉サンド 1包装,個,150,個,ちきんさんど,市販平均,✓,260,22.0,7.0,28.0,市販平均,
コンビニ・市販,サラダチキン(ハーブ) 1袋,個,110,個,はーぶちきん,市販平均,,115,24.0,1.5,1.5,市販平均,
コンビニ・市販,サラダチキン(スモーク) 1袋,個,110,個,すもーくさらだちきん,市販平均,,115,24.0,1.5,1.5,市販平均,
コンビニ・市販,サラダチキン(タンドリー・スパイシー) 1袋,個,110,個,たんどりーちきん,市販平均,,115,24.0,1.5,1.5,市販平均,
コンビニ・市販,サラダチキン(レモン) 1袋,個,110,個,れもんちきん,市販平均,,115,24.0,1.5,1.5,市販平均,
コンビニ・市販,ほぐしサラダチキン 1袋,個,80,個,ほぐしちきん,市販平均,,90,18.0,1.0,1.0,市販平均,
コンビニ・市販,ささみソーセージ 1本,本,65,本,ささみそーせーじ,市販平均,✓,80,10.0,3.0,3.5,市販平均,
コンビニ・市販,こんにゃくゼリー 1個,個,25,個,こんにゃくぜりー,市販平均,,25,0.0,0.0,6.0,市販平均,
ダイエット定番,プロテイン(WPI) 1杯,杯,30,杯,あいそれーと/WPI,市販平均,✓,110,25.0,0.5,1.5,市販平均,
ダイエット定番,プロテイン(カゼイン) 1杯,杯,30,杯,かぜいん,市販平均,✓,110,23.0,1.0,2.5,市販平均,
ダイエット定番,ヨーグルト(プレーン無糖) 100g,g,100,g(10刻み),ぷれーんよーぐると,転記,✓,56,3.6,3.0,4.9,転記(成分表13025),
ダイエット定番,ヨーグルト(低脂肪無糖) 100g,g,100,g(10刻み),ていしぼうよーぐると,転記,✓,40,3.7,1.0,5.2,転記(成分表13053),
ダイエット定番,豆乳ヨーグルト 100g,g,100,g(10刻み),とうにゅうよーぐると/大豆ヨーグルト,転記,✓,43,3.6,2.8,2.3,転記(成分表04052),
素材(追加),鶏むね(皮つき) 100g,g,100,g(10刻み),むねかわつき,転記,✓,133,21.3,5.9,0.1,転記(成分表11219),
素材(追加),鶏むねひき肉 100g,g,100,g(10刻み),むねひきにく,転記,✓,171,17.5,12.0,0.0,転記(成分表11230),
主食,ごはん どんぶり1杯,杯,300,杯(0.5刻み),どんぶりめし,転記,✓,468,7.5,0.9,111.3,転記(成分表01088),
主食,おにぎり(おかか) 1個,個,110,個,おかか,積算,,178,4.4,0.4,39.6,積算(内訳台帳),
魚料理,サバ味噌煮缶 1缶,個,190,個,さばみそかん,転記,✓,399,31.0,26.4,12.5,転記(成分表10165),
卵・大豆・乳,充填豆腐(3連) 1個,個,150,個,じゅうてんどうふ/小分け豆腐,転記,✓,84,7.5,4.7,3.8,転記(成分表04035),
卵・大豆・乳,豆腐干 1人前,人前,100,人前(0.5刻み),とうふかん/干し豆腐,市販平均,✓,150,16.0,8.0,4.0,市販平均,
卵・大豆・乳,さけるチーズ 1本,本,25,本,さけるちーず,市販平均,✓,80,6.8,5.7,0.2,市販平均,
間食・デザート,くるみ 1つかみ,人前,15,人前(0.5刻み),くるみ/ウォールナッツ,転記,✓,107,2.2,10.3,1.8,転記(成分表05014),
間食・デザート,カシューナッツ 1つかみ,人前,15,人前(0.5刻み),かしゅー,転記,✓,89,3.0,7.1,4.0,転記(成分表05005),
麺類,十割そば(ゆで) 1人前,人前,300,人前(0.5刻み),じゅうわりそば,転記,✓,390,14.4,3.0,78.0,転記(成分表01128),つゆ込み
肉料理,焼き鳥(もも・塩) 1本,本,45,本,やきとりしお,積算,,84,7.3,6.2,0.0,積算(内訳台帳),
間食・デザート,ゆであずき(あんこ) 大さじ1,杯,20,杯,あんこ/こしあん/つぶあん,転記,,25,1.7,0.2,5.1,転記(成分表04002),
素材(追加),キヌア(炊) 100g,g,100,g(10刻み),きぬあ,転記,✓,140,4.7,1.2,24.7,転記(成分表(手動)),
素材(追加),紫芋(冷) 100g,g,100,g(10刻み),むらさきいも,転記,✓,122,1.2,0.3,31.4,転記(成分表02049),
間食・デザート,マカダミアナッツ 1つかみ,人前,15,人前(0.5刻み),まかだみあ,転記,✓,113,1.2,11.5,1.8,転記(成分表05031),
調味・トッピング,えごま油 小さじ1,杯,4,杯,えごまゆ,転記,✓,36,0.0,4.0,0.0,転記(成分表14024),加熱NG
調味・トッピング,アマニ油 小さじ1,杯,4,杯,あまにゆ/亜麻仁油,転記,✓,36,0.0,4.0,0.0,転記(成分表14023),加熱NG
卵・大豆・乳,テンペ 100g,g,100,g(10刻み),てんぺ,転記,✓,180,15.8,9.0,15.4,転記(成分表04063),発酵大豆
素材(追加),ラム肉 100g,g,100,g(10刻み),らむにく/羊肉,転記,✓,164,20.0,12.0,0.3,転記(成分表11203),
ダイエット定番,キヌアサラダ 1皿,人前,200,人前(0.5刻み),きぬあさらだ,積算,✓,253,5.6,14.3,27.9,積算(内訳台帳),
ダイエット定番,アボカドトースト 1枚,枚,120,枚,あぼかどとーすと,積算,✓,244,5.3,15.3,25.8,積算(内訳台帳),
かんたん・ズボラ飯,アボカド納豆 1人前,人前,120,人前(0.5刻み),あぼかどなっとう,積算,✓,193,8.9,15.1,10.8,積算(内訳台帳),
かんたん・ズボラ飯,ブルーベリーヨーグルト 1杯,杯,150,杯(0.5刻み),ぶるーべりーよーぐると,積算,✓,82,4.5,3.6,9.8,積算(内訳台帳),
かんたん・ズボラ飯,りんごヨーグルト 1杯,杯,180,杯(0.5刻み),りんごよーぐると,積算,✓,101,4.8,4.1,14.5,積算(内訳台帳),
ダイエット定番,テンペ焼き 1人前,人前,100,人前(0.5刻み),てんぺやき,積算,✓,218,14.5,14.1,14.2,積算(内訳台帳),
ダイエット定番,もち麦入り野菜スープ 1杯,杯,300,杯(0.5刻み),もちむぎすーぷ,積算,✓,118,5.7,1.9,22.2,積算(内訳台帳),
ダイエット定番,蒸しじゃがいも(冷) 1個,個,120,個,ひやしじゃが/冷やしいも,転記,✓,91,2.3,0.4,21.7,転記(成分表02018),レジスタントスターチ
ダイエット定番,冷やし焼き芋 1本,本,200,本(0.5刻み),ひやしやきいも,転記,✓,302,2.8,0.4,78.0,転記(成分表02008),
かんたん・ズボラ飯,納豆ごはん 1杯,杯,200,杯(0.5刻み),なっとうごはん,積算,✓,318,11.3,5.0,61.3,積算(内訳台帳),
かんたん・ズボラ飯,納豆卵かけごはん 1杯,杯,260,杯(0.5刻み),なっとうたまごかけ/納豆TKG,積算,✓,398,18.2,10.6,61.6,積算(内訳台帳),
かんたん・ズボラ飯,サバ缶ごはん 1杯,杯,250,杯(0.5刻み),さばかんごはん,積算,✓,402,23.8,10.6,56.1,積算(内訳台帳),
かんたん・ズボラ飯,しらす丼 1杯,杯,180,杯(0.5刻み),しらすどん,積算,✓,259,8.6,0.9,56.1,積算(内訳台帳),
かんたん・ズボラ飯,マグロ納豆 1人前,人前,120,人前(0.5刻み),まぐろなっとう,積算,✓,167,26.2,5.5,6.0,積算(内訳台帳),
かんたん・ズボラ飯,キムチ奴 1人前,人前,180,人前(0.5刻み),きむちやっこ,積算,✓,112,8.0,7.6,4.9,積算(内訳台帳),
かんたん・ズボラ飯,めかぶ奴 1人前,人前,200,人前(0.5刻み),めかぶやっこ,積算,✓,88,8.2,5.2,4.8,積算(内訳台帳),
かんたん・ズボラ飯,はちみつヨーグルト 1杯,杯,120,杯(0.5刻み),はちみつよーぐると,積算,✓,108,3.8,3.2,17.4,積算(内訳台帳),
かんたん・ズボラ飯,バナナヨーグルト 1杯,杯,200,杯(0.5刻み),ばななよーぐると,積算,✓,159,5.1,3.7,28.2,積算(内訳台帳),
かんたん・ズボラ飯,納豆そば 1人前,人前,350,人前(0.5刻み),なっとうそば,積算,✓,447,21.1,7.1,78.5,積算(内訳台帳),
かんたん・ズボラ飯,オートミール茶漬け 1杯,杯,250,杯(0.5刻み),おーつちゃづけ,積算,✓,124,5.7,1.9,23.4,積算(内訳台帳),和風だし
かんたん・ズボラ飯,サバ缶味噌汁 1杯,杯,250,杯(0.5刻み),さばかんみそしる,積算,✓,166,18.7,9.3,3.7,積算(内訳台帳),
かんたん・ズボラ飯,アボカド醤油(刺身風) 1人前,人前,80,人前(0.5刻み),あぼかどしょうゆ,積算,✓,133,2.0,12.5,6.8,積算(内訳台帳),
かんたん・ズボラ飯,ツナ玉ねぎサラダ 1人前,人前,120,人前(0.5刻み),つなたまねぎ,積算,✓,172,7.2,13.8,6.6,積算(内訳台帳),
かんたん・ズボラ飯,ちくわきゅうり 1人前,人前,80,人前(0.5刻み),ちくわきゅうり,積算,✓,57,6.9,0.2,7.6,積算(内訳台帳),
素材(追加),オクラ 5本,人前,40,人前(0.5刻み),おくら,転記,,10,0.8,0.1,2.6,転記(成分表06032),
素材(追加),パプリカ 1/2個,個,70,個,ぱぷりか,転記,,20,0.7,0.1,5.0,転記(成分表06247),
素材(追加),ズッキーニ 1/2本,個,80,個,ずっきーに,転記,,13,1.0,0.1,2.2,転記(成分表06116),
素材(追加),アスパラガス 3本,人前,60,人前(0.5刻み),あすぱらがす,転記,,13,1.6,0.1,2.3,転記(成分表06007),
素材(追加),カリフラワー 100g,g,100,g(10刻み),かりふらわー,転記,,28,3.0,0.1,5.2,転記(成分表06054),
素材(追加),水菜 100g,g,100,g(10刻み),みずな,転記,,23,2.2,0.1,4.8,転記(成分表06072),
素材(追加),チンゲン菜 1株,個,100,個,ちんげんさい,転記,,9,0.6,0.1,2.0,転記(成分表06160),
素材(追加),ニラ 1/2束,個,50,個,にら,転記,,9,0.8,0.1,2.0,転記(成分表06207),
素材(追加),ゴーヤ 1/2本,個,100,個,ごーや/にがうり,転記,,15,1.0,0.1,3.9,転記(成分表06205),
素材(追加),とうもろこし 1本,本,175,本(0.5刻み),とうもろこし/コーン,転記,,166,6.1,3.0,32.6,転記(成分表06176),可食部
素材(追加),さやいんげん 10本,人前,50,人前(0.5刻み),いんげん,転記,,12,0.9,0.1,2.5,転記(成分表06010),
素材(追加),ミニトマト 5個,人前,75,人前(0.5刻み),みにとまと/プチトマト,転記,,22,0.8,0.1,5.4,転記(成分表06183),
素材(追加),セロリ 1本,本,65,本,せろり,転記,,8,0.3,0.1,2.3,転記(成分表06119),
素材(追加),かぶ 1個,個,80,個,かぶ,転記,,14,0.6,0.1,3.7,転記(成分表06036),
素材(追加),春菊 100g,g,100,g(10刻み),しゅんぎく,転記,,20,2.3,0.3,3.9,転記(成分表06099),
素材(追加),しいたけ(生) 3枚,人前,45,人前(0.5刻み),しいたけ,転記,,11,1.4,0.1,2.9,転記(成分表08039),
素材(追加),エリンギ 1本,本,50,本,えりんぎ,転記,,16,1.4,0.2,3.0,転記(成分表08025),
素材(追加),なめこ 1袋,個,100,個,なめこ,転記,,21,1.8,0.2,5.4,転記(成分表08020),
素材(追加),手羽元 1本,本,60,本,てばもと,転記,,105,10.9,7.7,0.0,転記(成分表11286),可食部
素材(追加),手羽先 1本,本,50,本,てばさき,転記,,104,8.7,8.1,0.0,転記(成分表11285),可食部
素材(追加),豚こま切れ 100g,g,100,g(10刻み),ぶたこま,転記,✓,171,20.5,10.2,0.2,転記(成分表11130),
素材(追加),牛切り落とし 100g,g,100,g(10刻み),ぎゅうきりおとし,転記,,231,17.1,19.8,0.3,転記(成分表11030),
素材(追加),春雨(乾) 30g,g,30,g(10刻み),はるさめ,転記,,104,0.0,0.1,26.0,転記(成分表02040),
