カテゴリ,品名,単位,1単位の目安g,数え方,別名(検索用),数値の作り方,備考
主食,ごはん 茶碗1杯,杯,150,杯(0.5刻み),ごはん/白米/はくまい,転記,既存「白米(飯)g指定」と二本立て
主食,ごはん 大盛り1杯,杯,240,杯(0.5刻み),おおもり,転記,
主食,ごはん 子ども茶碗1杯,杯,100,杯(0.5刻み),こども/小盛り,転記,
主食,玄米ごはん 茶碗1杯,杯,150,杯(0.5刻み),げんまい,転記,既存g指定と二本立て
主食,もち麦ごはん 茶碗1杯,杯,150,杯(0.5刻み),もちむぎ,転記,既存g指定と二本立て
主食,雑穀米 茶碗1杯,杯,150,杯(0.5刻み),ざっこくまい/十六穀,積算,
主食,おかゆ 1杯,杯,250,杯(0.5刻み),お粥/かゆ,転記,全かゆ
主食,雑炊 1杯,杯,300,杯(0.5刻み),ぞうすい/おじや,積算,
主食,おにぎり(鮭) 1個,個,110,個,さけ/しゃけ,積算,
主食,おにぎり(ツナマヨ) 1個,個,110,個,つなまよ,積算,
主食,おにぎり(梅) 1個,個,110,個,うめ,積算,
主食,おにぎり(昆布) 1個,個,110,個,こんぶ,積算,
主食,おにぎり(明太子) 1個,個,110,個,めんたいこ,積算,
主食,焼きおにぎり 1個,個,90,個,やきおにぎり,転記,成分表にあり
主食,赤飯 茶碗1杯,杯,150,杯(0.5刻み),せきはん/お赤飯,転記,
主食,もち 1個,個,50,個,餅/切り餅,転記,
主食,食パン(6枚切) 1枚,枚,60,枚,しょくぱん/トースト,転記,既存57品と重複→統合判断
主食,食パン(8枚切) 1枚,枚,45,枚,うすぎり,転記,
主食,ロールパン 1個,個,30,個,ろーるぱん,転記,
主食,クロワッサン 1個,個,45,個,くろわっさん,転記,
主食,フランスパン 2切れ,個,50,個,ばげっと/バゲット,転記,
主食,ベーグル 1個,個,90,個,べーぐる,転記,
主食,全粒粉パン 1枚,枚,60,枚,ぜんりゅうふん,転記,
主食,菓子パン(あんぱん) 1個,個,100,個,あんぱん,転記,
主食,菓子パン(クリームパン) 1個,個,100,個,くりーむぱん,転記,
主食,菓子パン(メロンパン) 1個,個,100,個,めろんぱん,転記,
主食,カレーパン 1個,個,120,個,かれーぱん,転記,成分表にあり
主食,総菜パン(焼きそばパン) 1個,個,130,個,そうざいぱん,積算,
主食,サンドイッチ(ハムレタス) 1人前,人前,140,人前(0.5刻み),さんどいっち,積算,
主食,サンドイッチ(たまご) 1人前,人前,140,人前(0.5刻み),たまごさんど,積算,
主食,ホットドッグ 1個,個,120,個,ほっとどっぐ,積算,
主食,シリアル(コーンフレーク) 1食,人前,40,人前(0.5刻み),こーんふれーく,転記,牛乳別
主食,グラノーラ 1食,人前,50,人前(0.5刻み),ぐらのーら/フルグラ,市販平均,牛乳別
主食,ホットケーキ 2枚,人前,160,人前(0.5刻み),ぱんけーき/パンケーキ,転記,シロップ込み想定は備考
主食,フレンチトースト 1枚,人前,120,人前(0.5刻み),ふれんちとーすと,積算,
主食,お好み焼き(豚) 1枚,枚,350,枚(0.5刻み),おこのみやき,転記,成分表にあり
主食,たこ焼き 6個,人前,120,人前(0.5刻み),たこやき,転記,成分表にあり
主食,ピザ(マルゲリータ) 1切れ,個,100,個,ぴざ/ぴっつぁ,積算,Mサイズ1/8×2枚分は備考へ
主食,ピザトースト 1枚,枚,120,枚,ぴざとーすと,積算,
丼・ワンプレート,カレーライス 1人前,人前,450,人前(0.5刻み),かれー/カレー,積算,ごはん200g込み・C方式の代表
丼・ワンプレート,カレー(ルーのみ) 1人前,人前,250,人前(0.5刻み),かれーるー,積算,ごはん別のこだわり派用
丼・ワンプレート,ビーフカレー 1人前,人前,450,人前(0.5刻み),びーふかれー,積算,ごはん200g込み
丼・ワンプレート,キーマカレー 1人前,人前,400,人前(0.5刻み),きーまかれー,積算,ごはん200g込み
丼・ワンプレート,バターチキンカレー 1人前,人前,430,人前(0.5刻み),ばたーちきん,積算,ごはん200g込み
丼・ワンプレート,スープカレー 1人前,人前,500,人前(0.5刻み),すーぷかれー,積算,ごはん150g込み
丼・ワンプレート,ハヤシライス 1人前,人前,450,人前(0.5刻み),はやしらいす/ハッシュドビーフ,積算,ごはん200g込み
丼・ワンプレート,牛丼 並盛1杯,杯,400,杯(0.5刻み),ぎゅうどん,積算,ごはん250g込み
丼・ワンプレート,牛丼(具のみ) 1人前,人前,150,人前(0.5刻み),ぎゅうどんのぐ,積算,ごはん別用
丼・ワンプレート,親子丼 1杯,杯,400,杯(0.5刻み),おやこどん,積算,ごはん250g込み
丼・ワンプレート,カツ丼 1杯,杯,450,杯(0.5刻み),かつどん,積算,ごはん250g込み
丼・ワンプレート,豚丼 1杯,杯,400,杯(0.5刻み),ぶたどん,積算,ごはん250g込み
丼・ワンプレート,天丼 1杯,杯,420,杯(0.5刻み),てんどん,積算,ごはん250g込み
丼・ワンプレート,海鮮丼 1杯,杯,380,杯(0.5刻み),かいせんどん,積算,ごはん230g込み
丼・ワンプレート,鉄火丼 1杯,杯,360,杯(0.5刻み),てっかどん/まぐろ丼,積算,ごはん230g込み
丼・ワンプレート,ねぎとろ丼 1杯,杯,370,杯(0.5刻み),ねぎとろ,積算,ごはん230g込み
丼・ワンプレート,うな丼 1杯,杯,400,杯(0.5刻み),うなどん/うなぎ,積算,ごはん250g込み
丼・ワンプレート,中華丼 1杯,杯,450,杯(0.5刻み),ちゅうかどん,積算,ごはん250g込み
丼・ワンプレート,麻婆丼 1杯,杯,430,杯(0.5刻み),まーぼーどん,積算,ごはん250g込み
丼・ワンプレート,ロコモコ丼 1人前,人前,450,人前(0.5刻み),ろこもこ,積算,
丼・ワンプレート,タコライス 1人前,人前,400,人前(0.5刻み),たこらいす,積算,
丼・ワンプレート,ガパオライス 1人前,人前,400,人前(0.5刻み),がぱお,積算,
丼・ワンプレート,オムライス 1人前,人前,410,人前(0.5刻み),おむらいす,積算,デモ済(666kcal)
丼・ワンプレート,チャーハン 1人前,人前,300,人前(0.5刻み),ちゃーはん/炒飯/焼き飯,転記,成分表にあり
丼・ワンプレート,エビピラフ 1人前,人前,300,人前(0.5刻み),ぴらふ,転記,成分表にあり
丼・ワンプレート,チキンライス 1人前,人前,300,人前(0.5刻み),ちきんらいす,転記,成分表にあり
丼・ワンプレート,ドリア 1人前,人前,350,人前(0.5刻み),どりあ,積算,
丼・ワンプレート,リゾット 1人前,人前,300,人前(0.5刻み),りぞっと,積算,
丼・ワンプレート,ビビンバ 1人前,人前,450,人前(0.5刻み),びびんば,積算,
丼・ワンプレート,ルーロー飯 1杯,杯,400,杯(0.5刻み),るーろーはん/魯肉飯,積算,
丼・ワンプレート,寿司(にぎり10貫) 1人前,人前,350,人前(0.5刻み),すし/おすし/握り,積算,
丼・ワンプレート,いなり寿司 1個,個,60,個,いなり,転記,成分表にあり
丼・ワンプレート,巻き寿司(太巻き) 1切れ,個,50,個,まきずし/のり巻き,転記,
丼・ワンプレート,ちらし寿司 1人前,人前,350,人前(0.5刻み),ちらし,転記,成分表にあり
麺類,かけうどん 1杯,杯,450,杯(0.5刻み),うどん,積算,汁込み
麺類,きつねうどん 1杯,杯,500,杯(0.5刻み),きつね,転記,成分表にあり
麺類,肉うどん 1杯,杯,500,杯(0.5刻み),にくうどん,積算,
麺類,天ぷらうどん 1杯,杯,500,杯(0.5刻み),てんぷらうどん,積算,
麺類,カレーうどん 1杯,杯,550,杯(0.5刻み),かれーうどん,積算,
麺類,焼きうどん 1人前,人前,350,人前(0.5刻み),やきうどん,積算,
麺類,ざるそば 1人前,人前,300,人前(0.5刻み),そば/もりそば,積算,つゆ込み
麺類,かけそば 1杯,杯,450,杯(0.5刻み),かけ,積算,
麺類,月見そば 1杯,杯,500,杯(0.5刻み),つきみ,積算,
麺類,天ぷらそば 1杯,杯,500,杯(0.5刻み),てんぷらそば,転記,成分表にあり
麺類,鴨南蛮そば 1杯,杯,520,杯(0.5刻み),かもなんばん,積算,
麺類,山かけそば 1杯,杯,500,杯(0.5刻み),やまかけ/とろろそば,積算,
麺類,そうめん 1人前,人前,270,人前(0.5刻み),素麺/にゅうめん,積算,ゆで270g+つゆ
麺類,醤油ラーメン 1杯,杯,550,杯(0.5刻み),らーめん/ラーメン,転記,成分表にあり
麺類,味噌ラーメン 1杯,杯,580,杯(0.5刻み),みそらーめん,積算,
麺類,塩ラーメン 1杯,杯,550,杯(0.5刻み),しおらーめん,転記,成分表にあり
麺類,とんこつラーメン 1杯,杯,550,杯(0.5刻み),とんこつ,積算,
麺類,つけ麺 1人前,人前,600,人前(0.5刻み),つけめん,積算,
麺類,担々麺 1杯,杯,580,杯(0.5刻み),たんたんめん,積算,
麺類,冷やし中華 1人前,人前,450,人前(0.5刻み),ひやしちゅうか,転記,成分表にあり
麺類,焼きそば 1人前,人前,350,人前(0.5刻み),やきそば/ソース焼きそば,転記,成分表にあり
麺類,あんかけ焼きそば 1人前,人前,450,人前(0.5刻み),あんかけ,積算,
麺類,ちゃんぽん 1杯,杯,600,杯(0.5刻み),ちゃんぽん,積算,
麺類,沖縄そば 1杯,杯,550,杯(0.5刻み),おきなわそば/ソーキそば,積算,
麺類,ミートソーススパゲッティ 1人前,人前,350,人前(0.5刻み),みーとそーす/ボロネーゼ,転記,成分表にあり
麺類,ナポリタン 1人前,人前,350,人前(0.5刻み),なぽりたん,転記,成分表にあり
麺類,カルボナーラ 1人前,人前,320,人前(0.5刻み),かるぼなーら,積算,
麺類,ペペロンチーノ 1人前,人前,280,人前(0.5刻み),ぺぺろん,転記,成分表にあり
麺類,たらこスパゲッティ 1人前,人前,300,人前(0.5刻み),たらこぱすた,積算,
麺類,和風きのこパスタ 1人前,人前,320,人前(0.5刻み),きのこぱすた,積算,
麺類,トマトソースパスタ 1人前,人前,330,人前(0.5刻み),とまとぱすた,積算,
麺類,ジェノベーゼ 1人前,人前,300,人前(0.5刻み),じぇのべーぜ/バジル,積算,
麺類,ラザニア 1人前,人前,300,人前(0.5刻み),らざにあ,積算,
麺類,グラタン(マカロニ) 1人前,人前,300,人前(0.5刻み),ぐらたん,転記,成分表にあり
麺類,ビーフン(焼き) 1人前,人前,250,人前(0.5刻み),びーふん,転記,
麺類,フォー 1杯,杯,450,杯(0.5刻み),ふぉー,積算,
麺類,パッタイ 1人前,人前,350,人前(0.5刻み),ぱったい,積算,
麺類,冷麺(盛岡風) 1人前,人前,450,人前(0.5刻み),れいめん,積算,
麺類,カップラーメン 1個,個,78,個,かっぷめん/カップ麺,市販平均,標準サイズ・湯込みでなく麺量78g
麺類,カップ焼きそば 1個,個,130,個,かっぷやきそば/ペヤング,市販平均,
肉料理,鶏の唐揚げ 1個,個,30,個,からあげ/竜田揚げ,積算,3個=1人前の案内
肉料理,鶏の照り焼き 1人前,人前,120,人前(0.5刻み),てりやき/照焼チキン,積算,
肉料理,焼き鳥(もも・タレ) 1本,本,45,本,やきとり,転記,成分表にあり
肉料理,焼き鳥(ねぎま) 1本,本,45,本,ねぎま,積算,
肉料理,焼き鳥(皮) 1本,本,30,本,かわ,積算,
肉料理,焼き鳥(ささみ) 1本,本,40,本,ささみぐし,積算,
肉料理,チキンステーキ 1枚,枚,200,枚(0.5刻み),ちきんすてーき,積算,もも1枚
肉料理,グリルチキン(むね) 1枚,枚,150,枚(0.5刻み),ぐりるちきん,積算,
肉料理,チキン南蛮 1人前,人前,180,人前(0.5刻み),ちきんなんばん,積算,タルタル込み
肉料理,鶏むねの塩麹焼き 1人前,人前,150,人前(0.5刻み),しおこうじ,積算,
肉料理,蒸し鶏(よだれ鶏) 1人前,人前,150,人前(0.5刻み),むしどり/よだれどり,積算,
肉料理,棒々鶏 1人前,人前,150,人前(0.5刻み),ばんばんじー,積算,
肉料理,豚の生姜焼き 1人前,人前,150,人前(0.5刻み),しょうがやき,転記,成分表にあり(ぶた生姜焼き)
肉料理,豚しゃぶ(冷しゃぶ) 1人前,人前,150,人前(0.5刻み),ひやしゃぶ/れいしゃぶ,積算,タレ別
肉料理,とんかつ(ロース) 1枚,枚,150,枚(0.5刻み),とんかつ,転記,成分表にあり
肉料理,とんかつ(ヒレ) 1人前,人前,120,人前(0.5刻み),ひれかつ,転記,成分表にあり
肉料理,豚の角煮 1人前,人前,150,人前(0.5刻み),かくに,積算,
肉料理,豚キムチ炒め 1人前,人前,180,人前(0.5刻み),ぶたきむち,積算,
肉料理,回鍋肉 1人前,人前,200,人前(0.5刻み),ほいこーろー,転記,成分表にあり
肉料理,豚バラ焼き(サムギョプサル) 1人前,人前,150,人前(0.5刻み),さむぎょぷさる,積算,
肉料理,ハンバーグ 1個,個,150,個(0.5刻み),はんばーぐ,転記,成分表にあり(合いびき)
肉料理,チーズハンバーグ 1個,個,170,個(0.5刻み),ちーずはんばーぐ,積算,
肉料理,豆腐ハンバーグ 1個,個,150,個(0.5刻み),とうふはんばーぐ,転記,成分表にあり
肉料理,ビーフステーキ(サーロイン) 1枚,枚,200,枚(0.5刻み),すてーき/ステーキ,積算,
肉料理,ビーフステーキ(赤身・ヒレ) 1枚,枚,150,枚(0.5刻み),あかみすてーき,積算,
肉料理,焼肉(カルビ) 1人前,人前,100,人前(0.5刻み),かるび,積算,タレ込み
肉料理,焼肉(ロース) 1人前,人前,100,人前(0.5刻み),やきにく,積算,タレ込み
肉料理,焼肉(ハラミ) 1人前,人前,100,人前(0.5刻み),はらみ,積算,
肉料理,焼肉(タン) 1人前,人前,80,人前(0.5刻み),たん/牛タン,積算,
肉料理,ローストビーフ 1人前,人前,80,人前(0.5刻み),ろーすとびーふ,転記,
肉料理,牛すじ煮込み 1人前,人前,150,人前(0.5刻み),ぎゅうすじ,積算,
肉料理,肉じゃが 1人前,人前,200,人前(0.5刻み),にくじゃが,転記,成分表にあり
肉料理,青椒肉絲 1人前,人前,180,人前(0.5刻み),ちんじゃおろーす,転記,成分表にあり
肉料理,ミートボール 3個,人前,90,人前(0.5刻み),みーとぼーる/肉団子,転記,成分表にあり
肉料理,メンチカツ 1個,個,90,個,めんちかつ,転記,成分表にあり
肉料理,コロッケ(ポテト) 1個,個,80,個,ころっけ,転記,成分表にあり
肉料理,ロールキャベツ 1個,個,120,個,ろーるきゃべつ,積算,
肉料理,餃子 1個,個,25,個,ぎょうざ,転記,成分表にあり
肉料理,シュウマイ 1個,個,25,個,しゅうまい/焼売,転記,成分表にあり
肉料理,春巻き 1本,本,60,本,はるまき,転記,成分表にあり
肉料理,酢豚 1人前,人前,200,人前(0.5刻み),すぶた,転記,成分表にあり
肉料理,麻婆豆腐 1人前,人前,220,人前(0.5刻み),まーぼーどうふ,転記,成分表にあり
肉料理,麻婆茄子 1人前,人前,200,人前(0.5刻み),まーぼーなす,積算,
肉料理,ジンギスカン 1人前,人前,150,人前(0.5刻み),じんぎすかん/ラム,積算,
肉料理,ソーセージ 1本,本,20,本,そーせーじ/ウインナー,転記,
肉料理,ベーコン 1枚,枚,17,枚,べーこん,転記,
肉料理,ハム(ロース) 1枚,枚,15,枚,はむ,転記,
肉料理,生ハム 3枚,人前,30,人前(0.5刻み),なまはむ,転記,
肉料理,鶏レバー煮 1人前,人前,80,人前(0.5刻み),ればー/レバニラ用,積算,
肉料理,レバニラ炒め 1人前,人前,180,人前(0.5刻み),ればにら,積算,
肉料理,もつ煮込み 1人前,人前,180,人前(0.5刻み),もつに,積算,
魚料理,鮭の塩焼き 1切れ,個,80,個,しゃけ/やきざかな,積算,
魚料理,銀鮭の塩焼き 1切れ,個,80,個,ぎんじゃけ,積算,
魚料理,サバの塩焼き 1切れ,個,90,個,さば/鯖,積算,
魚料理,サバの味噌煮 1切れ,個,120,個,さばみそ,転記,成分表にあり
魚料理,アジの開き 1枚,枚,90,枚,あじ/干物,積算,
魚料理,ホッケの開き 半身,人前,150,人前(0.5刻み),ほっけ,積算,
魚料理,サンマの塩焼き 1尾,本,100,本,さんま/秋刀魚,積算,
魚料理,イワシの塩焼き 1尾,本,60,本,いわし,積算,
魚料理,ブリの照り焼き 1切れ,個,90,個,ぶりてり,転記,成分表にあり
魚料理,ぶり大根 1人前,人前,250,人前(0.5刻み),ぶりだいこん,積算,
魚料理,カレイの煮付け 1切れ,個,120,個,かれい/煮魚,積算,
魚料理,金目鯛の煮付け 1切れ,個,120,個,きんめだい,積算,
魚料理,タラの塩焼き 1切れ,個,80,個,たら/鱈,積算,
魚料理,ムニエル(タラ・鮭) 1切れ,個,100,個,むにえる,積算,
魚料理,アクアパッツァ 1人前,人前,250,人前(0.5刻み),あくあぱっつぁ,積算,
魚料理,アジフライ 1枚,枚,80,枚,あじふらい,転記,成分表にあり
魚料理,白身魚フライ 1枚,枚,80,枚,しろみふらい,転記,成分表にあり
魚料理,エビフライ 1本,本,40,本,えびふらい,転記,成分表にあり
魚料理,カキフライ 1個,個,40,個,かきふらい,転記,成分表にあり
魚料理,天ぷら盛り合わせ 1人前,人前,150,人前(0.5刻み),てんぷら,積算,エビ2・野菜3想定
魚料理,エビの天ぷら 1本,本,35,本,えびてん,転記,成分表にあり
魚料理,エビチリ 1人前,人前,180,人前(0.5刻み),えびちり,転記,成分表にあり
魚料理,エビマヨ 1人前,人前,150,人前(0.5刻み),えびまよ,積算,
魚料理,刺身盛り合わせ 1人前,人前,120,人前(0.5刻み),さしみ/お造り,積算,7切れ想定
魚料理,マグロ刺身(赤身) 5切れ,人前,60,人前(0.5刻み),まぐろ,転記,
魚料理,サーモン刺身 5切れ,人前,60,人前(0.5刻み),さーもんさしみ,転記,
魚料理,カツオのたたき 1人前,人前,100,人前(0.5刻み),かつお,転記,
魚料理,しらす(釜揚げ) 大さじ2,人前,20,人前(0.5刻み),しらす,転記,
魚料理,ちくわ 1本,本,30,本,竹輪,転記,
魚料理,かまぼこ 2切れ,人前,30,人前(0.5刻み),蒲鉾,転記,
魚料理,カニカマ 1本,本,15,本,かにかま,転記,
魚料理,さつま揚げ 1枚,枚,60,枚,さつまあげ,転記,
魚料理,はんぺん 1枚,枚,100,枚,はんぺん,転記,
魚料理,ツナ缶(水煮) 1缶,個,70,個,つな/シーチキン,転記,
魚料理,ツナ缶(油漬) 1缶,個,70,個,つなあぶら,転記,
魚料理,イワシ缶(味付) 1缶,個,100,個,いわしかん,転記,
魚料理,エビ(ボイル) 5尾,人前,60,人前(0.5刻み),えび/海老,転記,
魚料理,イカ(刺身・焼き) 1人前,人前,80,人前(0.5刻み),いか,転記,
魚料理,タコ(ゆで) 1人前,人前,80,人前(0.5刻み),たこ,転記,
魚料理,ホタテ(刺身・焼き) 3個,人前,60,人前(0.5刻み),ほたて,転記,
魚料理,あさりの酒蒸し 1人前,人前,120,人前(0.5刻み),あさり,積算,殻付き換算は備考
魚料理,牡蠣(生・蒸し) 3個,人前,60,人前(0.5刻み),かき,転記,
魚料理,うなぎの蒲焼 1串,人前,100,人前(0.5刻み),うなぎかばやき,転記,
卵・大豆・乳,ゆで卵 1個,個,50,個,ゆでたまご,転記,
卵・大豆・乳,目玉焼き 1個,個,55,個,めだまやき,積算,油込み
卵・大豆・乳,スクランブルエッグ 卵2個分,人前,120,人前(0.5刻み),すくらんぶる/炒り卵,積算,
卵・大豆・乳,だし巻き卵 2切れ,人前,80,人前(0.5刻み),だしまき/卵焼き,転記,成分表にあり
卵・大豆・乳,オムレツ(プレーン) 1個,人前,120,人前(0.5刻み),おむれつ,転記,成分表にあり
卵・大豆・乳,温泉卵 1個,個,50,個,おんせんたまご/おんたま,転記,
卵・大豆・乳,茶碗蒸し 1個,個,150,個,ちゃわんむし,転記,成分表にあり
卵・大豆・乳,ニラ玉 1人前,人前,150,人前(0.5刻み),にらたま,積算,
卵・大豆・乳,かに玉 1人前,人前,200,人前(0.5刻み),かにたま/天津飯の具,積算,
卵・大豆・乳,冷奴 1人前,人前,150,人前(0.5刻み),ひややっこ,積算,豆腐半丁+薬味
卵・大豆・乳,湯豆腐 1人前,人前,200,人前(0.5刻み),ゆどうふ,積算,
卵・大豆・乳,揚げ出し豆腐 1人前,人前,150,人前(0.5刻み),あげだしどうふ,積算,
卵・大豆・乳,絹ごし豆腐 100g,g,100,g(10刻み),きぬごし,転記,既存木綿と対
卵・大豆・乳,厚揚げ(焼き) 1/2枚,人前,100,人前(0.5刻み),あつあげ,転記,
卵・大豆・乳,油揚げ 1枚,枚,30,枚,あぶらあげ,転記,
卵・大豆・乳,高野豆腐の煮物 1人前,人前,100,人前(0.5刻み),こうやどうふ,積算,
卵・大豆・乳,おから(卯の花) 小鉢1,人前,80,人前(0.5刻み),うのはな/おから,転記,成分表にあり
卵・大豆・乳,豆乳(調製) コップ1杯,杯,200,杯(0.5刻み),ちょうせいとうにゅう,転記,無調整は既存
卵・大豆・乳,牛乳 コップ1杯,杯,200,杯(0.5刻み),ぎゅうにゅう/ミルク,転記,
卵・大豆・乳,低脂肪乳 コップ1杯,杯,200,杯(0.5刻み),ていしぼうにゅう,転記,
卵・大豆・乳,飲むヨーグルト コップ1杯,杯,180,杯(0.5刻み),のむよーぐると,転記,
卵・大豆・乳,ヨーグルト(加糖) 1個,個,80,個,かとうよーぐると,転記,
卵・大豆・乳,カッテージチーズ 大さじ2,人前,30,人前(0.5刻み),かってーじ,転記,
卵・大豆・乳,モッツァレラチーズ 1/2個,人前,50,人前(0.5刻み),もっつぁれら,転記,
卵・大豆・乳,カマンベールチーズ 1/4個,人前,25,人前(0.5刻み),かまんべーる,転記,
鍋・汁物,味噌汁(豆腐・わかめ) 1杯,杯,180,杯(0.5刻み),みそしる/おみそしる,積算,
鍋・汁物,味噌汁(なめこ) 1杯,杯,180,杯(0.5刻み),なめこじる,積算,
鍋・汁物,豚汁 1杯,杯,250,杯(0.5刻み),とんじる/ぶたじる,転記,成分表にあり
鍋・汁物,けんちん汁 1杯,杯,250,杯(0.5刻み),けんちん,転記,成分表にあり
鍋・汁物,すまし汁 1杯,杯,180,杯(0.5刻み),おすまし/お吸い物,積算,
鍋・汁物,あら汁 1杯,杯,250,杯(0.5刻み),あらじる,積算,
鍋・汁物,コーンスープ 1杯,杯,180,杯(0.5刻み),こーんすーぷ/ポタージュ,転記,成分表にあり
鍋・汁物,ミネストローネ 1杯,杯,200,杯(0.5刻み),みねすとろーね,積算,
鍋・汁物,クラムチャウダー 1杯,杯,200,杯(0.5刻み),くらむちゃうだー,積算,
鍋・汁物,オニオンスープ 1杯,杯,180,杯(0.5刻み),おにおんすーぷ,積算,
鍋・汁物,わかめスープ 1杯,杯,180,杯(0.5刻み),わかめすーぷ,積算,
鍋・汁物,卵スープ 1杯,杯,180,杯(0.5刻み),たまごすーぷ,積算,
鍋・汁物,参鶏湯風スープ 1人前,人前,350,人前(0.5刻み),さむげたん,積算,
鍋・汁物,寄せ鍋 1人前,人前,400,人前(0.5刻み),よせなべ,積算,〆別
鍋・汁物,水炊き 1人前,人前,400,人前(0.5刻み),みずたき/鶏鍋,積算,ポン酢込み
鍋・汁物,しゃぶしゃぶ(豚) 1人前,人前,300,人前(0.5刻み),しゃぶしゃぶ,積算,タレ込み
鍋・汁物,すき焼き 1人前,人前,350,人前(0.5刻み),すきやき,転記,成分表にあり
鍋・汁物,キムチ鍋 1人前,人前,400,人前(0.5刻み),きむちなべ/チゲ,積算,
鍋・汁物,スンドゥブチゲ 1人前,人前,350,人前(0.5刻み),すんどぅぶ,積算,
鍋・汁物,もつ鍋 1人前,人前,350,人前(0.5刻み),もつなべ,積算,
鍋・汁物,おでん(定番5品) 1人前,人前,400,人前(0.5刻み),おでん,積算,卵・大根・こんにゃく・ちくわ・厚揚げ
鍋・汁物,おでん(大根) 1個,個,80,個,おでんだいこん,転記,
鍋・汁物,おでん(卵) 1個,個,55,個,おでんたまご,転記,
鍋・汁物,おでん(しらたき) 1個,個,80,個,おでんしらたき,転記,
鍋・汁物,湯どうふ鍋(1人鍋) 1人前,人前,350,人前(0.5刻み),ひとりなべ,積算,
副菜・野菜,野菜炒め 1人前,人前,180,人前(0.5刻み),やさいいため,転記,成分表にあり
副菜・野菜,もやし炒め 1人前,人前,150,人前(0.5刻み),もやしいため,積算,
副菜・野菜,ほうれん草のおひたし 小鉢1,人前,60,人前(0.5刻み),おひたし,転記,成分表にあり
副菜・野菜,小松菜のおひたし 小鉢1,人前,60,人前(0.5刻み),こまつなおひたし,積算,
副菜・野菜,ほうれん草の胡麻和え 小鉢1,人前,60,人前(0.5刻み),ごまあえ,転記,成分表にあり
副菜・野菜,いんげんの胡麻和え 小鉢1,人前,60,人前(0.5刻み),いんげん,転記,成分表にあり
副菜・野菜,きんぴらごぼう 小鉢1,人前,60,人前(0.5刻み),きんぴら,転記,成分表にあり
副菜・野菜,ひじきの煮物 小鉢1,人前,60,人前(0.5刻み),ひじき,転記,成分表にあり
副菜・野菜,切り干し大根の煮物 小鉢1,人前,60,人前(0.5刻み),きりぼし,転記,成分表にあり
副菜・野菜,かぼちゃの煮物 小鉢1,人前,100,人前(0.5刻み),かぼちゃ,転記,成分表にあり
副菜・野菜,里芋の煮物 小鉢1,人前,100,人前(0.5刻み),さといも,積算,
副菜・野菜,筑前煮 1人前,人前,150,人前(0.5刻み),ちくぜんに/がめ煮,転記,成分表にあり
副菜・野菜,なすの煮浸し 小鉢1,人前,80,人前(0.5刻み),にびたし,積算,
副菜・野菜,なすの味噌炒め 1人前,人前,120,人前(0.5刻み),なすみそ,積算,
副菜・野菜,ゴーヤチャンプルー 1人前,人前,180,人前(0.5刻み),ごーやちゃんぷる,積算,
副菜・野菜,ラタトゥイユ 1人前,人前,150,人前(0.5刻み),らたとぅいゆ,積算,
副菜・野菜,アスパラベーコン 1人前,人前,80,人前(0.5刻み),あすぱら,積算,
副菜・野菜,ブロッコリーの塩ゆで 小鉢1,人前,80,人前(0.5刻み),ぶろっこりーゆで,転記,既存g指定と二本立て
副菜・野菜,オクラのおかか和え 小鉢1,人前,50,人前(0.5刻み),おくら,積算,
副菜・野菜,冷やしトマト 1人前,人前,100,人前(0.5刻み),ひやしとまと,転記,
副菜・野菜,枝豆 1人前,人前,60,人前(0.5刻み),えだまめさや,転記,既存g指定と二本立て・可食部
副菜・野菜,もろきゅう 1人前,人前,80,人前(0.5刻み),きゅうり/もろきゅう,積算,
副菜・野菜,たたききゅうり 小鉢1,人前,80,人前(0.5刻み),たたききゅうり,積算,
副菜・野菜,キャベツの千切り 付け合わせ1,人前,50,人前(0.5刻み),せんぎり,転記,
副菜・野菜,コールスロー 小鉢1,人前,80,人前(0.5刻み),こーるすろー,転記,成分表にあり
副菜・野菜,ポテトサラダ 小鉢1,人前,100,人前(0.5刻み),ぽてさら,転記,成分表にあり
副菜・野菜,マカロニサラダ 小鉢1,人前,80,人前(0.5刻み),まかろにさらだ,積算,
副菜・野菜,かぼちゃサラダ 小鉢1,人前,80,人前(0.5刻み),かぼちゃさらだ,積算,
副菜・野菜,グリーンサラダ 1皿,人前,80,人前(0.5刻み),さらだ/サラダ,積算,ドレッシング別
副菜・野菜,シーザーサラダ 1皿,人前,120,人前(0.5刻み),しーざー,積算,ドレッシング込み
副菜・野菜,海藻サラダ 1皿,人前,80,人前(0.5刻み),かいそう,積算,
副菜・野菜,大根サラダ 1皿,人前,80,人前(0.5刻み),だいこんさらだ,積算,
副菜・野菜,トマトとモッツァレラのカプレーゼ 1人前,人前,120,人前(0.5刻み),かぷれーぜ,積算,
副菜・野菜,ナムル盛り合わせ 小鉢1,人前,60,人前(0.5刻み),なむる,積算,
副菜・野菜,チョレギサラダ 1皿,人前,90,人前(0.5刻み),ちょれぎ,積算,
副菜・野菜,野菜スティック 1人前,人前,100,人前(0.5刻み),すてぃっく,積算,味噌マヨ込み
副菜・野菜,浅漬け(きゅうり・白菜) 小鉢1,人前,50,人前(0.5刻み),あさづけ/つけもの,転記,
副菜・野菜,ぬか漬け 小鉢1,人前,40,人前(0.5刻み),ぬかづけ,転記,
副菜・野菜,たくあん 3切れ,人前,20,人前(0.5刻み),たくあん,転記,
副菜・野菜,梅きゅうり 小鉢1,人前,60,人前(0.5刻み),うめきゅう,積算,
副菜・野菜,もずく酢 1パック,個,70,個,もずく,転記,
副菜・野菜,めかぶ 1パック,個,50,個,めかぶ,転記,
副菜・野菜,ところてん 1パック,個,150,個,ところてん,転記,
副菜・野菜,紅白なます 小鉢1,人前,50,人前(0.5刻み),なます,転記,成分表にあり
副菜・野菜,酢の物(わかめ・きゅうり) 小鉢1,人前,60,人前(0.5刻み),すのもの,転記,成分表にあり
副菜・野菜,白和え 小鉢1,人前,70,人前(0.5刻み),しらあえ,転記,成分表にあり
副菜・野菜,青菜の白和え 小鉢1,人前,70,人前(0.5刻み),あおな,転記,成分表にあり
副菜・野菜,とろろ(長芋すりおろし) 小鉢1,人前,80,人前(0.5刻み),とろろ/ながいも,転記,
副菜・野菜,焼きいも(中1本) 1本,本,200,本(0.5刻み),やきいも,転記,既存さつまいもg指定と二本立て
副菜・野菜,ふかし芋 1人前,人前,120,人前(0.5刻み),ふかしいも,転記,
副菜・野菜,フライドポテト 1人前,人前,120,人前(0.5刻み),ぽてと/フライドポテト,転記,成分表にあり
洋食おかず,エビグラタン 1人前,人前,300,人前(0.5刻み),えびぐらたん,積算,
洋食おかず,シチュー(クリーム) 1皿,人前,300,人前(0.5刻み),しちゅー/ホワイトシチュー,転記,成分表にあり
洋食おかず,ビーフシチュー 1皿,人前,300,人前(0.5刻み),びーふしちゅー,転記,成分表にあり
洋食おかず,オムレツ(チーズ) 1個,人前,140,人前(0.5刻み),ちーずおむれつ,積算,
洋食おかず,キッシュ 1切れ,個,100,個,きっしゅ,積算,
洋食おかず,アヒージョ(エビ・きのこ) 1人前,人前,120,人前(0.5刻み),あひーじょ,積算,パン別
洋食おかず,チキンナゲット 5個,人前,100,人前(0.5刻み),なげっと,転記,成分表にあり
洋食おかず,フライドチキン 1個,個,90,個,ふらいどちきん/ケンタ,積算,
洋食おかず,ハンバーガー 1個,個,110,個,はんばーがー,転記,成分表にあり
洋食おかず,チーズバーガー 1個,個,120,個,ちーずばーがー,積算,
洋食おかず,ミックスフライ盛り合わせ 1人前,人前,180,人前(0.5刻み),みっくすふらい,積算,エビ・白身・コロッケ
洋食おかず,カニクリームコロッケ 1個,個,70,個,かにくりーむ,転記,成分表にあり
洋食おかず,チーズフォンデュ 1人前,人前,150,人前(0.5刻み),ふぉんでゅ,積算,パン込み
洋食おかず,タンドリーチキン 1人前,人前,150,人前(0.5刻み),たんどりー,積算,
洋食おかず,チーズタッカルビ 1人前,人前,250,人前(0.5刻み),たっかるび,積算,
洋食おかず,トッポギ 1人前,人前,150,人前(0.5刻み),とっぽぎ,積算,
洋食おかず,チヂミ 1枚,枚,200,枚(0.5刻み),ちぢみ,積算,
洋食おかず,キンパ 1本,本,250,本(0.5刻み),きんぱ/韓国のり巻き,積算,
洋食おかず,生春巻き 1本,本,80,本,なまはるまき,積算,
洋食おかず,ケバブ(チキン) 1人前,人前,150,人前(0.5刻み),けばぶ,積算,
コンビニ・市販,コンビニおにぎり 1個,個,110,個,こんびにおにぎり,市販平均,具平均・鮭ツナ等は主食欄
コンビニ・市販,サラダチキンバー 1本,本,60,本,ちきんばー,市販平均,
コンビニ・市販,スモークチキン 1袋,個,80,個,すもーくちきん,市販平均,
コンビニ・市販,焼き鳥缶 1缶,個,75,個,やきとりかん,市販平均,
コンビニ・市販,コンビニ幕の内弁当 1個,個,450,個,まくのうち/弁当,市販平均,
コンビニ・市販,コンビニのり弁当 1個,個,400,個,のりべん,市販平均,
コンビニ・市販,コンビニ唐揚げ弁当 1個,個,450,個,からあげべんとう,市販平均,
コンビニ・市販,コンビニパスタ(ミート) 1個,個,300,個,こんびにぱすた,市販平均,
コンビニ・市販,コンビニサンドイッチ(ミックス) 1包装,個,140,個,こんびにさんど,市販平均,
コンビニ・市販,コンビニ冷やし中華 1個,個,400,個,こんびにひやしちゅうか,市販平均,
コンビニ・市販,コンビニおでんセット 1人前,人前,350,人前(0.5刻み),こんびにおでん,市販平均,
コンビニ・市販,肉まん 1個,個,110,個,にくまん,転記,成分表にあり
コンビニ・市販,あんまん 1個,個,100,個,あんまん,転記,成分表にあり
コンビニ・市販,ピザまん 1個,個,100,個,ぴざまん,市販平均,
コンビニ・市販,アメリカンドッグ 1本,本,100,本,あめりかんどっぐ,転記,成分表にあり
コンビニ・市販,フランクフルト 1本,本,90,本,ふらんくふると,積算,
コンビニ・市販,コンビニホットスナック(からあげ) 5個,人前,125,人前(0.5刻み),ほっとすなっく/ななちき,市販平均,
コンビニ・市販,カットサラダ+蒸し鶏 1袋,個,150,個,かっとさらだ,市販平均,
コンビニ・市販,冷凍餃子(調理後) 5個,人前,125,人前(0.5刻み),れいとうぎょうざ,市販平均,
コンビニ・市販,冷凍チャーハン 1人前,人前,250,人前(0.5刻み),れいとうちゃーはん,市販平均,
コンビニ・市販,冷凍うどん(素うどん) 1玉,個,200,個,れいとううどん,転記,
コンビニ・市販,カップ味噌汁 1個,個,160,個,かっぷみそしる,市販平均,
コンビニ・市販,カップ春雨スープ 1個,個,160,個,はるさめすーぷ,市販平均,
コンビニ・市販,ゼリー飲料(エネルギー系) 1個,個,180,個,ぜりーいんりょう/ウィダー,市販平均,
コンビニ・市販,プロテインドリンク(紙パック) 1本,本,200,本,ぷろていんどりんく/ザバス,市販平均,
コンビニ・市販,プロテインバー 1本,本,40,本,ぷろていんばー,市販平均,
コンビニ・市販,ゆで卵(味付き・市販) 1個,個,50,個,あじたま,市販平均,
コンビニ・市販,チーズ(6P) 1個,個,15,個,ろっぴーちーず,転記,
コンビニ・市販,小魚アーモンド 1袋,個,25,個,こざかな,市販平均,
コンビニ・市販,ミックスナッツ(小袋) 1袋,個,25,個,なっつ,転記,
コンビニ・市販,するめ・あたりめ 1つかみ,人前,20,人前(0.5刻み),するめ/あたりめ,転記,
コンビニ・市販,ビーフジャーキー 1袋,個,30,個,じゃーきー,転記,
コンビニ・市販,茎わかめ 1袋,個,60,個,くきわかめ,市販平均,
コンビニ・市販,干し芋 1袋,個,60,個,ほしいも,転記,
間食・デザート,ショートケーキ 1切れ,個,110,個,けーき/しょーとけーき,転記,成分表にあり
間食・デザート,チョコレートケーキ 1切れ,個,100,個,ちょこけーき/ガトーショコラ,積算,
間食・デザート,チーズケーキ 1切れ,個,100,個,ちーずけーき,転記,成分表にあり
間食・デザート,シュークリーム 1個,個,70,個,しゅーくりーむ,転記,成分表にあり
間食・デザート,エクレア 1個,個,80,個,えくれあ,転記,
間食・デザート,プリン 1個,個,90,個,ぷりん,転記,成分表にあり
間食・デザート,ゼリー(果物) 1個,個,150,個,ぜりー,転記,
間食・デザート,杏仁豆腐 1個,個,120,個,あんにん,積算,
間食・デザート,アイスクリーム(バニラ) 1個,個,110,個,あいす,転記,
間食・デザート,ソフトクリーム 1個,個,120,個,そふとくりーむ,転記,
間食・デザート,かき氷(シロップ) 1杯,杯,200,杯(0.5刻み),かきごおり,積算,
間食・デザート,大福 1個,個,70,個,だいふく,転記,成分表にあり
間食・デザート,どら焼き 1個,個,70,個,どらやき,転記,成分表にあり
間食・デザート,たい焼き 1個,個,100,個,たいやき,転記,
間食・デザート,みたらし団子 1本,本,60,本,だんご/みたらし,転記,成分表にあり
間食・デザート,おはぎ 1個,個,80,個,おはぎ/ぼたもち,転記,
間食・デザート,カステラ 1切れ,個,50,個,かすてら,転記,成分表にあり
間食・デザート,ようかん 1切れ,個,50,個,ようかん,転記,成分表にあり
間食・デザート,わらび餅 1人前,人前,120,人前(0.5刻み),わらびもち,転記,
間食・デザート,クッキー 1枚,枚,10,枚,くっきー/ビスケット,転記,
間食・デザート,チョコレート(板チョコ) 1かけ,個,5,個,ちょこ/チョコ,転記,
間食・デザート,ポテトチップス 1袋(60g),個,60,個,ぽてち,転記,
間食・デザート,ポテトチップス 小袋(28g),個,28,個,ぽてちしょう,転記,
間食・デザート,せんべい 1枚,枚,15,枚,せんべい,転記,
間食・デザート,柿の種(小袋) 1袋,個,30,個,かきのたね,市販平均,
間食・デザート,ポップコーン 1袋,個,50,個,ぽっぷこーん,転記,
間食・デザート,グミ 1袋,個,50,個,ぐみ,市販平均,
間食・デザート,ラムネ菓子 1本,個,29,個,らむね/ブドウ糖,市販平均,
間食・デザート,カロリーメイト 1本,本,20,本,かろりーめいと,市販平均,
間食・デザート,ドーナツ(オールドファッション) 1個,個,60,個,どーなつ,転記,成分表にあり
間食・デザート,ワッフル 1個,個,60,個,わっふる,転記,
間食・デザート,マカロン 1個,個,20,個,まかろん,積算,
間食・デザート,みかん 1個,個,80,個,みかん,転記,可食部
間食・デザート,りんご 1/2個,個,125,個,りんご,転記,可食部
間食・デザート,キウイ 1個,個,85,個,きうい/キウイ,転記,可食部
間食・デザート,ぶどう(シャインマスカット等) 10粒,人前,100,人前(0.5刻み),ぶどう/マスカット,転記,
間食・デザート,いちご 5粒,人前,75,人前(0.5刻み),いちご,転記,
間食・デザート,梨 1/2個,個,130,個,なし,転記,可食部
間食・デザート,桃 1個,個,170,個,もも,転記,可食部
間食・デザート,柿 1個,個,150,個,かき(果物),転記,可食部
間食・デザート,スイカ 1切れ,個,200,個,すいか,転記,可食部
間食・デザート,パイナップル 3切れ,人前,90,人前(0.5刻み),ぱいなっぷる,転記,
間食・デザート,ミックスフルーツ(カップ) 1個,個,130,個,ふるーつ,市販平均,
間食・デザート,ドライフルーツ(小袋) 1袋,個,30,個,どらいふるーつ,転記,
飲料・酒,水・お茶 0kcal,杯,200,杯,みず/おちゃ/緑茶,転記,記録用0kcal
飲料・酒,ブラックコーヒー 1杯,杯,150,杯,こーひー/珈琲,転記,
飲料・酒,カフェラテ(ミルク入り) 1杯,杯,200,杯(0.5刻み),かふぇらて/カフェオレ,積算,
飲料・酒,カフェラテ(無糖・コンビニ) 1杯,杯,240,杯,むとうらて,市販平均,
飲料・酒,紅茶(無糖) 1杯,杯,150,杯,こうちゃ,転記,
飲料・酒,ミルクティー(加糖) 1杯,杯,200,杯(0.5刻み),みるくてぃー,積算,
飲料・酒,オレンジジュース コップ1杯,杯,200,杯(0.5刻み),おれんじじゅーす,転記,
飲料・酒,りんごジュース コップ1杯,杯,200,杯(0.5刻み),りんごじゅーす,転記,
飲料・酒,野菜ジュース 1本,本,200,本,やさいじゅーす,市販平均,
飲料・酒,スポーツドリンク 1本(500ml),本,500,本,すぽどり/ポカリ,市販平均,
飲料・酒,コーラ 1本(500ml),本,500,本,こーら,転記,
飲料・酒,コーラ(ゼロ) 1本,本,500,本,ぜろこーら,市販平均,0kcal
飲料・酒,サイダー 1本(500ml),本,500,本,さいだー,転記,
飲料・酒,エナジードリンク 1本,本,250,本,えなじー/レッドブル/モンスター,市販平均,
飲料・酒,甘酒 1杯,杯,150,杯(0.5刻み),あまざけ,転記,
飲料・酒,ビール 中ジョッキ1杯,杯,435,杯(0.5刻み),びーる/生ビール,転記,
飲料・酒,ビール 缶(350ml),本,350,本,かんびーる,転記,
飲料・酒,発泡酒 缶(350ml),本,350,本,はっぽうしゅ,転記,
飲料・酒,ノンアルコールビール 1本,本,350,本,のんある,市販平均,
飲料・酒,レモンサワー 1杯,杯,350,杯(0.5刻み),れもんさわー/チューハイ,積算,
飲料・酒,ストロング系チューハイ 缶(350ml),本,350,本,すとろんぐ,市販平均,
飲料・酒,日本酒 1合,杯,180,杯(0.5刻み),にほんしゅ/清酒,転記,
飲料・酒,焼酎(ロック) 1杯,杯,60,杯(0.5刻み),しょうちゅう,転記,
飲料・酒,ウイスキー(シングル) 1杯,杯,30,杯(0.5刻み),ういすきー,転記,ハイボールは既存
飲料・酒,ワイン(赤) グラス1杯,杯,120,杯(0.5刻み),あかわいん/ワイン,転記,
飲料・酒,ワイン(白) グラス1杯,杯,120,杯(0.5刻み),しろわいん,転記,
飲料・酒,梅酒(ロック) 1杯,杯,60,杯(0.5刻み),うめしゅ,転記,
調味・トッピング,マヨネーズ 大さじ1,杯,12,杯,まよねーず/マヨ,転記,
調味・トッピング,ケチャップ 大さじ1,杯,15,杯,けちゃっぷ,転記,
調味・トッピング,和風ドレッシング 大さじ1,杯,15,杯,どれっしんぐ,転記,
調味・トッピング,ごまドレッシング 大さじ1,杯,15,杯,ごまどれ,転記,
調味・トッピング,ノンオイルドレッシング 大さじ1,杯,15,杯,のんおいる,市販平均,
調味・トッピング,焼肉のタレ 大さじ1,杯,18,杯,やきにくのたれ,転記,
調味・トッピング,ポン酢 大さじ1,杯,18,杯,ぽんず,転記,
調味・トッピング,めんつゆ(ストレート) 100ml,g,100,g(10刻み),めんつゆ,転記,
調味・トッピング,ソース(中濃) 大さじ1,杯,18,杯,そーす,転記,
調味・トッピング,バター 10g,g,10,g(10刻み)※5刻み要検討,ばたー,転記,
調味・トッピング,ジャム(いちご) 大さじ1,杯,20,杯,じゃむ,転記,
調味・トッピング,ピーナッツバター 大さじ1,杯,17,杯,ぴーなっつばたー,転記,
調味・トッピング,粉チーズ 大さじ1,杯,6,杯,こなちーず/パルメザン,転記,
調味・トッピング,すりごま 大さじ1,杯,9,杯,ごま,転記,
調味・トッピング,天かす 大さじ2,杯,10,杯,てんかす/揚げ玉,転記,
主食,ナン 1枚,枚,80,枚,なん,転記,カレーと
主食,卵かけごはん 1杯,杯,210,杯(0.5刻み),たまごかけ/TKG,積算,ごはん150g+卵1個+醤油
主食,お茶漬け 1杯,杯,230,杯(0.5刻み),おちゃづけ,積算,
主食,ライ麦パン 1枚,枚,60,枚,らいむぎぱん,転記,特典18で言及
主食,ベースブレッド 1袋,個,70,個,べーすぶれっど/BASE,市販平均,筋トレ民定番
丼・ワンプレート,天津飯 1杯,杯,450,杯(0.5刻み),てんしんはん,積算,ごはん250g込み
肉料理,チキンカツ 1枚,枚,130,枚(0.5刻み),ちきんかつ,積算,
肉料理,串カツ(豚) 1本,本,40,本,くしかつ,積算,
肉料理,小籠包 1個,個,30,個,しょうろんぽう,積算,
肉料理,焼き鳥(つくね) 1本,本,45,本,つくね,積算,
肉料理,焼き鳥(砂肝) 1本,本,35,本,すなぎも,積算,
肉料理,八宝菜 1人前,人前,220,人前(0.5刻み),はっぽうさい,転記,成分表にあり
肉料理,麻婆春雨 1人前,人前,180,人前(0.5刻み),まーぼーはるさめ,積算,
麺類,皿うどん 1人前,人前,350,人前(0.5刻み),さらうどん,積算,
副菜・野菜,春雨サラダ 小鉢1,人前,70,人前(0.5刻み),はるさめさらだ,積算,
副菜・野菜,がんもどきの煮物 1個,個,80,個,がんも,転記,
魚料理,明太子 1腹,個,30,個,めんたいこ/たらこ,転記,
間食・デザート,パフェ(いちご・チョコ) 1個,個,220,個,ぱふぇ,積算,
間食・デザート,クレープ(チョコバナナ) 1個,個,150,個,くれーぷ,積算,
飲料・酒,タピオカミルクティー 1杯,杯,350,杯,たぴおか,市販平均,
飲料・酒,グリーンスムージー 1杯,杯,250,杯,すむーじー,市販平均,
飲料・酒,青汁 1杯,杯,150,杯,あおじる,市販平均,
素材(追加),卵白 1個分,個,35,個,らんぱく,転記,筋トレ定番
素材(追加),鶏もも(皮なし) 100g,g,100,g(10刻み),とりもも,転記,
素材(追加),鶏もも(皮つき) 100g,g,100,g(10刻み),とりももかわつき,転記,
素材(追加),鶏ひき肉 100g,g,100,g(10刻み),とりひき/鶏ミンチ,転記,
素材(追加),豚ひき肉 100g,g,100,g(10刻み),ぶたひき,転記,
素材(追加),牛ひき肉 100g,g,100,g(10刻み),ぎゅうひき,転記,
素材(追加),合いびき肉 100g,g,100,g(10刻み),あいびき,転記,
素材(追加),豚バラ 100g,g,100,g(10刻み),ぶたばら,転記,注意食材だが記録用
素材(追加),豚ロース 100g,g,100,g(10刻み),ぶたろーす,転記,
素材(追加),牛肩ロース 100g,g,100,g(10刻み),ぎゅうかたろーす,転記,
素材(追加),きゅうり 1本,本,100,本,きゅうり/胡瓜,転記,
素材(追加),レタス 100g,g,100,g(10刻み),れたす,転記,
素材(追加),大根 100g,g,100,g(10刻み),だいこん,転記,
素材(追加),白菜 100g,g,100,g(10刻み),はくさい,転記,
素材(追加),もやし 1袋,個,200,個,もやし,転記,
素材(追加),長ねぎ 1本,本,60,本,ねぎ,転記,
素材(追加),かぼちゃ 100g,g,100,g(10刻み),かぼちゃなま,転記,
素材(追加),れんこん 100g,g,100,g(10刻み),れんこん/蓮根,転記,
素材(追加),長芋 100g,g,100,g(10刻み),ながいも/山芋,転記,
のりレシピ,高たんぱくチーズケーキ 1切れ,個,80,個,ちーずけーき/のりちーず,積算(のりレシピ),レッスン+特典13(最強のチーズケーキ)
のりレシピ,ダイエットティラミス 1人前,人前,120,人前(0.5刻み),てぃらみす,積算(のりレシピ),レッスン+特典13
のりレシピ,プロテインチョコバナナパンケーキ 1人前,人前,200,人前(0.5刻み),ぱんけーき/ぷろてぱん,積算(のりレシピ),レッスン+特典13+14
のりレシピ,バナナチョコケーキ 1切れ,個,80,個,ばななちょこ,積算(のりレシピ),レッスン+特典13(炊飯器)
のりレシピ,プロテインチョコアイスケーキ 1人前,人前,100,人前(0.5刻み),あいすけーき,積算(のりレシピ),レッスン
のりレシピ,コーヒーゼリー(糖質ゼロ) 1個,個,120,個,こーひーぜりー,積算(のりレシピ),レッスン
のりレシピ,炊飯器かぼちゃケーキ 1切れ,個,80,個,かぼちゃけーき,積算(のりレシピ),レッスン
のりレシピ,腸活豆乳ヨーグルトボウル 1杯,杯,180,杯(0.5刻み),とうにゅうよーぐると,積算(のりレシピ),レッスン+特典14
のりレシピ,焼き餅ココア 1人前,人前,80,人前(0.5刻み),やきもちここあ,積算(のりレシピ),特典14
のりレシピ,オートミールクッキー 3枚,人前,45,人前(0.5刻み),おーとみーるくっきー,積算(のりレシピ),特典14
のりレシピ,ヘルシーチョコスプレッド 大さじ1,杯,15,杯,ちょこすぷれっど,積算(のりレシピ),特典14
のりレシピ,プロテインゼリー 1個,個,150,個,ぷろていんぜりー,積算(のりレシピ),特典14
のりレシピ,きなこ餅(食物繊維) 1人前,人前,100,人前(0.5刻み),きなこもち,積算(のりレシピ),特典09
のりレシピ,揚げないフライドポテト 1人前,人前,120,人前(0.5刻み),あげないぽてと,積算(のりレシピ),レッスン
のりレシピ,鶏むねと白滝の担々麺 1人前,人前,400,人前(0.5刻み),たんたんめん/しらたきたんたん,積算(のりレシピ),レッスン(100円レシピ)
のりレシピ,野菜カレー蕎麦 1人前,人前,400,人前(0.5刻み),かれーそば,積算(のりレシピ),レッスン(3食分)
のりレシピ,のり流野菜カレー 1人前,人前,300,人前(0.5刻み),やさいかれー/低脂質カレー,積算(のりレシピ),レッスン(作り置き)・ごはん別
のりレシピ,オートミールピザ 1枚,枚,150,枚(0.5刻み),おーとみーるぴざ,積算(のりレシピ),レッスン
のりレシピ,豆腐お好み焼き 1枚,枚,250,枚(0.5刻み),とうふおこのみ,積算(のりレシピ),レッスン(低糖質)
のりレシピ,5割麦ごはん 茶碗1杯,杯,150,杯(0.5刻み),むぎごはん,積算(のりレシピ),特典09
のりレシピ,玄米キムチ焼きめし 1人前,人前,300,人前(0.5刻み),きむちちゃーはん,積算(のりレシピ),レッスン(冷凍鍋2日目)
のりレシピ,栄養満点炊き込みご飯 茶碗1杯,杯,180,杯(0.5刻み),たきこみごはん,積算(のりレシピ),レッスン(冷凍鍋4日目)
のりレシピ,牛モモチャーハン 1人前,人前,300,人前(0.5刻み),ぎゅうももちゃーはん,積算(のりレシピ),レッスン(おかず5)
のりレシピ,オートミール豆乳卵雑炊 1杯,杯,300,杯(0.5刻み),おーつぞうすい,積算(のりレシピ),特典18
のりレシピ,サバ水煮缶の焼うどん 1人前,人前,350,人前(0.5刻み),さばやきうどん,積算(のりレシピ),特典17
のりレシピ,卵のあんかけ野菜うどん 1人前,人前,450,人前(0.5刻み),あんかけうどん,積算(のりレシピ),特典17
のりレシピ,麻薬鶏むねチャーシュー 1人前,人前,120,人前(0.5刻み),ちゃーしゅー/まやくちきん,積算(のりレシピ),レッスン+特典09
のりレシピ,豚ひれチャーシュー 1人前,人前,120,人前(0.5刻み),ぶたひれちゃーしゅー,積算(のりレシピ),レッスン+特典09
のりレシピ,鶏むね麻婆豆腐 1人前,人前,220,人前(0.5刻み),むねまーぼー,積算(のりレシピ),レッスン
のりレシピ,鶏むねの焼きつくね 1人前,人前,120,人前(0.5刻み),やきつくね,積算(のりレシピ),レッスン
のりレシピ,マグロアボカド 1人前,人前,120,人前(0.5刻み),まぐろあぼかど,積算(のりレシピ),特典09
のりレシピ,のり流卵焼き 2切れ,人前,80,人前(0.5刻み),のりたまごやき,積算(のりレシピ),特典09
のりレシピ,キクラゲときゅうりの中華風リンゴ酢和え 1人前,人前,100,人前(0.5刻み),きくらげきゅうり,積算(のりレシピ),特典15
のりレシピ,鶏むねとキクラゲのリンゴ酢蒸し 1人前,人前,180,人前(0.5刻み),きくらげむし,積算(のりレシピ),特典15
のりレシピ,キクラゲと豚もものスタミナ炒め 1人前,人前,180,人前(0.5刻み),きくらげすたみな,積算(のりレシピ),特典15
のりレシピ,キクラゲと豚もも・キムチの韓国風炒め 1人前,人前,180,人前(0.5刻み),きくらげきむち,積算(のりレシピ),特典15
のりレシピ,キクラゲと鶏むね・パプリカの甘酢炒め 1人前,人前,180,人前(0.5刻み),きくらげあまず,積算(のりレシピ),特典15
のりレシピ,鶏むねとブロッコリーの塩炒め 1人前,人前,180,人前(0.5刻み),むねぶろっこりー,積算(のりレシピ),特典18
のりレシピ,大豆ミートと卵白のオムレツ風 1人前,人前,150,人前(0.5刻み),そいおむれつ,積算(のりレシピ),特典18
のりレシピ,タラの蒸し焼きポン酢おろし 1人前,人前,150,人前(0.5刻み),たらぽんず,積算(のりレシピ),特典18
のりレシピ,ささみと枝豆のねぎ塩レンジ蒸し 1人前,人前,150,人前(0.5刻み),ささみねぎしお,積算(のりレシピ),特典18
のりレシピ,そば納豆チキンサラダ 1人前,人前,300,人前(0.5刻み),そばさらだ,積算(のりレシピ),特典18
のりレシピ,ライ麦パン×オイコス×ツナ 1人前,人前,180,人前(0.5刻み),らいむぎおいこす,積算(のりレシピ),特典18
のりレシピ,ダイエットスープ 1杯,杯,300,杯(0.5刻み),だいえっとすーぷ,積算(のりレシピ),レッスン(6食分作り置き)
のりレシピ,1日分の野菜味噌汁 1杯,杯,300,杯(0.5刻み),やさいみそしる,積算(のりレシピ),特典09
のりレシピ,キクラゲと卵のリンゴ酢中華スープ 1杯,杯,250,杯(0.5刻み),きくらげすーぷ,積算(のりレシピ),特典15
のりレシピ,サバ缶キムチ鍋 1人前,人前,400,人前(0.5刻み),さばきむちなべ,積算(のりレシピ),特典17
のりレシピ,鮭ときのこの味噌鍋 1人前,人前,400,人前(0.5刻み),さけみそなべ,積算(のりレシピ),特典17
のりレシピ,豆乳鍋 1人前,人前,400,人前(0.5刻み),とうにゅうなべ,積算(のりレシピ),特典17
のりレシピ,のり流味噌鍋 1人前,人前,400,人前(0.5刻み),みそなべ,積算(のりレシピ),特典17
のりレシピ,かぼちゃと鶏モモ煮 1人前,人前,250,人前(0.5刻み),かぼちゃとりもも,積算(のりレシピ),レッスン(冷凍鍋6日目)
のりレシピ,レモン炭酸水 1杯,杯,200,杯,れもんたんさん,積算(のりレシピ),特典10
のりレシピ,イヌリン水 1杯,杯,200,杯,いぬりん,積算(のりレシピ),特典10
のりレシピ,リンゴ酢炭酸水 1杯,杯,200,杯,りんごすたんさん,積算(のりレシピ),特典10
のりレシピ,ブラックコーヒー+MCTオイル 1杯,杯,150,杯,MCT/えむしーてぃー,積算(のりレシピ),特典10
のりレシピ,梅干し炭酸水 1杯,杯,200,杯,うめたんさん,積算(のりレシピ),特典15
ダイエット定番,オートミール米化 1食,個,105,個(0.5刻み),べいか/おこめか,積算,乾30g+水・レンジ
ダイエット定番,オーバーナイトオーツ 1杯,杯,180,杯(0.5刻み),おーばーないと,積算,オーツ40g+豆乳/ヨーグルト
ダイエット定番,オートミール蒸しパン 1個,個,120,個,むしぱん,積算,
ダイエット定番,プロテインオートミール 1杯,杯,200,杯(0.5刻み),ぷろておーつ,積算,
ダイエット定番,おから蒸しパン 1個,個,120,個,おからむしぱん,積算,
ダイエット定番,おからパウダー 大さじ2,杯,12,杯,おからぱうだー,転記,
ダイエット定番,鶏ハム 1人前,人前,100,人前(0.5刻み),とりはむ/自家製サラダチキン,積算,
ダイエット定番,鶏むねそぼろ 1人前,人前,80,人前(0.5刻み),むねそぼろ,積算,作り置き定番
ダイエット定番,沼 1食,人前,400,人前(0.5刻み),ぬま,積算,筋トレ民定番(鶏むね+米+野菜の炊飯器粥)
ダイエット定番,マグマ 1食,人前,400,人前(0.5刻み),まぐま,積算,沼のトマト版
ダイエット定番,鶏むね+ブロッコリー+玄米弁当 1食,人前,350,人前(0.5刻み),きんとれべんとう/ミールプレップ,積算,筋トレ弁当の定番形
ダイエット定番,脂肪燃焼スープ 1杯,杯,300,杯(0.5刻み),しぼうねんしょう/デトックススープ,積算,野菜たっぷり
ダイエット定番,糖質0麺 1袋,個,180,個,とうしつぜろめん,市販平均,
ダイエット定番,こんにゃく麺 1袋,個,150,個,こんにゃくめん,市販平均,
ダイエット定番,豆腐そうめん 1パック,個,150,個,とうふそうめん,市販平均,
ダイエット定番,カリフラワーライス 1食,個,150,個,かりふらわーらいす,市販平均,
ダイエット定番,ブランパン 1個,個,45,個,ぶらんぱん,市販平均,
ダイエット定番,低糖質パン 1個,個,50,個,ていとうしつぱん/ロカボパン,市販平均,
ダイエット定番,全粒粉パスタ(ゆで) 1人前,人前,220,人前(0.5刻み),ぜんりゅうふんぱすた,転記,ソース別
ダイエット定番,パワーサラダ 1皿,人前,300,人前(0.5刻み),ぱわーさらだ,積算,チキン+卵+野菜+ナッツ
ダイエット定番,サラダボウル(玄米入り) 1皿,人前,350,人前(0.5刻み),さらだぼうる,積算,
ダイエット定番,豆腐サラダ 1皿,人前,200,人前(0.5刻み),とうふさらだ,積算,
ダイエット定番,温野菜(蒸し野菜) 1皿,人前,150,人前(0.5刻み),おんやさい/むしやさい,積算,
ダイエット定番,納豆キムチ豆腐 1人前,人前,200,人前(0.5刻み),なっとうきむち,積算,定番の組み合わせ
ダイエット定番,塩昆布キャベツ 小鉢1,人前,80,人前(0.5刻み),しおこんぶきゃべつ,積算,
ダイエット定番,酢キャベツ 小鉢1,人前,80,人前(0.5刻み),すきゃべつ,積算,
ダイエット定番,無限ピーマン 小鉢1,人前,80,人前(0.5刻み),むげんぴーまん,積算,
ダイエット定番,サラダフィッシュ 1袋,個,70,個,さらだふぃっしゅ,市販平均,
ダイエット定番,ヨーグルトバーク 1人前,人前,100,人前(0.5刻み),よーぐるとばーく,積算,
ダイエット定番,冷凍フルーツミックス 1人前,人前,100,人前(0.5刻み),れいとうふるーつ,転記,
ダイエット定番,寒天ゼリー(0kcal系) 1個,個,200,個,かんてんぜりー/ゼロカロリーゼリー,市販平均,
ダイエット定番,ハイカカオチョコ(72%) 1かけ,個,5,個,はいかかお,市販平均,
ダイエット定番,甘栗 1袋,個,80,個,あまぐり,転記,
ダイエット定番,ソイジョイ 1本,本,30,本,そいじょい,市販平均,
ダイエット定番,プロテイン(ソイ) 1杯,杯,30,杯,そいぷろてん,市販平均,既存WPCと対
ダイエット定番,炭酸水(無糖) 1本,本,500,本,たんさんすい,転記,0kcal
ダイエット定番,トマトジュース(無塩) 1本,本,200,本,とまとじゅーす,転記,
ダイエット定番,アーモンドミルク(無糖) コップ1杯,杯,200,杯(0.5刻み),あーもんどみるく,市販平均,
ダイエット定番,オーツミルク コップ1杯,杯,200,杯(0.5刻み),おーつみるく,市販平均,
ダイエット定番,EAA/BCAAドリンク 1杯,杯,500,杯,いーえーえー/びーしーえーえー,市販平均,ほぼ0kcal
筋トレ・増量,塩むすび 1個,個,100,個,しおむすび/トレ前おにぎり,積算,トレ前の定番
筋トレ・増量,鶏むね+白米セット 1食,人前,350,人前(0.5刻み),とれごはん/トレ後セット,積算,トレ後の定番(むね150g+白米200g)
筋トレ・増量,あんこトースト 1枚,枚,90,枚,あんトースト,積算,
筋トレ・増量,はちみつトースト 1枚,枚,75,枚,はちみつとーすと,積算,
筋トレ・増量,ピーナッツバタートースト 1枚,枚,77,枚,ぴーなつとーすと,積算,
筋トレ・増量,オートミールバナナボウル 1杯,杯,250,杯(0.5刻み),ばななぼうる,積算,
筋トレ・増量,磯辺餅 2個,人前,110,人前(0.5刻み),いそべもち/磯辺焼き,積算,
筋トレ・増量,ウェイトゲイナーシェイク 1杯,杯,400,杯,げいなー/増量シェイク,市販平均,
筋トレ・増量,カーボドリンク 1杯,杯,500,杯,かーぼ/マルトデキストリン,市販平均,トレ中の糖質補給
筋トレ・増量,プロテイン牛乳割り 1杯,杯,230,杯,ぷろてぎゅうにゅう,積算,
筋トレ・増量,鶏もも+白米弁当 1食,人前,400,人前(0.5刻み),ぞうりょうべんとう,積算,増量ミールプレップ
筋トレ・増量,バナナジュース 1杯,杯,250,杯(0.5刻み),ばななじゅーす,積算,牛乳+バナナ
ダイエット定番,ゆで鶏(鶏しゃぶ) 1人前,人前,150,人前(0.5刻み),とりしゃぶ/ゆでどり,積算,
ダイエット定番,鶏むねのレンジ蒸しポン酢 1人前,人前,160,人前(0.5刻み),れんじむしどり,積算,
ダイエット定番,鶏むねピカタ 1人前,人前,150,人前(0.5刻み),ぴかた,積算,
ダイエット定番,揚げない塩唐揚げ 1人前,人前,120,人前(0.5刻み),あげないからあげ/ノンフライ,積算,
ダイエット定番,鶏むねナゲット 5個,人前,125,人前(0.5刻み),むねなげっと,積算,
ダイエット定番,ささみの梅しそ焼き 1人前,人前,120,人前(0.5刻み),うめしそ,積算,
ダイエット定番,ささみチーズ焼き 1人前,人前,130,人前(0.5刻み),ささみちーず,積算,
ダイエット定番,ガーリックチキンステーキ 1人前,人前,180,人前(0.5刻み),がーりっくちきん,積算,むね使用
ダイエット定番,蒸しささみ 2本,人前,80,人前(0.5刻み),むしささみ,積算,
ダイエット定番,鶏むねの柚子胡椒焼き 1人前,人前,150,人前(0.5刻み),ゆずこしょう,積算,
ダイエット定番,卵白オムレツ 1人前,人前,130,人前(0.5刻み),らんぱくおむれつ,積算,
ダイエット定番,全卵+卵白スクランブル 1人前,人前,140,人前(0.5刻み),らんぱくすくらんぶる,積算,
ダイエット定番,自家製味玉 1個,個,55,個,あじたま/煮卵,積算,
ダイエット定番,エッグマフィン 1個,個,120,個,えっぐまふぃん,積算,
ダイエット定番,サバ缶トマト煮 1人前,人前,220,人前(0.5刻み),さばとまと,積算,
ダイエット定番,サバ缶キムチ和え 1人前,人前,150,人前(0.5刻み),さばきむち,積算,
ダイエット定番,ツナ豆腐 1人前,人前,200,人前(0.5刻み),つなどうふ,積算,
ダイエット定番,エビとブロッコリーの炒め 1人前,人前,180,人前(0.5刻み),えびぶろっこりー,積算,
ダイエット定番,魚肉ソーセージ 1本,本,70,本,ぎょにそ/フィッシュソーセージ,市販平均,
ダイエット定番,もち麦100%飯 茶碗1杯,杯,150,杯(0.5刻み),もちむぎひゃくぱー,転記,
ダイエット定番,しらたき混ぜごはん 茶碗1杯,杯,180,杯(0.5刻み),しらたきごはん,積算,
ダイエット定番,カリフラワーライスチャーハン 1人前,人前,280,人前(0.5刻み),かりふらちゃーはん,積算,
ダイエット定番,オートミールチャーハン 1人前,人前,250,人前(0.5刻み),おーつちゃーはん,積算,
ダイエット定番,オートミールリゾット 1杯,杯,280,杯(0.5刻み),おーつりぞっと,積算,
ダイエット定番,ゼンパスタ 1人前,人前,250,人前(0.5刻み),ぜんぱすた/乾燥しらたき麺,積算,
ダイエット定番,プロテインスムージー(バナナ) 1杯,杯,300,杯,ぷろてすむーじー,積算,
ダイエット定番,プロテインヨーグルト 1杯,杯,180,杯(0.5刻み),ぷろてよーぐると,積算,オイコス+プロテイン
ダイエット定番,プロテインコーヒー 1杯,杯,250,杯,ぷろてこーひー/カフェオレプロテイン,積算,
ダイエット定番,プロテインアイス(自家製) 1個,個,100,個,ぷろてあいす,積算,
ダイエット定番,プロテインパンケーキ 1人前,人前,180,人前(0.5刻み),ぷろてぱんけーき,積算,一般形(のりレシピ版と別)
ダイエット定番,きのこのソテー 1人前,人前,120,人前(0.5刻み),きのこそてー,積算,
ダイエット定番,しらたき明太パスタ風 1人前,人前,220,人前(0.5刻み),しらたきめんたい,積算,
ダイエット定番,キャベツの塩だれ和え 小鉢1,人前,90,人前(0.5刻み),しおだれきゃべつ,積算,
ダイエット定番,豆腐グラタン 1人前,人前,250,人前(0.5刻み),とうふぐらたん,積算,
ダイエット定番,MCTオイル 小さじ1,杯,4,杯,えむしーてぃーおいる,転記,
ダイエット定番,粉飴(マルトデキストリン) 大さじ1,杯,9,杯,こなあめ,市販平均,
コンビニ・市販,高たんぱくヨーグルト(パルテノ型) 1個,個,100,個,ぱるての/高たんぱくよーぐると,市販平均,
コンビニ・市販,グリルチキン(コンビニ) 1個,個,80,個,ぐりるちきんこんびに,市販平均,
コンビニ・市販,砂肝スモーク 1袋,個,60,個,すなぎもすもーく,市販平均,
コンビニ・市販,プロテインin ゼリー飲料 1個,個,180,個,ぷろていんぜりーいんりょう,市販平均,
コンビニ・市販,高たんぱく豆乳 1本,本,200,本,こうたんぱくとうにゅう,市販平均,
コンビニ・市販,もち麦おにぎり 1個,個,110,個,もちむぎおにぎり,市販平均,
コンビニ・市販,玄米おにぎり 1個,個,110,個,げんまいおにぎり,市販平均,
コンビニ・市販,サラダチキンの全粒粉サンド 1包装,個,150,個,ちきんさんど,市販平均,
コンビニ・市販,サラダチキン(ハーブ) 1袋,個,110,個,はーぶちきん,市販平均,
コンビニ・市販,サラダチキン(スモーク) 1袋,個,110,個,すもーくさらだちきん,市販平均,
コンビニ・市販,サラダチキン(タンドリー・スパイシー) 1袋,個,110,個,たんどりーちきん,市販平均,
コンビニ・市販,サラダチキン(レモン) 1袋,個,110,個,れもんちきん,市販平均,
コンビニ・市販,ほぐしサラダチキン 1袋,個,80,個,ほぐしちきん,市販平均,
コンビニ・市販,ささみソーセージ 1本,本,65,本,ささみそーせーじ,市販平均,
コンビニ・市販,こんにゃくゼリー 1個,個,25,個,こんにゃくぜりー,市販平均,
ダイエット定番,プロテイン(WPI) 1杯,杯,30,杯,あいそれーと/WPI,市販平均,
ダイエット定番,プロテイン(カゼイン) 1杯,杯,30,杯,かぜいん,市販平均,
ダイエット定番,ヨーグルト(プレーン無糖) 100g,g,100,g(10刻み),ぷれーんよーぐると,転記,
ダイエット定番,ヨーグルト(低脂肪無糖) 100g,g,100,g(10刻み),ていしぼうよーぐると,転記,
ダイエット定番,豆乳ヨーグルト 100g,g,100,g(10刻み),とうにゅうよーぐると/大豆ヨーグルト,転記,
素材(追加),鶏むね(皮つき) 100g,g,100,g(10刻み),むねかわつき,転記,
素材(追加),鶏むねひき肉 100g,g,100,g(10刻み),むねひきにく,転記,
主食,ごはん どんぶり1杯,杯,300,杯(0.5刻み),どんぶりめし,転記,
主食,おにぎり(おかか) 1個,個,110,個,おかか,積算,
魚料理,サバ味噌煮缶 1缶,個,190,個,さばみそかん,転記,
卵・大豆・乳,充填豆腐(3連) 1個,個,150,個,じゅうてんどうふ/小分け豆腐,転記,
卵・大豆・乳,豆腐干 1人前,人前,100,人前(0.5刻み),とうふかん/干し豆腐,市販平均,
卵・大豆・乳,さけるチーズ 1本,本,25,本,さけるちーず,市販平均,
間食・デザート,くるみ 1つかみ,人前,15,人前(0.5刻み),くるみ/ウォールナッツ,転記,
間食・デザート,カシューナッツ 1つかみ,人前,15,人前(0.5刻み),かしゅー,転記,
麺類,十割そば(ゆで) 1人前,人前,300,人前(0.5刻み),じゅうわりそば,転記,つゆ込み
肉料理,焼き鳥(もも・塩) 1本,本,45,本,やきとりしお,積算,
間食・デザート,ゆであずき(あんこ) 大さじ1,杯,20,杯,あんこ/こしあん/つぶあん,転記,
素材(追加),キヌア(炊) 100g,g,100,g(10刻み),きぬあ,転記,
素材(追加),紫芋(冷) 100g,g,100,g(10刻み),むらさきいも,転記,
間食・デザート,マカダミアナッツ 1つかみ,人前,15,人前(0.5刻み),まかだみあ,転記,
調味・トッピング,えごま油 小さじ1,杯,4,杯,えごまゆ,転記,加熱NG
調味・トッピング,アマニ油 小さじ1,杯,4,杯,あまにゆ/亜麻仁油,転記,加熱NG
卵・大豆・乳,テンペ 100g,g,100,g(10刻み),てんぺ,転記,発酵大豆
素材(追加),ラム肉 100g,g,100,g(10刻み),らむにく/羊肉,転記,
ダイエット定番,キヌアサラダ 1皿,人前,200,人前(0.5刻み),きぬあさらだ,積算,
ダイエット定番,アボカドトースト 1枚,枚,120,枚,あぼかどとーすと,積算,
かんたん・ズボラ飯,アボカド納豆 1人前,人前,120,人前(0.5刻み),あぼかどなっとう,積算,
かんたん・ズボラ飯,ブルーベリーヨーグルト 1杯,杯,150,杯(0.5刻み),ぶるーべりーよーぐると,積算,
かんたん・ズボラ飯,りんごヨーグルト 1杯,杯,180,杯(0.5刻み),りんごよーぐると,積算,
ダイエット定番,テンペ焼き 1人前,人前,100,人前(0.5刻み),てんぺやき,積算,
ダイエット定番,もち麦入り野菜スープ 1杯,杯,300,杯(0.5刻み),もちむぎすーぷ,積算,
ダイエット定番,蒸しじゃがいも(冷) 1個,個,120,個,ひやしじゃが/冷やしいも,転記,レジスタントスターチ
ダイエット定番,冷やし焼き芋 1本,本,200,本(0.5刻み),ひやしやきいも,転記,
かんたん・ズボラ飯,納豆ごはん 1杯,杯,200,杯(0.5刻み),なっとうごはん,積算,
かんたん・ズボラ飯,納豆卵かけごはん 1杯,杯,260,杯(0.5刻み),なっとうたまごかけ/納豆TKG,積算,
かんたん・ズボラ飯,サバ缶ごはん 1杯,杯,250,杯(0.5刻み),さばかんごはん,積算,
かんたん・ズボラ飯,しらす丼 1杯,杯,180,杯(0.5刻み),しらすどん,積算,
かんたん・ズボラ飯,マグロ納豆 1人前,人前,120,人前(0.5刻み),まぐろなっとう,積算,
かんたん・ズボラ飯,キムチ奴 1人前,人前,180,人前(0.5刻み),きむちやっこ,積算,
かんたん・ズボラ飯,めかぶ奴 1人前,人前,200,人前(0.5刻み),めかぶやっこ,積算,
かんたん・ズボラ飯,はちみつヨーグルト 1杯,杯,120,杯(0.5刻み),はちみつよーぐると,積算,
かんたん・ズボラ飯,バナナヨーグルト 1杯,杯,200,杯(0.5刻み),ばななよーぐると,積算,
かんたん・ズボラ飯,納豆そば 1人前,人前,350,人前(0.5刻み),なっとうそば,積算,
かんたん・ズボラ飯,オートミール茶漬け 1杯,杯,250,杯(0.5刻み),おーつちゃづけ,積算,和風だし
かんたん・ズボラ飯,サバ缶味噌汁 1杯,杯,250,杯(0.5刻み),さばかんみそしる,積算,
かんたん・ズボラ飯,アボカド醤油(刺身風) 1人前,人前,80,人前(0.5刻み),あぼかどしょうゆ,積算,
かんたん・ズボラ飯,ツナ玉ねぎサラダ 1人前,人前,120,人前(0.5刻み),つなたまねぎ,積算,
かんたん・ズボラ飯,ちくわきゅうり 1人前,人前,80,人前(0.5刻み),ちくわきゅうり,積算,
素材(追加),オクラ 5本,人前,40,人前(0.5刻み),おくら,転記,
素材(追加),パプリカ 1/2個,個,70,個,ぱぷりか,転記,
素材(追加),ズッキーニ 1/2本,個,80,個,ずっきーに,転記,
素材(追加),アスパラガス 3本,人前,60,人前(0.5刻み),あすぱらがす,転記,
素材(追加),カリフラワー 100g,g,100,g(10刻み),かりふらわー,転記,
素材(追加),水菜 100g,g,100,g(10刻み),みずな,転記,
素材(追加),チンゲン菜 1株,個,100,個,ちんげんさい,転記,
素材(追加),ニラ 1/2束,個,50,個,にら,転記,
素材(追加),ゴーヤ 1/2本,個,100,個,ごーや/にがうり,転記,
素材(追加),とうもろこし 1本,本,175,本(0.5刻み),とうもろこし/コーン,転記,可食部
素材(追加),さやいんげん 10本,人前,50,人前(0.5刻み),いんげん,転記,
素材(追加),ミニトマト 5個,人前,75,人前(0.5刻み),みにとまと/プチトマト,転記,
素材(追加),セロリ 1本,本,65,本,せろり,転記,
素材(追加),かぶ 1個,個,80,個,かぶ,転記,
素材(追加),春菊 100g,g,100,g(10刻み),しゅんぎく,転記,
素材(追加),しいたけ(生) 3枚,人前,45,人前(0.5刻み),しいたけ,転記,
素材(追加),エリンギ 1本,本,50,本,えりんぎ,転記,
素材(追加),なめこ 1袋,個,100,個,なめこ,転記,
素材(追加),手羽元 1本,本,60,本,てばもと,転記,可食部
素材(追加),手羽先 1本,本,50,本,てばさき,転記,可食部
素材(追加),豚こま切れ 100g,g,100,g(10刻み),ぶたこま,転記,
素材(追加),牛切り落とし 100g,g,100,g(10刻み),ぎゅうきりおとし,転記,
素材(追加),春雨(乾) 30g,g,30,g(10刻み),はるさめ,転記,
