材料名,食品番号,成分表名,100gあたりkcal,P,F,C,出自
しょうゆ(こいくち),17007,＜調味料類＞ （しょうゆ類） こいくちしょうゆ,76.0,7.7,0.0,7.9,層2裏方
しょうゆ(うすくち),17008,＜調味料類＞ （しょうゆ類） うすくちしょうゆ,60.0,5.7,0.0,5.8,層2裏方
みそ(淡色辛),17045,＜調味料類＞ （みそ類） 米みそ 淡色辛みそ,182.0,12.5,6.0,21.9,層2裏方
みそ(赤),17046,＜調味料類＞ （みそ類） 米みそ 赤色辛みそ,178.0,13.1,5.5,21.1,層2裏方
みそ(甘・白),17044,＜調味料類＞ （みそ類） 米みそ 甘みそ,206.0,9.7,3.0,37.9,層2裏方
即席みそ(ペースト),17050,＜調味料類＞ （みそ類） 即席みそ ペーストタイプ,122.0,8.9,3.7,15.4,層2裏方
砂糖(上白糖),03003,（砂糖類） 車糖 上白糖,391.0,0.0,0.0,99.3,層2裏方
本みりん,16025,＜アルコール飲料類＞ （混成酒類） みりん 本みりん,241.0,0.3,0.0,43.2,層2裏方
料理酒(清酒),16001,＜アルコール飲料類＞ （醸造酒類） 清酒 普通酒,107.0,0.4,0.0,4.9,層2裏方
穀物酢,17015,＜調味料類＞ （食酢類） 穀物酢,25.0,0.1,0.0,2.4,層2裏方
米酢,17016,＜調味料類＞ （食酢類） 米酢,46.0,0.2,0.0,7.4,層2裏方
すし酢,17103,＜調味料類＞ （調味ソース類） すし酢 巻き寿司・箱寿司用,107.0,0.1,0.0,23.8,層2裏方
めんつゆ(ストレート),17029,＜調味料類＞ （だし類） めんつゆ ストレート,44.0,2.2,0.0,8.7,層2裏方
めんつゆ(3倍濃縮),17030,＜調味料類＞ （だし類） めんつゆ 三倍濃縮,98.0,4.5,0.0,20.0,層2裏方
かつおだし,17019,＜調味料類＞ （だし類） かつおだし 荒節,2.0,0.4,0.0,0.0,層2裏方
昆布だし,17020,＜調味料類＞ （だし類） 昆布だし 水出し,4.0,0.1,0.0,0.9,層2裏方
かつお昆布だし,17021,＜調味料類＞ （だし類） かつお・昆布だし 荒節・昆布だし,2.0,0.3,0.0,0.3,層2裏方
鶏がらだし(液),17024,＜調味料類＞ （だし類） 鶏がらだし,7.0,0.9,0.4,0.0,層2裏方
中華だし(液),17025,＜調味料類＞ （だし類） 中華だし,3.0,0.8,0.0,0.0,層2裏方
洋風だし(液),17026,＜調味料類＞ （だし類） 洋風だし,6.0,1.3,0.0,0.3,層2裏方
顆粒和風だし,17028,＜調味料類＞ （だし類） 顆粒和風だし,223.0,24.2,0.3,31.1,層2裏方
顆粒中華だし,17093,＜調味料類＞ （だし類） 顆粒中華だし,210.0,12.6,1.6,36.6,層2裏方
固形ブイヨン,17027,＜調味料類＞ （だし類） 固形ブイヨン,233.0,7.0,4.3,42.1,層2裏方
顆粒おでんだし,17092,＜調味料類＞ （だし類） 顆粒おでん用,166.0,9.6,0.1,31.7,層2裏方
ケチャップ,17036,＜調味料類＞ （トマト加工品類） トマトケチャップ,116.0,1.6,0.2,27.6,層2裏方
マヨネーズ,17042,＜調味料類＞ （ドレッシング類） 半固体状ドレッシング マヨネーズ 全卵型,668.0,1.4,76.0,3.6,層2裏方
ウスターソース,17001,＜調味料類＞ （ウスターソース類） ウスターソース,117.0,1.0,0.1,27.1,層2裏方
中濃ソース,17002,＜調味料類＞ （ウスターソース類） 中濃ソース,129.0,0.8,0.1,30.9,層2裏方
お好み焼きソース,17085,＜調味料類＞ （ウスターソース類） お好み焼きソース,144.0,1.6,0.1,33.7,層2裏方
オイスターソース,17031,＜調味料類＞ （調味ソース類） オイスターソース,105.0,7.7,0.3,18.3,層2裏方
カレールウ,17051,＜調味料類＞ （ルウ類） カレールウ,474.0,6.5,34.1,44.7,層2裏方
ハヤシルウ,17052,＜調味料類＞ （ルウ類） ハヤシルウ,501.0,5.8,33.2,47.5,層2裏方
カレー粉,17061,＜香辛料類＞ カレー粉,338.0,13.0,12.2,63.3,層2裏方
豆板醤,17004,＜調味料類＞ （辛味調味料類） トウバンジャン,49.0,2.0,2.3,7.9,層2裏方
甜麺醤,17106,＜調味料類＞ （調味ソース類） テンメンジャン,249.0,8.5,7.7,38.1,層2裏方
ナンプラー,17107,＜調味料類＞ （調味ソース類） 魚醤油 ナンプラー,47.0,9.1,0.1,2.7,層2裏方
デミグラスソース,17105,＜調味料類＞ （調味ソース類） デミグラスソース,82.0,2.9,3.0,11.0,層2裏方
ホワイトソース,17109,＜調味料類＞ （調味ソース類） ホワイトソース,99.0,1.8,6.2,9.2,層2裏方
ミートソース,17033,＜調味料類＞ （調味ソース類） ミートソース,96.0,3.8,5.0,10.1,層2裏方
ぽん酢しょうゆ,17110,＜調味料類＞ （調味ソース類） ぽん酢しょうゆ,49.0,3.4,0.1,7.4,層2裏方
焼き肉のたれ,17113,＜調味料類＞ （調味ソース類） 焼き肉のたれ,164.0,4.3,2.2,32.3,層2裏方
焼き鳥のたれ,17112,＜調味料類＞ （調味ソース類） 焼き鳥のたれ,131.0,3.3,0.0,28.5,層2裏方
ごまだれ,17098,＜調味料類＞ （調味ソース類） ごまだれ,282.0,7.2,15.1,29.2,層2裏方
エビチリの素,17095,＜調味料類＞ （調味ソース類） エビチリの素,54.0,1.2,1.4,9.5,層2裏方
冷やし中華のたれ,17108,＜調味料類＞ （調味ソース類） 冷やし中華のたれ,114.0,2.1,1.2,23.1,層2裏方
焼きそば粉末ソース,17144,＜調味料類＞ （調味ソース類） 焼きそば粉末ソース,248.0,5.6,0.7,62.4,層2裏方
お茶漬けの素,17125,＜調味料類＞ （その他） お茶漬けの素 さけ,251.0,20.2,3.7,37.1,層2裏方
即席すまし汁の素,17126,＜調味料類＞ （その他） 即席すまし汁,194.0,18.3,0.8,30.5,層2裏方
キムチの素,17136,＜調味料類＞ （その他） キムチの素,125.0,5.3,1.0,26.0,層2裏方
ゆずこしょう,17115,＜調味料類＞ （調味ソース類） ゆずこしょう,37.0,1.3,0.8,9.3,層2裏方
わさび(練り),17081,＜香辛料類＞ わさび 練り,265.0,3.3,10.3,39.8,層2裏方
からし(練り),17058,＜香辛料類＞ からし 練り,314.0,5.9,14.5,40.1,層2裏方
ラー油,17006,＜調味料類＞ （辛味調味料類） ラー油,887.0,0.1,99.8,0.0,層2裏方
和風ドレッシング,17116,＜調味料類＞ （ドレッシング類） 分離液状ドレッシング 和風ドレッシング 分離液状,179.0,1.9,14.5,9.3,層2裏方
ごまドレッシング,17117,＜調味料類＞ （ドレッシング類） 乳化液状ドレッシング ごまドレッシング,399.0,2.7,38.3,15.0,層2裏方
フレンチドレッシング,17040,＜調味料類＞ （ドレッシング類） 分離液状ドレッシング フレンチドレッシング 分離液状,325.0,0.0,31.5,12.4,層2裏方
サラダ油(調合油),14006,（植物油脂類） 調合油,886.0,0.0,100.0,0.0,層2裏方
オリーブ油,14001,（植物油脂類） オリーブ油,894.0,0.0,100.0,0.0,層2裏方
ごま油,14002,（植物油脂類） ごま油,890.0,0.0,100.0,0.0,層2裏方
バター(有塩),14017,（バター類） 無発酵バター 有塩バター,700.0,0.6,81.0,0.2,層2裏方
マーガリン,14020,（マーガリン類） マーガリン 家庭用 有塩,715.0,0.4,83.1,0.5,層2裏方
ラード,14016,（動物油脂類） ラード,885.0,0.0,100.0,0.0,層2裏方
薄力粉,01015,こむぎ ［小麦粉］ 薄力粉 1等,349.0,8.3,1.5,75.8,層2裏方
強力粉,01020,こむぎ ［小麦粉］ 強力粉 1等,337.0,11.8,1.5,71.7,層2裏方
片栗粉,02034,＜でん粉・でん粉製品＞ （でん粉類） じゃがいもでん粉,338.0,0.1,0.1,81.6,層2裏方
パン粉(乾),01079,こむぎ ［その他］ パン粉 乾燥,349.0,14.9,4.1,67.4,層2裏方
天ぷら粉,01025,こむぎ ［小麦粉］ プレミックス粉 天ぷら用,337.0,8.8,1.3,76.1,層2裏方
ホットケーキミックス,01024,こむぎ ［小麦粉］ プレミックス粉 ホットケーキ用,360.0,7.8,4.0,74.4,層2裏方
白玉粉,01120,こめ ［もち米製品］ 白玉粉,347.0,6.3,1.0,80.0,層2裏方
上新粉,01114,こめ ［うるち米製品］ 上新粉,343.0,6.2,0.9,78.5,層2裏方
餃子の皮,01074,こむぎ ［その他］ ぎょうざの皮 生,275.0,9.3,1.4,57.0,層2裏方
しゅうまいの皮,01075,こむぎ ［その他］ しゅうまいの皮 生,275.0,8.3,1.4,58.9,層2裏方
春巻きの皮(生),01179,こむぎ ［その他］ 春巻きの皮 生,288.0,8.3,1.6,62.2,層2裏方
焼きふ(車ふ),01068,こむぎ ［ふ類］ 焼きふ 車ふ,361.0,30.2,3.4,54.2,層2裏方
うどん(ゆで),01039,こむぎ ［うどん・そうめん類］ うどん ゆで,95.0,2.6,0.4,21.6,層2裏方
そば(ゆで),01128,そば そば ゆで,130.0,4.8,1.0,26.0,層2裏方
中華めん(ゆで),01048,こむぎ ［中華めん類］ 中華めん ゆで,133.0,4.9,0.6,29.2,層2裏方
蒸し中華めん,01049,こむぎ ［中華めん類］ 蒸し中華めん 蒸し中華めん,162.0,4.9,1.7,35.6,層2裏方
そうめん(ゆで),01044,こむぎ ［うどん・そうめん類］ そうめん・ひやむぎ ゆで,114.0,3.5,0.4,25.8,層2裏方
沖縄そば(ゆで),01053,こむぎ ［中華めん類］ 沖縄そば ゆで,132.0,5.2,0.8,28.0,層2裏方
スパゲッティ(ゆで),01064,こむぎ ［マカロニ・スパゲッティ類］ マカロニ・スパゲッティ ゆで,150.0,5.8,0.9,32.2,層2裏方
ビーフン(乾),01115,こめ ［うるち米製品］ ビーフン,360.0,7.0,1.6,79.9,層2裏方
ごはん(精白米),01088,こめ ［水稲めし］ 精白米 うるち米,156.0,2.5,0.3,37.1,層2裏方
玄米ごはん,01085,こめ ［水稲めし］ 玄米,152.0,2.8,1.0,35.6,層2裏方
もち,01117,こめ ［もち米製品］ もち,223.0,4.0,0.6,50.8,層2裏方
おにぎり(具なし),01111,こめ ［うるち米製品］ おにぎり,170.0,2.7,0.3,39.4,層2裏方
焼きおにぎり,01112,こめ ［うるち米製品］ 焼きおにぎり,166.0,3.1,0.3,39.5,層2裏方
はるさめ(乾),02040,＜でん粉・でん粉製品＞ （でん粉製品） はるさめ 普通はるさめ 乾,346.0,0.0,0.2,86.6,層2裏方
タピオカ(ゆで),02057,＜でん粉・でん粉製品＞ （でん粉製品） タピオカパール ゆで,61.0,0.0,0.0,15.4,層2裏方
板こんにゃく,02003,＜いも類＞ こんにゃく 板こんにゃく 精粉こんにゃく,5.0,0.1,0.0,2.3,層2裏方
しらたき,02005,＜いも類＞ こんにゃく しらたき,7.0,0.2,0.0,3.0,層2裏方
牛乳,13003,＜牛乳及び乳製品＞ （液状乳類） 普通牛乳,61.0,3.3,3.8,4.8,層2裏方
低脂肪乳,13005,＜牛乳及び乳製品＞ （液状乳類） 加工乳 低脂肪,42.0,3.8,1.0,5.5,層2裏方
生クリーム(乳脂肪),13014,＜牛乳及び乳製品＞ （クリーム類） クリーム 乳脂肪,404.0,1.9,43.0,6.5,層2裏方
ホイップクリーム,13017,＜牛乳及び乳製品＞ （クリーム類） ホイップクリーム 乳脂肪,409.0,1.8,40.7,12.9,層2裏方
粉チーズ(パルメザン),13038,＜牛乳及び乳製品＞ （チーズ類） ナチュラルチーズ パルメザン,445.0,44.0,30.8,1.9,層2裏方
モッツァレラ,13056,＜牛乳及び乳製品＞ （チーズ類） ナチュラルチーズ モッツァレラ,269.0,18.4,19.9,4.2,層2裏方
カマンベール,13034,＜牛乳及び乳製品＞ （チーズ類） ナチュラルチーズ カマンベール,291.0,19.1,24.7,0.9,層2裏方
クリームチーズ,13035,＜牛乳及び乳製品＞ （チーズ類） ナチュラルチーズ クリーム,313.0,8.2,33.0,2.3,層2裏方
ヨーグルト(全脂無糖),13025,＜牛乳及び乳製品＞ （発酵乳・乳酸菌飲料） ヨーグルト 全脂無糖,56.0,3.6,3.0,4.9,層2裏方
脱脂粉乳,13010,＜牛乳及び乳製品＞ （粉乳類） 脱脂粉乳,354.0,34.0,1.0,53.3,層2裏方
加糖練乳,13013,＜牛乳及び乳製品＞ （練乳類） 加糖練乳,314.0,7.7,8.5,56.0,層2裏方
木綿豆腐,04032,だいず ［豆腐・油揚げ類］ 木綿豆腐,73.0,7.0,4.9,1.5,層2裏方
絹ごし豆腐,04033,だいず ［豆腐・油揚げ類］ 絹ごし豆腐,56.0,5.3,3.5,2.0,層2裏方
油揚げ,04040,だいず ［豆腐・油揚げ類］ 油揚げ 生,377.0,23.4,34.4,0.4,層2裏方
厚揚げ(生揚げ),04039,だいず ［豆腐・油揚げ類］ 生揚げ,143.0,10.7,11.3,0.9,層2裏方
おから(生),04051,だいず ［その他］ おから 生,88.0,6.1,3.6,13.8,層2裏方
豆乳(無調整),04052,だいず ［その他］ 豆乳 豆乳,43.0,3.6,2.8,2.3,層2裏方
調製豆乳,04053,だいず ［その他］ 豆乳 調製豆乳,61.0,3.2,3.6,4.8,層2裏方
きな粉,04029,だいず ［全粒・全粒製品］ きな粉 黄大豆 全粒大豆,451.0,36.7,25.7,28.5,層2裏方
こし生あん,04004,あずき あん こし生あん,147.0,9.8,0.6,27.1,層2裏方
つぶし生あん,04111,あずき あん つぶし生あん,115.0,8.6,0.5,24.5,層2裏方
こし練りあん,04101,あずき あん こし練りあん （並あん）,255.0,5.6,0.3,58.8,層2裏方
長ねぎ,06226,（ねぎ類） 根深ねぎ 葉 軟白 生,35.0,1.4,0.1,8.3,層2裏方
しょうが,06103,（しょうが類） しょうが 根茎 皮なし 生,28.0,0.9,0.3,6.6,層2裏方
にんにく,06223,（にんにく類） にんにく りん茎 生,129.0,6.4,0.9,27.5,層2裏方
大葉(しそ),06095,しそ 葉 生,32.0,3.9,0.1,7.5,層2裏方
みょうが,06280,（みょうが類） みょうが 花穂 生,11.0,0.9,0.1,2.6,層2裏方
パセリ,06239,パセリ 葉 生,34.0,4.0,0.7,7.8,層2裏方
みつば,06274,（みつば類） 切りみつば 葉 生,16.0,1.0,0.1,4.0,層2裏方
レモン果汁,07156,（かんきつ類） レモン 果汁 生,24.0,0.4,0.2,8.6,層2裏方
かいわれ,06128,（だいこん類） かいわれだいこん 芽ばえ 生,21.0,2.1,0.5,3.3,層2裏方
切干しだいこん(乾),06136,（だいこん類） 切干しだいこん 乾,280.0,9.7,0.8,69.7,層2裏方
たけのこ(ゆで),06150,たけのこ 若茎 ゆで,31.0,3.5,0.2,5.5,層2裏方
紅しょうが(酢漬),06104,（しょうが類） しょうが 漬物 酢漬,15.0,0.3,0.2,3.9,層2裏方
グリンピース(冷凍),06025,（えんどう類） グリンピース 冷凍,80.0,5.8,0.7,17.1,層2裏方
コーン缶,06180,（とうもろこし類） スイートコーン 缶詰 ホールカーネルスタイル,78.0,2.3,0.5,17.8,層2裏方
トマト缶(ホール),06184,（トマト類） 加工品 ホール 食塩無添加,21.0,0.9,0.2,4.4,層2裏方
トマトジュース,06185,（トマト類） 加工品 トマトジュース 食塩添加,15.0,0.7,0.1,4.0,層2裏方
干ししいたけ,08013,しいたけ 乾しいたけ 乾,258.0,21.2,2.8,62.5,層2裏方
青ピーマン,06245,（ピーマン類） 青ピーマン 果実 生,20.0,0.9,0.2,5.1,層2裏方
赤ピーマン,06247,（ピーマン類） 赤ピーマン 果実 生,28.0,1.0,0.2,7.2,層2裏方
バジル(生),06238,バジル 葉 生,21.0,2.0,0.6,4.0,層2裏方
甘酢れんこん,06371,れんこん 甘酢れんこん,66.0,0.6,0.2,16.5,層2裏方
しらす干し,10055,＜魚類＞ （いわし類） しらす干し 微乾燥品,113.0,24.5,2.1,0.1,層2裏方
かつお節,10091,＜魚類＞ （かつお類） 加工品 かつお節,332.0,77.1,2.9,0.8,層2裏方
削り節,10092,＜魚類＞ （かつお類） 加工品 削り節,327.0,75.7,3.2,0.4,層2裏方
桜えび(素干し),10325,＜えび・かに類＞ （えび類） さくらえび 素干し,286.0,64.9,4.0,0.1,層2裏方
焼きのり,09004,あまのり 焼きのり,297.0,41.4,3.7,44.3,層2裏方
青のり,09002,あおのり 素干し,249.0,29.4,5.2,41.0,層2裏方
カットわかめ(乾),09044,わかめ カットわかめ 乾,186.0,17.9,4.0,42.1,層2裏方
ひじき(乾),09050,ひじき ほしひじき ステンレス釜 乾,180.0,9.2,3.2,58.4,層2裏方
とろろ昆布(削り昆布),09021,（こんぶ類） 削り昆布,177.0,6.5,0.9,50.2,層2裏方
昆布つくだ煮,09023,（こんぶ類） つくだ煮,150.0,6.0,1.0,33.3,層2裏方
角寒天,09027,てんぐさ 角寒天,159.0,2.4,0.2,74.1,層2裏方
キムチ,06236,はくさい 漬物 キムチ,27.0,2.3,0.1,5.4,層2裏方
たくあん,06138,（だいこん類） 漬物 たくあん漬 塩押しだいこん漬,43.0,0.6,0.3,10.8,層2裏方
豚ひき肉,11163,＜畜肉類＞ ぶた ［ひき肉］ 生,209.0,17.7,17.2,0.1,層2裏方
牛ひき肉,11089,＜畜肉類＞ うし ［ひき肉］ 生,251.0,17.1,21.1,0.3,層2裏方
鶏ひき肉,11230,＜鳥肉類＞ にわとり ［二次品目］ ひき肉 生,171.0,17.5,12.0,0.0,層2裏方
ロースハム,11176,＜畜肉類＞ ぶた ［ハム類］ ロースハム ロースハム,211.0,18.6,14.5,2.0,層2裏方
ベーコン,11183,＜畜肉類＞ ぶた ［ベーコン類］ ばらベーコン ばらベーコン ,241.0,15.4,19.4,3.2,層2裏方
ウインナー,11186,＜畜肉類＞ ぶた ［ソーセージ類］ ウインナーソーセージ ウインナーソーセージ,319.0,11.5,30.6,3.3,層2裏方
手羽先,11285,＜鳥肉類＞ にわとり ［若どり・主品目］ 手羽さき 皮つき 生,207.0,17.4,16.2,0.0,層2裏方
手羽元,11286,＜鳥肉類＞ にわとり ［若どり・主品目］ 手羽もと 皮つき 生,175.0,18.2,12.8,0.0,層2裏方
鶏レバー,11232,＜鳥肉類＞ にわとり ［副品目］ 肝臓 生,100.0,18.9,3.1,0.6,層2裏方
ゼラチン,11198,＜畜肉類＞ ぶた ［その他］ ゼラチン,347.0,87.6,0.3,0.0,層2裏方
バナメイえび,10415,＜えび・かに類＞ （えび類） バナメイえび 養殖 生,82.0,19.6,0.6,0.7,層2裏方
するめいか,10345,＜いか・たこ類＞ （いか類） するめいか 生,76.0,17.9,0.8,0.1,層2裏方
ゆでだこ,10362,＜いか・たこ類＞ （たこ類） まだこ ゆで,91.0,21.7,0.7,0.1,層2裏方
明太子,10204,＜魚類＞ （たら類） すけとうだら からしめんたいこ,121.0,21.0,3.3,3.0,層2裏方
たらこ,10202,＜魚類＞ （たら類） すけとうだら たらこ 生,131.0,24.0,4.7,0.4,層2裏方
ツナ缶(油漬),10263,＜魚類＞ （まぐろ類） 缶詰 油漬 フレーク ライト,265.0,17.7,21.7,0.1,層2裏方
ツナ缶(水煮),10260,＜魚類＞ （まぐろ類） 缶詰 水煮 フレーク ライト,70.0,16.0,0.7,0.2,層2裏方
かに風味かまぼこ,10376,＜水産練り製品＞ かに風味かまぼこ,89.0,12.1,0.5,9.2,層2裏方
かまぼこ,10379,＜水産練り製品＞ 蒸しかまぼこ,93.0,12.0,0.9,9.7,層2裏方
焼きちくわ,10381,＜水産練り製品＞ 焼き竹輪,107.0,13.2,0.4,13.3,層2裏方
はんぺん,10385,＜水産練り製品＞ はんぺん,93.0,9.9,1.0,11.4,層2裏方
さつま揚げ,10386,＜水産練り製品＞ さつま揚げ,116.0,11.3,2.4,12.6,層2裏方
魚肉ソーセージ,10388,＜水産練り製品＞ 魚肉ソーセージ,158.0,11.5,7.2,12.6,層2裏方
いりごま,05018,ごま いり,605.0,20.3,54.2,18.5,層2裏方
ねりごま,05042,ごま ねり,646.0,19.0,61.0,15.6,層2裏方
ピーナッツ(いり),05035,らっかせい 大粒種 いり,613.0,25.0,49.6,21.3,層2裏方
くるみ,05014,くるみ いり,713.0,14.6,68.8,11.7,層2裏方
アーモンド(フライ味付け),05002,アーモンド フライ 味付け,626.0,21.3,55.7,17.9,層2裏方
レーズン,07117,ぶどう 干しぶどう,324.0,2.7,0.2,80.3,層2裏方
ピュアココア,16048,＜コーヒー・ココア類＞ ココア ピュアココア,386.0,18.5,21.6,42.4,層2裏方
ミルクチョコレート,15116,＜チョコレート類＞ ミルクチョコレート,550.0,6.9,34.1,55.8,層2裏方
はちみつ,03022,（その他） はちみつ,329.0,0.3,0.0,81.9,層2裏方
メープルシロップ,03023,（その他） メープルシロップ,266.0,0.1,0.0,66.3,層2裏方
いちごジャム(高糖度),07013,いちご ジャム 高糖度,250.0,0.4,0.1,63.3,層2裏方
梅びしお,07024,うめ 梅びしお,196.0,0.7,0.5,48.1,層2裏方
コーヒー(浸出液),16045,＜コーヒー・ココア類＞ コーヒー 浸出液,4.0,0.2,0.0,0.7,層2裏方
紅茶(浸出液),16044,＜茶類＞ （発酵茶類） 紅茶 浸出液,1.0,0.1,0.0,0.1,層2裏方
せん茶(浸出液),16037,＜茶類＞ （緑茶類） せん茶 浸出液,2.0,0.2,0.0,0.2,層2裏方
うずら卵(水煮),12003,うずら卵 水煮缶詰,162.0,11.0,14.1,0.6,層2裏方
スポンジケーキ,15074,＜ケーキ・ペストリー類＞ スポンジケーキ,283.0,7.9,7.5,52.1,層2裏方
ぎゅうひ,15013,＜和生菓子・和半生菓子類＞ ぎゅうひ,253.0,1.3,0.2,62.4,層2裏方
こんにゃくゼリー,15142,＜デザート菓子類＞ こんにゃくゼリー,65.0,0.0,0.1,16.4,層2裏方
ナタデココ,07170,ココナッツ ナタデココ,80.0,0.0,0.0,20.2,層2裏方
親子丼の具,18030,和風料理 煮物類 親子丼の具,101.0,8.4,5.2,5.6,層2裏方
切り干し大根の煮物,18032,和風料理 煮物類 切り干し大根の煮物,48.0,2.3,2.5,5.7,層2裏方
紅白なます,18027,和風料理 酢の物類 紅白なます,34.0,0.6,0.6,7.2,層2裏方
もち麦ごはん,01170,おおむぎ 押麦 めし,118.0,2.2,0.5,28.5,層1台帳
おかゆ,01093,こめ ［水稲全かゆ］ 精白米,65.0,1.1,0.1,15.7,層1台帳
赤飯,01118,こめ ［もち米製品］ 赤飯,186.0,4.3,0.6,41.9,層1台帳
食パン(8枚切),01026,こむぎ ［パン類］ 角形食パン 食パン,248.0,8.9,4.1,46.4,層1台帳
ロールパン,01034,こむぎ ［パン類］ ロールパン,309.0,10.1,9.0,48.6,層1台帳
クロワッサン,01035,こむぎ ［パン類］ クロワッサン リッチタイプ,438.0,7.9,26.8,43.9,層1台帳
フランスパン,01031,こむぎ ［パン類］ フランスパン,289.0,9.4,1.3,57.5,層1台帳
ベーグル,01148,こむぎ ［パン類］ ベーグル,270.0,9.6,2.0,54.6,層1台帳
全粒粉パン,01208,こむぎ ［パン類］ 全粒粉パン,251.0,7.9,5.7,45.5,層1台帳
菓子パン(あんぱん),15069,＜菓子パン類＞ あんパン こしあん入り,267.0,6.8,3.6,53.5,層1台帳
菓子パン(クリームパン),15070,＜菓子パン類＞ クリームパン,286.0,7.9,7.4,48.3,層1台帳
菓子パン(メロンパン),15132,＜菓子パン類＞ メロンパン,349.0,8.0,10.5,59.9,層1台帳
カレーパン,15127,＜菓子パン類＞ カレーパン 皮及び具,302.0,6.6,18.3,32.3,層1台帳
シリアル(コーンフレーク),01137,とうもろこし コーンフレーク,380.0,7.8,1.7,83.6,層1台帳
ホットケーキ,15083,＜ケーキ・ペストリー類＞ ホットケーキ,253.0,7.7,5.4,45.3,層1台帳
お好み焼き(豚),18053,和風料理 その他 お好み焼き,136.0,5.2,6.5,15.2,層1台帳
チャーハン,18057,中国料理 菜類 チャーハン,206.0,5.0,5.2,33.3,層1台帳
エビピラフ,18014,洋風料理 その他 えびピラフ,146.0,3.3,2.3,29.8,層1台帳
とんかつ(ロース),11276,＜畜肉類＞ ぶた ［大型種肉］ ロース 脂身つき とんかつ,429.0,22.0,35.9,9.8,層1台帳
とんかつ(ヒレ),11279,＜畜肉類＞ ぶた ［大型種肉］ ヒレ 赤肉 とんかつ,379.0,25.1,25.3,14.9,層1台帳
ハンバーグ,18050,洋風料理 ハンバーグステーキ類 合いびきハンバーグ,197.0,13.4,12.2,10.0,層1台帳
豆腐ハンバーグ,18052,洋風料理 ハンバーグステーキ類 豆腐ハンバーグ,142.0,9.9,9.2,8.4,層1台帳
ローストビーフ,11104,＜畜肉類＞ うし ［加工品］ ローストビーフ,190.0,21.7,11.7,0.9,層1台帳
肉じゃが,18036,和風料理 煮物類 肉じゃが,78.0,4.3,1.3,13.0,層1台帳
ミートボール,18015,洋風料理 素揚げ類 ミートボール,199.0,10.2,12.5,13.4,層1台帳
メンチカツ,18022,洋風料理 フライ類 メンチカツ,273.0,10.7,18.7,18.7,層1台帳
コロッケ(ポテト),18018,洋風料理 コロッケ類 ポテトコロッケ,226.0,5.3,12.6,25.2,層1台帳
餃子,18002,中国料理 点心類 ぎょうざ,209.0,6.9,11.3,22.3,層1台帳
シュウマイ,18012,中国料理 点心類 しゅうまい,191.0,9.1,9.2,19.5,層1台帳
春巻き,18056,中国料理 点心類 春巻き,221.0,6.0,19.3,30.2,層1台帳
酢豚,18047,中国料理 菜類 酢豚,77.0,4.6,3.3,7.6,層1台帳
麻婆豆腐,18049,中国料理 菜類 麻婆豆腐,104.0,7.8,6.8,3.8,層1台帳
ベーコン,11184,＜畜肉類＞ ぶた ［ベーコン類］ ロースベーコン,202.0,16.8,14.6,3.2,層1台帳
生ハム,11181,＜畜肉類＞ ぶた ［ハム類］ 生ハム 促成,243.0,24.0,16.6,0.5,層1台帳
サバの味噌煮,10165,＜魚類＞ （さば類） 缶詰 みそ煮,210.0,16.3,13.9,6.6,層1台帳
ブリの照り焼き,10242,＜魚類＞ ぶり 成魚 焼き,260.0,26.2,20.4,0.3,層1台帳
アジフライ,10390,＜魚類＞ （あじ類） まあじ 皮つき フライ,270.0,20.1,18.2,7.9,層1台帳
白身魚フライ,18021,洋風料理 フライ類 白身フライ,299.0,9.7,21.8,16.2,層1台帳
エビフライ,18020,洋風料理 フライ類 えびフライ,236.0,15.9,11.6,20.5,層1台帳
カキフライ,10430,＜貝類＞ かき 養殖 フライ,256.0,7.6,11.1,32.9,層1台帳
エビの天ぷら,10416,＜えび・かに類＞ （えび類） バナメイえび 養殖 天ぷら,194.0,20.0,10.3,6.5,層1台帳
マグロ刺身(赤身),10253,＜魚類＞ （まぐろ類） くろまぐろ 天然 赤身 生,115.0,26.4,1.4,0.1,層1台帳
サーモン刺身,10438,＜魚類＞ （さけ・ます類） たいせいようさけ 養殖 皮なし 生,223.0,19.6,17.0,0.1,層1台帳
カツオのたたき,10086,＜魚類＞ （かつお類） かつお 春獲り 生,108.0,25.8,0.5,0.1,層1台帳
しらす(釜揚げ),10445,＜魚類＞ （いわし類） しらす 釜揚げしらす,84.0,17.6,1.7,0.0,層1台帳
イワシ缶(味付),10061,＜魚類＞ （いわし類） 缶詰 味付け,203.0,20.4,11.9,5.7,層1台帳
ホタテ(刺身・焼き),10313,＜貝類＞ ほたてがい 貝柱 生,82.0,16.9,0.3,3.5,層1台帳
牡蠣(生・蒸し),10292,＜貝類＞ かき 養殖 生,58.0,6.9,2.2,4.9,層1台帳
うなぎの蒲焼,10070,＜魚類＞ うなぎ かば焼,285.0,23.0,21.0,3.1,層1台帳
ゆで卵,12005,鶏卵 全卵 ゆで,134.0,12.5,10.4,0.3,層1台帳
だし巻き卵,12019,鶏卵 たまご焼 だし巻きたまご,123.0,11.0,9.2,0.5,層1台帳
温泉卵,12004,鶏卵 全卵 生,142.0,12.2,10.2,0.4,層1台帳
おから(卯の花),18029,和風料理 煮物類 卯の花いり,84.0,4.4,4.1,10.7,層1台帳
飲むヨーグルト,13027,＜牛乳及び乳製品＞ （発酵乳・乳酸菌飲料） ヨーグルト ドリンクタイプ 加糖,64.0,2.9,0.5,12.2,層1台帳
ヨーグルト(加糖),13026,＜牛乳及び乳製品＞ （発酵乳・乳酸菌飲料） ヨーグルト 脱脂加糖,65.0,4.3,0.2,11.9,層1台帳
カッテージチーズ,13033,＜牛乳及び乳製品＞ （チーズ類） ナチュラルチーズ カテージ,99.0,13.3,4.5,1.9,層1台帳
豚汁,18028,和風料理 汁物類 とん汁,26.0,1.5,1.5,2.0,層1台帳
コーンスープ,18004,洋風料理 スープ類 コーンクリームスープ 粉末タイプ,425.0,8.1,13.7,67.4,層1台帳
おでん(大根),06135,（だいこん類） だいこん 根 皮なし ゆで,15.0,0.5,0.1,4.0,層1台帳
おでん(しらたき),02036,＜でん粉・でん粉製品＞ （でん粉製品） くずきり 乾,341.0,0.2,0.2,87.7,層1台帳
ほうれん草のおひたし,06372,ほうれんそう 葉 冷凍 ゆで,26.0,3.7,0.5,4.3,層1台帳
いんげんの胡麻和え,18025,和風料理 和え物類 いんげんのごま和え,77.0,3.7,3.4,9.1,層1台帳
きんぴらごぼう,18033,和風料理 煮物類 きんぴらごぼう,84.0,1.4,4.5,11.3,層1台帳
ひじきの煮物,18037,和風料理 煮物類 ひじきのいため煮,75.0,3.1,4.0,9.9,層1台帳
筑前煮,18035,和風料理 煮物類 筑前煮,85.0,4.4,3.5,10.2,層1台帳
ブロッコリーの塩ゆで,06264,ブロッコリー 花序 ゆで,30.0,3.9,0.4,5.2,層1台帳
冷やしトマト,06182,（トマト類） 赤色トマト 果実 生,20.0,0.7,0.1,4.7,層1台帳
キャベツの千切り,06283,めキャベツ 結球葉 生,52.0,5.7,0.1,9.9,層1台帳
浅漬け(きゅうり・白菜),06235,はくさい 漬物 塩漬,17.0,1.5,0.1,3.3,層1台帳
ぬか漬け,06068,きゅうり 漬物 ぬかみそ漬,28.0,1.5,0.1,6.2,層1台帳
もずく酢,09038,（もずく類） もずく 塩蔵 塩抜き,4.0,0.2,0.1,1.4,層1台帳
めかぶ,09047,わかめ めかぶわかめ 生,14.0,0.9,0.6,3.4,層1台帳
ところてん,09026,てんぐさ ところてん,2.0,0.2,0.0,0.6,層1台帳
白和え,18024,和風料理 和え物類 青菜の白和え,81.0,4.2,3.4,10.5,層1台帳
とろろ(長芋すりおろし),02023,＜いも類＞ （やまのいも類） ながいも ながいも 塊根 生,64.0,2.2,0.3,13.9,層1台帳
焼きいも(中1本),02008,＜いも類＞ （さつまいも類） さつまいも 塊根 皮なし 焼き,151.0,1.4,0.2,39.0,層1台帳
ふかし芋,02007,＜いも類＞ （さつまいも類） さつまいも 塊根 皮なし 蒸し,131.0,1.2,0.2,31.9,層1台帳
フライドポテト,02065,＜いも類＞ じゃがいも 塊茎 皮つき フライドポテト （生を揚げたもの）,153.0,2.7,5.6,25.4,層1台帳
シチュー(クリーム),18045,洋風料理 シチュー類 チキンシチュー,124.0,6.2,8.0,7.8,層1台帳
ビーフシチュー,18011,洋風料理 シチュー類 ビーフシチュー,153.0,4.1,12.6,7.1,層1台帳
チキンナゲット,11292,＜鳥肉類＞ にわとり ［その他］ チキンナゲット,235.0,15.5,13.7,14.9,層1台帳
カニクリームコロッケ,18043,洋風料理 コロッケ類 カニクリームコロッケ,255.0,5.1,17.1,22.0,層1台帳
肉まん,15035,＜和生菓子・和半生菓子類＞ まんじゅう 中華まんじゅう 肉まん,242.0,10.0,5.1,43.4,層1台帳
あんまん,15034,＜和生菓子・和半生菓子類＞ まんじゅう 中華まんじゅう あんまん こしあん入り,273.0,6.1,5.6,51.3,層1台帳
チーズ(6P),13040,＜牛乳及び乳製品＞ （チーズ類） プロセスチーズ,313.0,22.7,26.0,1.3,層1台帳
ビーフジャーキー,11107,＜畜肉類＞ うし ［加工品］ ビーフジャーキー,304.0,54.8,7.8,6.4,層1台帳
干し芋,02009,＜いも類＞ （さつまいも類） さつまいも 蒸し切干,277.0,3.1,0.6,71.9,層1台帳
ショートケーキ,15170,＜ケーキ・ペストリー類＞ ショートケーキ いちご,314.0,6.9,14.7,42.7,層1台帳
チーズケーキ,15134,＜ケーキ・ペストリー類＞ チーズケーキ ベイクドチーズケーキ,299.0,8.5,21.2,23.3,層1台帳
シュークリーム,15073,＜ケーキ・ペストリー類＞ シュークリーム,211.0,6.0,11.4,25.5,層1台帳
プリン,15086,＜デザート菓子類＞ カスタードプリン,116.0,5.7,5.5,14.0,層1台帳
ゼリー(果物),15087,＜デザート菓子類＞ ゼリー オレンジ,80.0,2.1,0.1,19.8,層1台帳
アイスクリーム(バニラ),13043,＜牛乳及び乳製品＞ （アイスクリーム類） アイスクリーム 普通脂肪,178.0,3.9,8.0,23.2,層1台帳
ソフトクリーム,13047,＜牛乳及び乳製品＞ （アイスクリーム類） ソフトクリーム,146.0,3.8,5.6,20.1,層1台帳
大福,15023,＜和生菓子・和半生菓子類＞ 大福もち こしあん入り,223.0,4.6,0.5,53.2,層1台帳
どら焼き,15156,＜和生菓子・和半生菓子類＞ どら焼 こしあん入り,282.0,6.6,3.1,58.4,層1台帳
たい焼き,15005,＜和生菓子・和半生菓子類＞ 今川焼 こしあん入り,217.0,4.5,1.1,48.3,層1台帳
みたらし団子,15019,＜和生菓子・和半生菓子類＞ くし団子 みたらし,194.0,3.2,0.4,44.9,層1台帳
カステラ,15009,＜和生菓子・和半生菓子類＞ カステラ,313.0,7.1,5.0,61.8,層1台帳
ようかん,15038,＜和生菓子・和半生菓子類＞ ようかん 練りようかん,289.0,3.6,0.2,69.9,層1台帳
クッキー,15098,＜ビスケット類＞ ビスケット ソフトビスケット,512.0,5.7,27.6,62.6,層1台帳
ポテトチップス,15103,＜スナック類＞ ポテトチップス ポテトチップス,541.0,4.7,35.2,54.7,層1台帳
せんべい,15060,＜和干菓子類＞ 米菓 しょうゆせんべい,368.0,7.3,1.0,83.9,層1台帳
ポップコーン,01136,とうもろこし ポップコーン,472.0,10.2,22.8,59.6,層1台帳
ドーナツ(オールドファッション),15078,＜ケーキ・ペストリー類＞ ドーナッツ ケーキドーナッツ プレーン,367.0,7.2,11.7,60.2,層1台帳
ワッフル,15084,＜ケーキ・ペストリー類＞ ワッフル カスタードクリーム入り,241.0,7.3,7.9,38.1,層1台帳
みかん,07027,（かんきつ類） うんしゅうみかん じょうのう 普通 生,49.0,0.7,0.1,12.0,層1台帳
りんご,07176,りんご 皮つき 生,56.0,0.2,0.3,16.2,層1台帳
キウイ,07054,キウイフルーツ 緑肉種 生,51.0,1.0,0.2,13.4,層1台帳
ぶどう(シャインマスカット等),07178,ぶどう 皮つき 生,69.0,0.6,0.2,16.9,層1台帳
いちご,07012,いちご 生,31.0,0.9,0.1,8.5,層1台帳
梨,07088,（なし類） 日本なし 生,38.0,0.3,0.1,11.3,層1台帳
桃,07136,（もも類） もも 白肉種 生,38.0,0.6,0.1,10.2,層1台帳
柿,07049,かき 甘がき 生,63.0,0.4,0.2,15.9,層1台帳
スイカ,07077,すいか 赤肉種 生,41.0,0.6,0.1,9.5,層1台帳
パイナップル,07097,パインアップル 生,54.0,0.6,0.1,13.7,層1台帳
オレンジジュース,07043,（かんきつ類） オレンジ バレンシア 果実飲料 濃縮還元ジュース,46.0,0.7,0.1,10.7,層1台帳
りんごジュース,07150,りんご 果実飲料 濃縮還元ジュース,47.0,0.1,0.2,11.4,層1台帳
コーラ,16053,＜その他＞ （炭酸飲料類） コーラ,46.0,0.1,0.0,11.4,層1台帳
サイダー,16054,＜その他＞ （炭酸飲料類） サイダー,41.0,0.0,0.0,10.2,層1台帳
甘酒,16050,＜その他＞ 甘酒,76.0,1.7,0.1,18.3,層1台帳
ビール,16006,＜アルコール飲料類＞ （醸造酒類） ビール 淡色,39.0,0.3,0.0,3.1,層1台帳
発泡酒,16009,＜アルコール飲料類＞ （醸造酒類） 発泡酒,44.0,0.1,0.0,3.6,層1台帳
焼酎(ロック),16015,＜アルコール飲料類＞ （蒸留酒類） しょうちゅう 単式蒸留しょうちゅう,144.0,0.0,0.0,0.0,層1台帳
ウイスキー(シングル),16016,＜アルコール飲料類＞ （蒸留酒類） ウイスキー,234.0,0.0,0.0,0.0,層1台帳
ワイン(赤),16011,＜アルコール飲料類＞ （醸造酒類） ぶどう酒 赤,68.0,0.2,0.0,1.5,層1台帳
ワイン(白),16010,＜アルコール飲料類＞ （醸造酒類） ぶどう酒 白,75.0,0.1,0.0,2.0,層1台帳
梅酒(ロック),16022,＜アルコール飲料類＞ （混成酒類） 梅酒,155.0,0.1,0.0,20.7,層1台帳
ピーナッツバター,05037,らっかせい ピーナッツバター,599.0,20.6,50.4,24.9,層1台帳
ナン,01037,こむぎ ［パン類］ ナン,257.0,10.3,3.4,47.6,層1台帳
ライ麦パン,01032,こむぎ ［パン類］ ライ麦パン,252.0,8.4,2.2,52.7,層1台帳
八宝菜,18048,中国料理 菜類 八宝菜,64.0,5.8,3.2,3.8,層1台帳
がんもどきの煮物,04041,だいず ［豆腐・油揚げ類］ がんもどき,223.0,15.3,17.8,1.6,層1台帳
卵白,12014,鶏卵 卵白 生,44.0,10.1,0.0,0.5,層1台帳
鶏もも(皮なし),11224,＜鳥肉類＞ にわとり ［若どり・主品目］ もも 皮なし 生,113.0,19.0,5.0,0.0,層1台帳
鶏もも(皮つき),11221,＜鳥肉類＞ にわとり ［若どり・主品目］ もも 皮つき 生,190.0,16.6,14.2,0.0,層1台帳
豚バラ,11129,＜畜肉類＞ ぶた ［大型種肉］ ばら 脂身つき 生,366.0,14.4,35.4,0.1,層1台帳
豚ロース,11123,＜畜肉類＞ ぶた ［大型種肉］ ロース 脂身つき 生,248.0,19.3,19.2,0.2,層1台帳
牛肩ロース,11034,＜畜肉類＞ うし ［乳用肥育牛肉］ かたロース 脂身つき 生,295.0,16.2,26.4,0.2,層1台帳
きゅうり,06065,きゅうり 果実 生,13.0,1.0,0.1,3.0,層1台帳
レタス,06312,（レタス類） レタス 土耕栽培 結球葉 生,11.0,0.6,0.1,2.8,層1台帳
大根,06134,（だいこん類） だいこん 根 皮なし 生,15.0,0.4,0.1,4.1,層1台帳
白菜,06233,はくさい 結球葉 生,13.0,0.8,0.1,3.2,層1台帳
もやし,06291,（もやし類） りょくとうもやし 生,15.0,1.8,0.1,2.4,層1台帳
かぼちゃ,06048,（かぼちゃ類） 西洋かぼちゃ 果実 生,78.0,1.9,0.3,20.6,層1台帳
れんこん,06317,れんこん 根茎 生,66.0,1.9,0.1,15.5,層1台帳
おからパウダー,04089,だいず ［その他］ おから 乾燥,333.0,23.1,13.6,52.3,層1台帳
冷凍フルーツミックス,07124,ブルーベリー 生,48.0,0.5,0.1,12.9,層1台帳
甘栗,05013,（くり類） 中国ぐり 甘ぐり,207.0,4.9,0.9,48.5,層1台帳
トマトジュース(無塩),06186,（トマト類） 加工品 ミックスジュース 食塩添加,18.0,0.6,0.0,4.3,層1台帳
ヨーグルト(低脂肪無糖),13053,＜牛乳及び乳製品＞ （発酵乳・乳酸菌飲料） ヨーグルト 低脂肪無糖,40.0,3.7,1.0,5.2,層1台帳
鶏むね(皮つき),11219,＜鳥肉類＞ にわとり ［若どり・主品目］ むね 皮つき 生,133.0,21.3,5.9,0.1,層1台帳
充填豆腐(3連),04035,だいず ［豆腐・油揚げ類］ 充てん豆腐,56.0,5.0,3.1,2.5,層1台帳
カシューナッツ,05005,カシューナッツ フライ 味付け,591.0,19.8,47.6,26.7,層1台帳
ゆであずき(あんこ),04002,あずき 全粒 ゆで,124.0,8.6,0.8,25.6,層1台帳
紫芋(冷),02049,＜いも類＞ （さつまいも類） むらさきいも 塊根 皮なし 蒸し,122.0,1.2,0.3,31.4,層1台帳
マカダミアナッツ,05031,マカダミアナッツ いり 味付け,751.0,8.3,76.7,12.2,層1台帳
えごま油,14024,（植物油脂類） えごま油,897.0,0.0,100.0,0.0,層1台帳
アマニ油,14023,（植物油脂類） あまに油,897.0,0.0,100.0,0.0,層1台帳
テンペ,04063,だいず ［その他］ テンペ,180.0,15.8,9.0,15.4,層1台帳
ラム肉,11203,＜畜肉類＞ めんよう ［ラム］ もも 脂身つき 生,164.0,20.0,12.0,0.3,層1台帳
蒸しじゃがいも(冷),02018,＜いも類＞ じゃがいも 塊茎 皮なし 蒸し,76.0,1.9,0.3,18.1,層1台帳
オクラ,06032,オクラ 果実 生,26.0,2.1,0.2,6.6,層1台帳
ズッキーニ,06116,ズッキーニ 果実 生,16.0,1.3,0.1,2.8,層1台帳
アスパラガス,06007,アスパラガス 若茎 生,21.0,2.6,0.2,3.9,層1台帳
カリフラワー,06054,カリフラワー 花序 生,28.0,3.0,0.1,5.2,層1台帳
水菜,06072,みずな 葉 生,23.0,2.2,0.1,4.8,層1台帳
チンゲン菜,06160,チンゲンサイ 葉 生,9.0,0.6,0.1,2.0,層1台帳
ニラ,06207,（にら類） にら 葉 生,18.0,1.7,0.3,4.0,層1台帳
ゴーヤ,06205,にがうり 果実 生,15.0,1.0,0.1,3.9,層1台帳
とうもろこし,06176,（とうもろこし類） スイートコーン 未熟種子 ゆで,95.0,3.5,1.7,18.6,層1台帳
さやいんげん,06010,いんげんまめ さやいんげん 若ざや 生,23.0,1.8,0.1,5.1,層1台帳
ミニトマト,06183,（トマト類） 赤色ミニトマト 果実 生,30.0,1.1,0.1,7.2,層1台帳
セロリ,06119,セロリ 葉柄 生,12.0,0.4,0.1,3.6,層1台帳
かぶ,06036,かぶ 根 皮つき 生,18.0,0.7,0.1,4.6,層1台帳
春菊,06099,しゅんぎく 葉 生,20.0,2.3,0.3,3.9,層1台帳
しいたけ(生),08039,しいたけ 生しいたけ 菌床栽培 生,25.0,3.1,0.3,6.4,層1台帳
エリンギ,08025,（ひらたけ類） エリンギ 生,31.0,2.8,0.4,6.0,層1台帳
なめこ,08020,なめこ 株採り 生,21.0,1.8,0.2,5.4,層1台帳
豚こま切れ,11130,＜畜肉類＞ ぶた ［大型種肉］ もも 脂身つき 生,171.0,20.5,10.2,0.2,層1台帳
牛切り落とし,11030,＜畜肉類＞ うし ［乳用肥育牛肉］ かた 脂身つき 生,231.0,17.1,19.8,0.3,層1台帳
ビーフカレー,18001,洋風料理 カレー類 ビーフカレー,119.0,2.4,9.0,8.1,層1台帳
目玉焼き,12021,鶏卵 全卵 目玉焼き,205.0,14.8,17.6,0.3,層1台帳
エビグラタン,18003,洋風料理 その他 えびグラタン,128.0,5.5,6.9,12.1,層1台帳
フランクフルト,11189,＜畜肉類＞ ぶた ［ソーセージ類］ フランクフルトソーセージ,295.0,12.7,24.7,6.2,層1台帳
砂肝,11233,＜鳥肉類＞ にわとり ［副品目］ すなぎも 生,86.0,18.3,1.8,0.0,層2裏方
一味唐辛子,17073,＜香辛料類＞ とうがらし 粉,412.0,16.2,9.7,66.8,層2裏方
卵,12004,鶏卵 全卵 生,142.0,12.2,10.2,0.4,層3基礎
たまねぎ,06153,（たまねぎ類） たまねぎ りん茎 生,33.0,1.0,0.1,8.4,層3基礎
にんじん,06214,（にんじん類） にんじん 根 皮なし 生,32.0,0.7,0.2,8.8,層3基礎
キャベツ(生),06061,（キャベツ類） キャベツ 結球葉 生,23.0,1.2,0.1,5.2,層3基礎
ほうれん草(生),06267,ほうれんそう 葉 通年平均 生,18.0,2.2,0.4,3.1,層3基礎
小松菜(生),06086,こまつな 葉 生,13.0,1.5,0.2,2.4,層3基礎
ブロッコリー(生),06263,ブロッコリー 花序 生,37.0,5.4,0.6,6.6,層3基礎
じゃがいも(生),02017,＜いも類＞ じゃがいも 塊茎 皮なし 生,59.0,1.8,0.1,17.3,層3基礎
なす,06191,（なす類） なす 果実 生,18.0,1.1,0.1,5.1,層3基礎
トマト,06182,（トマト類） 赤色トマト 果実 生,20.0,0.7,0.1,4.7,層3基礎
ぶなしめじ,08016,（しめじ類） ぶなしめじ 生,26.0,2.7,0.5,4.8,層3基礎
えのき,08001,えのきたけ 生,34.0,2.7,0.2,7.6,層3基礎
まいたけ,08028,まいたけ 生,22.0,2.0,0.5,4.4,層3基礎
長いも,02023,＜いも類＞ （やまのいも類） ながいも ながいも 塊根 生,64.0,2.2,0.3,13.9,層3基礎
さつまいも(生),02006,＜いも類＞ （さつまいも類） さつまいも 塊根 皮なし 生,126.0,1.2,0.2,31.9,層3基礎
大豆もやし,06287,（もやし類） だいずもやし 生,29.0,3.6,1.4,2.5,層3基礎
ごぼう,06084,（ごぼう類） ごぼう 根 生,58.0,1.8,0.1,15.4,層3基礎
鶏むね(皮なし・生),11220,＜鳥肉類＞ にわとり ［若どり・主品目］ むね 皮なし 生,105.0,23.3,1.9,0.1,層3基礎
鶏むね(皮つき・若),11219,＜鳥肉類＞ にわとり ［若どり・主品目］ むね 皮つき 生,133.0,21.3,5.9,0.1,層3基礎
鶏もも(皮つき・若),11221,＜鳥肉類＞ にわとり ［若どり・主品目］ もも 皮つき 生,190.0,16.6,14.2,0.0,層3基礎
ささみ(生),11227,＜鳥肉類＞ にわとり ［若どり・副品目］ ささみ 生,98.0,23.9,0.8,0.1,層3基礎
豚もも(生),11130,＜畜肉類＞ ぶた ［大型種肉］ もも 脂身つき 生,171.0,20.5,10.2,0.2,層3基礎
牛もも(生),11047,＜畜肉類＞ うし ［乳用肥育牛肉］ もも 脂身つき 生,196.0,19.5,13.3,0.4,層3基礎
鮭(生),10134,＜魚類＞ （さけ・ます類） しろさけ 生,124.0,22.3,4.1,0.1,層3基礎
さば(生),10154,＜魚類＞ （さば類） まさば 生,211.0,20.6,16.8,0.3,層3基礎
ぶり(生),10241,＜魚類＞ ぶり 成魚 生,222.0,21.4,17.6,0.3,層3基礎
たら(生),10205,＜魚類＞ （たら類） まだら 生,72.0,17.6,0.2,0.1,層3基礎
あさり(生),10281,＜貝類＞ あさり 生,29.0,5.7,0.7,0.4,層3基礎
納豆(材料),04046,だいず ［納豆類］ 糸引き納豆,184.0,16.5,10.0,12.1,層3基礎
オートミール(材料),01004,えんばく オートミール,350.0,13.7,5.7,69.1,層3基礎
バナナ(材料),07107,バナナ 生,93.0,1.1,0.2,22.5,層3基礎
アボカド(材料),07006,アボカド 生,176.0,2.1,17.5,7.9,層3基礎
梅干し(塩漬),07022,うめ 梅干し 塩漬,29.0,0.9,0.7,8.6,層3基礎
高野豆腐(乾),04042,だいず ［豆腐・油揚げ類］ 凍り豆腐 乾,496.0,50.5,34.1,4.2,層3基礎
マカロニ(ゆで),01064,こむぎ ［マカロニ・スパゲッティ類］ マカロニ・スパゲッティ ゆで,150.0,5.8,0.9,32.2,層3基礎
から揚げ(鶏もも),11289,＜鳥肉類＞ にわとり ［若どり・主品目］ もも 皮つき から揚げ,307.0,24.2,18.1,13.3,層2裏方
鶏皮(もも),11235,＜鳥肉類＞ にわとり ［副品目］ 皮 もも 生,474.0,6.6,51.6,0.0,層2裏方
さば缶(水煮),10164,＜魚類＞ （さば類） 缶詰 水煮,174.0,20.9,10.7,0.2,層2裏方
銀鮭(生),10130,＜魚類＞ （さけ・ます類） ぎんざけ 養殖 生,188.0,19.6,12.8,0.3,層2裏方
あじ開き干し,10006,＜魚類＞ （あじ類） まあじ 開き干し 生,150.0,20.2,8.8,0.1,層2裏方
ほっけ開き干し,10248,＜魚類＞ ほっけ 開き干し 生,161.0,20.6,9.4,0.1,層2裏方
さんま(生),10173,＜魚類＞ さんま 皮つき 生,287.0,18.1,25.6,0.1,層2裏方
いわし(生),10047,＜魚類＞ （いわし類） まいわし 生,156.0,19.2,9.2,0.2,層2裏方
かれい(生),10100,＜魚類＞ （かれい類） まがれい 生,89.0,19.6,1.3,0.1,層2裏方
きんめだい(生),10116,＜魚類＞ きんめだい 生,147.0,17.8,9.0,0.1,層2裏方
さといも(生),02010,＜いも類＞ （さといも類） さといも 球茎 生,53.0,1.5,0.1,13.1,層2裏方
牛サーロイン(脂身つき),11043,＜畜肉類＞ うし ［乳用肥育牛肉］ サーロイン 脂身つき 生,313.0,16.5,27.9,0.4,層2裏方
牛ヒレ(赤肉),11059,＜畜肉類＞ うし ［乳用肥育牛肉］ ヒレ 赤肉 生,177.0,20.8,11.2,0.5,層2裏方
牛ばら,11046,＜畜肉類＞ うし ［乳用肥育牛肉］ ばら 脂身つき 生,381.0,12.8,39.4,0.3,層2裏方
牛タン,11090,＜畜肉類＞ うし ［副生物］ 舌 生,318.0,13.3,31.8,0.2,層2裏方
牛ハラミ,11274,＜畜肉類＞ うし ［副生物］ 横隔膜 生,288.0,14.8,27.3,0.3,層2裏方
牛すじ(ゆで),11101,＜畜肉類＞ うし ［副生物］ 腱 ゆで,157.0,31.0,5.1,0.0,層2裏方
塩昆布,09022,（こんぶ類） 塩昆布,193.0,16.9,0.4,37.0,層2裏方
米こうじ,01116,こめ ［うるち米製品］ 米こうじ,260.0,5.8,1.7,59.2,層2裏方
プロテイン(WPC),(手動),ホエイプロテイン標準品(のり監修値より換算),390,73.0,5.0,10.0,手動
キヌア(炊),(手動),キヌア玄穀01167の炊飯換算(×0.385),140,5.2,1.2,26.6,手動
