品名,材料合計g,kcal,P,F,C
雑穀米 茶碗1杯,150,233,3.8,0.6,55.4
雑炊 1杯,310,233,7.0,2.9,46.3
おにぎり(鮭) 1個,112,185,5.4,0.8,39.4
おにぎり(ツナマヨ) 1個,114,223,4.5,5.5,39.6
おにぎり(梅) 1個,113,181,2.9,0.4,42.1
おにぎり(昆布) 1個,108,182,3.2,0.4,42.1
おにぎり(明太子) 1個,110,182,4.8,0.6,39.7
おにぎり(おかか) 1個,104,178,4.4,0.4,39.6
総菜パン(焼きそばパン) 1個,125,311,9.0,9.4,51.4
サンドイッチ(ハムレタス) 1人前,137,348,12.0,15.9,42.9
サンドイッチ(たまご) 1人前,141,348,13.2,15.4,43.2
ホットドッグ 1個,120,317,10.7,18.6,29.6
フレンチトースト 1枚,123,238,8.4,10.0,30.9
たこ焼き 6個,127,195,10.9,5.2,26.6
ピザ(マルゲリータ) 1切れ,86,217,8.1,8.6,28.1
ピザトースト 1枚,129,273,12.0,10.9,33.9
卵かけごはん 1杯,210,316,10.8,6.1,56.3
お茶漬け 1杯,236,251,5.1,0.7,58.0
カレーライス 1人前,404,592,16.5,17.4,101.3
カレー(ルーのみ) 1人前,240,316,13.9,18.8,30.2
キーマカレー 1人前,395,657,21.2,27.5,89.6
バターチキンカレー 1人前,378,617,20.1,25.2,84.7
スープカレー 1人前,395,517,20.6,17.7,78.6
ハヤシライス 1人前,359,634,17.4,24.8,92.1
牛丼 並盛1杯,370,589,18.9,14.6,100.4
牛丼(具のみ) 1人前,133,219,13.0,13.9,12.0
親子丼 1杯,400,536,19.4,9.0,98.0
カツ丼 1杯,415,842,31.7,37.1,103.5
豚丼 1杯,358,670,17.2,25.9,97.4
天丼 1杯,383,672,24.1,17.2,111.0
海鮮丼 1杯,348,535,28.5,8.4,90.4
鉄火丼 1杯,330,480,28.1,2.1,90.9
ねぎとろ丼 1杯,333,519,25.5,7.7,90.9
うな丼 1杯,352,675,29.4,21.7,95.6
中華丼 1杯,420,490,16.4,6.5,95.9
麻婆丼 1杯,420,562,20.0,13.0,95.9
ロコモコ丼 1人前,435,700,27.8,22.6,102.9
タコライス 1人前,396,617,21.6,17.9,97.9
ガパオライス 1人前,455,694,29.3,24.3,97.2
オムライス 1人前,412,666,24.7,27.0,85.4
チキンライス 1人前,301,469,12.4,11.2,83.6
ドリア 1人前,355,532,15.2,19.0,78.5
リゾット 1人前,274,413,11.1,15.2,62.6
ビビンバ 1人前,460,711,24.5,26.5,101.9
ルーロー飯 1杯,400,779,25.1,34.3,97.9
寿司(にぎり10貫) 1人前,334,511,29.4,10.4,79.3
いなり寿司 1個,61,133,4.6,5.3,17.8
巻き寿司(太巻き) 1切れ,48,71,3.0,0.7,14.4
ちらし寿司 1人前,343,514,24.5,8.1,90.6
天津飯 1杯,444,645,21.6,19.2,99.6
かけうどん 1杯,435,308,10.4,0.9,67.5
きつねうどん 1杯,468,421,16.6,9.5,71.9
肉うどん 1杯,507,443,19.4,10.8,72.2
天ぷらうどん 1杯,475,386,18.4,5.0,70.1
カレーうどん 1杯,474,516,15.3,18.4,78.3
焼きうどん 1人前,378,461,13.8,21.2,58.9
ざるそば 1人前,292,371,13.9,2.8,74.0
かけそば 1杯,445,419,16.5,2.6,83.7
月見そば 1杯,500,497,23.2,8.2,83.9
天ぷらそば 1杯,485,497,24.5,6.7,86.3
鴨南蛮そば 1杯,530,543,26.9,11.1,85.8
山かけそば 1杯,491,452,17.6,2.9,90.6
そうめん 1人前,270,299,9.6,1.0,67.1
醤油ラーメン 1杯,576,514,22.3,18.9,70.3
味噌ラーメン 1杯,593,484,21.6,13.7,76.6
塩ラーメン 1杯,569,478,20.6,16.1,69.2
とんこつラーメン 1杯,568,567,21.9,25.6,69.1
つけ麺 1人前,599,731,28.7,24.5,108.3
担々麺 1杯,583,636,27.1,29.2,75.6
冷やし中華 1人前,394,474,20.3,8.5,85.0
焼きそば 1人前,327,530,16.4,23.4,73.2
あんかけ焼きそば 1人前,378,474,19.9,17.3,68.1
ちゃんぽん 1杯,640,513,25.3,16.6,73.0
沖縄そば 1杯,559,522,22.3,19.7,69.7
ミートソーススパゲッティ 1人前,356,495,19.0,12.4,84.0
ナポリタン 1人前,345,565,18.2,19.9,86.2
カルボナーラ 1人前,330,622,27.8,27.4,73.3
ペペロンチーノ 1人前,252,475,15.6,16.2,72.9
たらこスパゲッティ 1人前,266,470,20.5,14.5,71.4
和風きのこパスタ 1人前,324,468,17.7,13.9,75.8
トマトソースパスタ 1人前,336,454,13.9,12.2,78.5
ジェノベーゼ 1人前,268,597,18.7,28.6,72.9
ラザニア 1人前,303,403,16.8,14.7,55.2
グラタン(マカロニ) 1人前,297,428,17.1,20.7,47.1
ビーフン(焼き) 1人前,198,391,8.9,16.3,54.0
フォー 1杯,436,324,18.1,3.0,57.6
パッタイ 1人前,209,468,16.9,16.4,65.2
冷麺(盛岡風) 1人前,478,401,17.8,4.7,78.2
皿うどん 1人前,325,459,16.8,23.0,53.1
味噌汁(豆腐・わかめ) 1杯,196,38,3.2,1.4,4.0
味噌汁(なめこ) 1杯,195,30,2.5,0.7,4.3
けんちん汁 1杯,274,69,3.4,4.5,5.0
すまし汁 1杯,181,11,1.4,0.0,1.3
あら汁 1杯,277,119,11.0,7.8,4.0
ミネストローネ 1杯,242,81,4.2,4.4,7.8
クラムチャウダー 1杯,212,169,7.6,10.2,15.2
オニオンスープ 1杯,206,64,2.6,4.2,5.3
わかめスープ 1杯,177,39,2.0,3.3,0.9
卵スープ 1杯,192,56,4.7,3.2,2.1
参鶏湯風スープ 1人前,361,195,17.6,11.3,8.9
寄せ鍋 1人前,443,198,19.1,9.3,10.9
水炊き 1人前,460,197,16.1,12.0,7.9
しゃぶしゃぶ(豚) 1人前,355,299,20.1,19.9,11.4
すき焼き 1人前,353,462,26.4,29.4,24.0
キムチ鍋 1人前,408,285,15.9,21.7,10.2
スンドゥブチゲ 1人前,383,240,15.6,17.8,6.9
もつ鍋 1人前,362,246,14.1,19.0,7.1
おでん(定番5品) 1人前,405,281,14.0,6.2,46.1
湯どうふ鍋(1人鍋) 1人前,376,132,12.1,7.4,6.0
鶏の唐揚げ 1個,30,92,7.3,5.4,4.0
鶏の照り焼き 1人前,119,250,17.2,17.2,6.7
焼き鳥(もも・タレ) 1本,45,81,6.5,5.4,2.0
焼き鳥(もも・塩) 1本,44,84,7.3,6.2,0.0
焼き鳥(ねぎま) 1本,46,65,5.0,4.0,2.7
焼き鳥(皮) 1本,32,138,2.0,14.4,1.1
焼き鳥(ささみ) 1本,40,39,9.6,0.3,0.0
焼き鳥(つくね) 1本,47,76,6.4,4.2,3.7
焼き鳥(砂肝) 1本,35,30,6.4,0.6,0.0
チキンステーキ 1枚,192,393,30.4,30.6,0.9
グリルチキン(むね) 1枚,148,233,30.1,13.3,0.4
チキン南蛮 1人前,182,521,21.1,44.1,13.4
鶏むねの塩麹焼き 1人前,142,193,30.8,6.6,4.9
蒸し鶏(よだれ鶏) 1人前,145,194,28.9,7.8,3.7
棒々鶏 1人前,150,161,27.0,4.4,5.2
豚の生姜焼き 1人前,155,345,22.1,25.2,7.4
豚しゃぶ(冷しゃぶ) 1人前,150,296,20.7,21.5,5.9
豚の角煮 1人前,141,462,16.7,38.9,11.8
豚キムチ炒め 1人前,183,398,15.1,37.0,4.7
回鍋肉 1人前,199,401,13.9,35.4,10.1
豚バラ焼き(サムギョプサル) 1人前,150,485,18.1,45.8,3.7
チーズハンバーグ 1個,170,338,22.7,21.4,15.9
ビーフステーキ(サーロイン) 1枚,199,634,31.7,57.0,1.2
ビーフステーキ(赤身・ヒレ) 1枚,152,294,30.4,20.2,1.0
焼肉(カルビ) 1人前,100,348,11.5,33.8,5.1
焼肉(ロース) 1人前,100,275,14.4,22.8,5.0
焼肉(ハラミ) 1人前,100,269,13.2,23.5,5.1
焼肉(タン) 1人前,78,250,9.3,25.3,0.6
牛すじ煮込み 1人前,150,174,26.6,4.8,9.3
青椒肉絲 1人前,174,235,16.8,15.3,9.4
ロールキャベツ 1個,121,127,9.0,7.6,8.2
麻婆茄子 1人前,201,240,9.6,18.8,12.2
ジンギスカン 1人前,160,200,21.3,12.4,7.7
鶏レバー煮 1人前,84,97,13.6,2.2,6.2
レバニラ炒め 1人前,168,163,17.0,8.6,6.2
もつ煮込み 1人前,160,244,13.4,19.3,6.9
チキンカツ 1枚,129,295,23.9,18.0,11.4
串カツ(豚) 1本,40,116,5.2,8.5,5.4
小籠包 1個,28,67,3.8,3.4,6.0
麻婆春雨 1人前,156,244,8.3,11.3,29.3
鮭の塩焼き 1切れ,80,99,17.8,3.3,0.1
銀鮭の塩焼き 1切れ,80,150,15.7,10.2,0.2
サバの塩焼き 1切れ,90,190,18.5,15.1,0.3
アジの開き 1枚,90,135,18.2,7.9,0.1
ホッケの開き 半身,150,242,30.9,14.1,0.2
サンマの塩焼き 1尾,100,287,18.1,25.6,0.1
イワシの塩焼き 1尾,60,94,11.5,5.5,0.1
ぶり大根 1人前,224,234,16.4,12.4,17.1
カレイの煮付け 1切れ,124,132,20.3,1.3,8.2
金目鯛の煮付け 1切れ,124,195,18.4,9.0,9.5
タラの塩焼き 1切れ,80,58,14.1,0.2,0.1
ムニエル(タラ・鮭) 1切れ,106,186,20.5,10.3,4.2
アクアパッツァ 1人前,183,186,16.9,10.5,3.6
天ぷら盛り合わせ 1人前,138,350,14.0,24.5,21.5
エビチリ 1人前,175,183,20.4,7.4,10.1
エビマヨ 1人前,139,334,20.1,26.1,8.0
刺身盛り合わせ 1人前,120,195,25.8,11.0,0.6
あさりの酒蒸し 1人前,121,67,5.8,3.1,1.4
野菜炒め 1人前,182,196,5.8,17.0,7.0
もやし炒め 1人前,143,96,2.8,8.1,3.8
小松菜のおひたし 小鉢1,64,12,1.5,0.1,1.7
ほうれん草の胡麻和え 小鉢1,64,44,2.3,2.4,4.7
かぼちゃの煮物 小鉢1,98,97,2.0,0.3,24.2
里芋の煮物 小鉢1,97,72,1.7,0.1,16.8
なすの煮浸し 小鉢1,84,65,1.1,5.1,5.2
なすの味噌炒め 1人前,115,170,4.1,13.8,9.8
ゴーヤチャンプルー 1人前,180,239,12.5,20.4,3.6
ラタトゥイユ 1人前,165,108,1.8,8.2,8.7
アスパラベーコン 1人前,73,77,4.7,6.0,2.6
オクラのおかか和え 小鉢1,49,17,1.9,0.1,3.2
もろきゅう 1人前,80,30,1.7,0.4,5.9
たたききゅうり 小鉢1,80,48,1.2,3.9,2.7
コールスロー 小鉢1,90,96,1.1,7.7,7.1
ポテトサラダ 小鉢1,101,144,2.9,11.1,12.2
マカロニサラダ 小鉢1,77,173,4.1,12.2,14.3
かぼちゃサラダ 小鉢1,76,140,1.4,9.3,16.0
グリーンサラダ 1皿,85,30,0.8,1.5,3.9
シーザーサラダ 1皿,123,151,8.1,10.7,7.7
海藻サラダ 1皿,60,32,1.1,1.9,3.7
大根サラダ 1皿,78,35,1.3,1.9,3.7
トマトとモッツァレラのカプレーゼ 1人前,110,192,7.8,16.0,4.6
ナムル盛り合わせ 小鉢1,62,67,1.7,6.0,2.7
チョレギサラダ 1皿,84,74,1.2,6.6,3.0
野菜スティック 1人前,105,71,1.7,4.2,8.5
梅きゅうり 小鉢1,60,17,0.6,0.1,4.1
酢の物(わかめ・きゅうり) 小鉢1,52,22,0.7,0.1,4.9
春雨サラダ 小鉢1,61,125,2.9,5.0,17.0
オムレツ(チーズ) 1個,140,248,17.3,19.4,1.5
キッシュ 1切れ,108,288,9.7,22.4,13.9
アヒージョ(エビ・きのこ) 1人前,115,405,9.0,40.4,3.1
フライドチキン 1個,90,245,12.6,19.4,6.1
ハンバーガー 1個,108,239,10.8,9.6,29.1
チーズバーガー 1個,115,276,13.5,12.7,29.2
ミックスフライ盛り合わせ 1人前,180,381,19.9,21.3,31.0
チーズフォンデュ 1人前,155,297,17.2,15.9,23.6
タンドリーチキン 1人前,150,270,22.5,19.2,3.9
チーズタッカルビ 1人前,238,406,25.9,27.4,16.4
トッポギ 1人前,152,296,5.3,3.8,60.9
チヂミ 1枚,197,373,10.8,15.7,48.1
キンパ 1本,227,379,11.5,14.2,54.7
生春巻き 1本,67,84,4.3,0.4,16.4
ケバブ(チキン) 1人前,147,247,16.0,19.3,4.8
スクランブルエッグ 卵2個分,126,204,13.8,16.5,0.9
オムレツ(プレーン) 1個,124,203,13.7,16.4,0.8
茶碗蒸し 1個,150,78,7.2,4.6,2.7
ニラ玉 1人前,151,222,14.2,17.3,2.9
かに玉 1人前,202,288,17.2,19.5,11.1
冷奴 1人前,141,82,8.1,4.6,3.4
湯豆腐 1人前,196,119,11.4,7.4,3.7
揚げ出し豆腐 1人前,165,209,8.3,15.4,10.9
高野豆腐の煮物 1人前,89,112,9.2,5.8,6.6
オートミール米化 1食,30,105,4.1,1.7,20.7
オーバーナイトオーツ 1杯,178,244,9.9,7.0,40.5
オートミール蒸しパン 1個,118,230,11.6,8.3,30.1
プロテインオートミール 1杯,195,317,28.0,8.5,36.4
おから蒸しパン 1個,120,205,12.5,9.7,22.3
鶏ハム 1人前,102,113,23.3,1.9,2.1
鶏むねそぼろ 1人前,79,136,12.6,8.4,3.4
沼 1食,356,449,30.1,3.1,81.8
マグマ 1食,413,454,29.7,3.1,82.2
鶏むね+ブロッコリー+玄米弁当 1食,350,390,38.3,4.4,58.2
脂肪燃焼スープ 1杯,297,64,3.1,0.4,14.3
パワーサラダ 1皿,275,255,24.1,15.8,10.7
サラダボウル(玄米入り) 1皿,295,324,18.7,9.7,46.3
豆腐サラダ 1皿,186,117,8.6,7.2,6.2
温野菜(蒸し野菜) 1皿,150,68,4.6,0.5,15.7
納豆キムチ豆腐 1人前,195,158,14.5,8.7,9.5
塩昆布キャベツ 小鉢1,78,52,1.7,3.1,5.5
酢キャベツ 小鉢1,80,26,0.8,0.1,5.8
無限ピーマン 小鉢1,79,81,3.3,6.4,3.4
ヨーグルトバーク 1人前,100,68,2.7,2.1,10.8
ゆで鶏(鶏しゃぶ) 1人前,150,152,33.0,2.7,0.9
鶏むねのレンジ蒸しポン酢 1人前,160,156,33.2,2.7,1.7
鶏むねピカタ 1人前,148,223,31.5,9.8,4.0
揚げない塩唐揚げ 1人前,121,192,23.5,7.9,7.5
鶏むねナゲット 5個,123,259,22.9,16.6,6.4
ささみの梅しそ焼き 1人前,114,149,24.3,3.9,5.7
ささみチーズ焼き 1人前,127,192,27.9,7.8,4.0
ガーリックチキンステーキ 1人前,165,340,25.6,26.3,1.8
蒸しささみ 2本,83,82,19.1,0.6,0.2
鶏むねの柚子胡椒焼き 1人前,141,176,30.6,6.5,0.7
卵白オムレツ 1人前,128,83,12.3,3.2,0.8
全卵+卵白スクランブル 1人前,138,142,14.1,9.0,1.0
自家製味玉 1個,55,72,6.5,5.2,1.2
エッグマフィン 1個,115,294,16.1,16.9,22.3
サバ缶トマト煮 1人前,218,220,21.0,13.4,6.3
サバ缶キムチ和え 1人前,138,203,20.8,13.2,2.4
ツナ豆腐 1人前,190,115,14.6,5.5,3.4
エビとブロッコリーの炒め 1人前,167,201,18.3,13.5,6.7
しらたき混ぜごはん 茶碗1杯,173,193,3.3,0.4,46.3
カリフラワーライスチャーハン 1人前,245,234,14.8,16.0,10.3
オートミールチャーハン 1人前,132,314,15.7,16.1,30.0
オートミールリゾット 1杯,180,249,13.3,8.8,34.9
ゼンパスタ 1人前,286,78,1.2,5.2,9.9
プロテインスムージー(バナナ) 1杯,280,302,28.0,7.4,32.7
プロテインヨーグルト 1杯,165,142,16.4,5.2,8.9
プロテインコーヒー 1杯,245,106,18.7,1.2,4.0
プロテインアイス(自家製) 1個,100,130,17.0,2.8,9.4
プロテインパンケーキ 1人前,160,327,29.6,8.7,34.7
きのこのソテー 1人前,110,72,2.8,5.3,5.8
しらたき明太パスタ風 1人前,215,101,5.9,7.3,6.5
キャベツの塩だれ和え 小鉢1,86,58,1.2,4.1,5.0
豆腐グラタン 1人前,233,228,15.6,15.2,9.3
キヌアサラダ 1皿,193,253,5.6,14.3,27.9
アボカドトースト 1枚,110,244,5.3,15.3,25.8
テンペ焼き 1人前,100,218,14.5,14.1,14.2
もち麦入り野菜スープ 1杯,292,118,5.7,1.9,22.2
鶏むね+白米セット 1食,350,470,40.0,3.4,74.4
あんこトースト 1枚,90,167,7.9,2.2,32.4
はちみつトースト 1枚,75,247,4.1,9.9,37.3
ピーナッツバタートースト 1枚,77,303,10.6,18.0,28.8
オートミールバナナボウル 1杯,250,327,9.9,6.3,63.1
磯辺餅 2個,110,242,4.9,0.6,54.7
プロテイン牛乳割り 1杯,230,239,28.5,9.1,12.6
鶏もも+白米弁当 1食,396,640,29.0,19.3,92.7
バナナジュース 1杯,250,184,6.0,5.9,29.7
アボカド納豆 1人前,109,193,8.9,15.1,10.8
ブルーベリーヨーグルト 1杯,150,82,4.5,3.6,9.8
りんごヨーグルト 1杯,180,101,4.8,4.1,14.5
納豆ごはん 1杯,197,318,11.3,5.0,61.3
納豆卵かけごはん 1杯,254,398,18.2,10.6,61.6
サバ缶ごはん 1杯,248,402,23.8,10.6,56.1
しらす丼 1杯,178,259,8.6,0.9,56.1
マグロ納豆 1人前,121,167,26.2,5.5,6.0
キムチ奴 1人前,175,112,8.0,7.6,4.9
めかぶ奴 1人前,194,88,8.2,5.2,4.8
はちみつヨーグルト 1杯,120,108,3.8,3.2,17.4
バナナヨーグルト 1杯,198,159,5.1,3.7,28.2
納豆そば 1人前,335,447,21.1,7.1,78.5
オートミール茶漬け 1杯,236,124,5.7,1.9,23.4
サバ缶味噌汁 1杯,247,166,18.7,9.3,3.7
アボカド醤油(刺身風) 1人前,78,133,2.0,12.5,6.8
ツナ玉ねぎサラダ 1人前,119,172,7.2,13.8,6.6
ちくわきゅうり 1人前,80,57,6.9,0.2,7.6
チョコレートケーキ 1切れ,98,371,6.6,21.5,42.6
杏仁豆腐 1個,114,149,4.9,7.7,16.9
かき氷(シロップ) 1杯,33,118,0.0,0.0,29.9
おはぎ 1個,80,164,3.2,0.2,38.4
わらび餅 1人前,44,165,3.0,2.1,34.1
マカロン 1個,20,77,2.0,3.9,9.2
パフェ(いちご・チョコ) 1個,180,438,7.0,23.9,52.5
クレープ(チョコバナナ) 1個,150,363,6.4,19.4,43.1
カフェラテ(ミルク入り) 1杯,200,54,2.9,3.0,4.7
ミルクティー(加糖) 1杯,198,57,1.5,1.5,10.0
レモンサワー 1杯,77,109,0.0,0.0,6.0
アメリカンドッグ 1本,98,268,7.9,13.0,30.9
天かす 大さじ2,10,67,0.4,6.1,3.0
